Unnamed: 0,Age,Gender,Education Level,Job Title,Years of Experience,Salary,Country,Race,Experience_Category,Age_Category,Job_Level
0,32.0,1,0,176,5.0,90000.0,3,9,2,0,0
1,28.0,0,2,18,3.0,65000.0,4,5,2,0,0
2,45.0,1,3,144,15.0,150000.0,1,9,4,2,1
3,36.0,0,0,115,7.0,60000.0,4,5,3,2,0
4,52.0,1,2,26,20.0,200000.0,4,1,4,3,1
5,29.0,1,0,93,2.0,55000.0,4,5,0,0,0
6,42.0,0,2,106,12.0,120000.0,4,1,4,2,1
7,31.0,1,0,118,4.0,80000.0,2,6,2,0,1
8,26.0,0,0,94,1.0,45000.0,2,4,0,0,0
9,38.0,1,3,165,10.0,110000.0,0,2,3,2,1
10,29.0,1,2,175,3.0,75000.0,3,8,2,0,0
11,48.0,0,0,48,18.0,140000.0,3,1,4,3,1
12,35.0,1,0,41,6.0,65000.0,2,6,3,0,0
13,40.0,0,2,109,14.0,130000.0,4,0,4,2,1
14,27.0,1,0,14,2.0,40000.0,1,1,0,0,0
15,44.0,1,0,102,16.0,125000.0,2,4,4,2,1
16,33.0,0,2,96,7.0,90000.0,4,1,3,0,1
17,39.0,1,3,130,12.0,115000.0,3,7,4,2,1
18,25.0,0,0,19,0.0,35000.0,3,1,0,4,0
19,51.0,1,0,116,22.0,180000.0,0,1,1,3,1
20,34.0,0,2,4,5.0,80000.0,2,6,2,0,0
21,47.0,1,2,190,19.0,190000.0,3,9,4,3,0
22,30.0,1,0,53,2.0,50000.0,3,1,0,0,0
23,36.0,0,0,112,9.0,60000.0,2,9,3,2,0
24,41.0,1,2,42,13.0,140000.0,4,0,4,2,1
25,28.0,0,0,174,3.0,45000.0,1,9,2,0,0
26,37.0,0,2,178,11.0,110000.0,0,1,4,2,1
27,24.0,1,0,66,1.0,40000.0,0,1,0,4,0
28,43.0,0,3,126,15.0,140000.0,1,3,4,2,1
29,33.0,1,2,105,6.0,90000.0,2,6,3,0,0
30,50.0,1,0,7,25.0,250000.0,1,1,1,3,0
31,31.0,0,0,1,4.0,55000.0,3,9,2,0,0
32,29.0,1,2,20,3.0,75000.0,4,5,2,0,0
33,39.0,0,0,97,10.0,65000.0,1,9,3,2,0
34,46.0,1,3,144,20.0,170000.0,4,5,4,3,1
35,27.0,1,0,185,2.0,45000.0,0,1,0,0,0
36,35.0,0,0,47,7.0,60000.0,3,9,3,0,0
37,42.0,1,2,108,14.0,115000.0,2,9,4,2,0
38,26.0,0,0,17,1.0,40000.0,1,1,0,0,0
39,49.0,1,0,117,21.0,160000.0,2,9,1,3,0
40,34.0,0,2,187,5.0,80000.0,3,1,2,0,0
41,48.0,1,2,101,18.0,190000.0,1,3,4,3,1
42,30.0,1,0,98,3.0,60000.0,2,6,2,0,0
43,36.0,0,0,2,8.0,45000.0,3,1,3,2,0
44,41.0,1,2,180,13.0,130000.0,3,1,4,2,0
45,28.0,0,0,11,2.0,40000.0,4,9,0,0,0
46,32.0,1,0,0,5.0,75000.0,0,1,2,0,1
47,45.0,0,2,34,16.0,180000.0,3,8,4,2,1
48,38.0,1,3,165,11.0,120000.0,0,1,4,2,1
49,25.0,1,0,46,0.0,35000.0,4,1,0,4,0
50,51.0,0,0,13,22.0,130000.0,2,6,1,3,1
51,33.0,1,2,6,7.0,85000.0,0,2,3,0,0
52,40.0,0,0,39,12.0,60000.0,2,9,4,2,0
53,47.0,1,2,189,19.0,200000.0,0,1,4,3,0
54,29.0,0,0,45,3.0,50000.0,1,3,2,0,0
55,36.0,1,0,118,9.0,95000.0,2,6,3,2,1
56,27.0,0,2,188,2.0,65000.0,1,9,0,0,0
57,43.0,1,3,130,17.0,140000.0,4,5,4,2,1
58,30.0,0,0,173,4.0,55000.0,1,9,2,0,1
59,35.0,1,2,106,7.0,105000.0,1,1,3,0,1
60,51.0,0,2,35,23.0,170000.0,4,0,1,3,1
61,29.0,1,0,93,3.0,50000.0,2,4,2,0,0
62,40.0,0,0,48,12.0,80000.0,2,6,4,2,1
63,47.0,1,3,129,21.0,180000.0,2,9,1,3,1
64,26.0,1,0,56,1.0,35000.0,0,2,0,0,0
65,38.0,0,2,24,10.0,90000.0,2,6,3,2,1
66,46.0,1,0,52,19.0,120000.0,0,2,4,3,1
67,31.0,0,0,15,5.0,45000.0,1,1,2,0,0
68,34.0,1,2,5,8.0,90000.0,1,1,3,0,1
69,49.0,0,2,132,18.0,150000.0,1,9,4,3,1
70,33.0,1,0,191,6.0,65000.0,4,5,3,0,0
71,39.0,0,0,112,11.0,70000.0,4,1,4,2,0
72,45.0,1,3,113,16.0,190000.0,3,7,4,2,1
73,28.0,1,0,184,2.0,40000.0,2,6,0,0,0
74,42.0,0,2,12,14.0,120000.0,1,3,4,2,1
75,37.0,1,0,109,10.0,95000.0,4,1,3,2,1
76,50.0,0,0,102,22.0,160000.0,4,9,1,3,1
77,32.0,1,2,168,6.0,100000.0,4,0,3,0,1
78,48.0,0,2,50,20.0,180000.0,1,3,4,3,1
79,30.0,0,0,10,3.0,55000.0,0,9,2,0,1
80,36.0,1,0,183,8.0,70000.0,3,1,3,2,0
81,41.0,0,2,18,13.0,80000.0,4,9,4,2,0
82,25.0,1,0,120,0.0,30000.0,0,1,0,4,0
83,52.0,1,3,9,24.0,250000.0,1,3,1,3,0
84,29.0,0,0,65,2.0,40000.0,0,1,0,0,0
85,34.0,0,2,40,10.0,95000.0,3,9,3,0,0
86,27.0,1,0,55,2.0,45000.0,1,9,0,0,1
87,40.0,0,0,47,15.0,80000.0,4,5,4,2,0
88,46.0,1,2,159,21.0,135000.0,1,1,1,3,1
89,31.0,0,0,94,6.0,55000.0,0,1,3,0,0
90,36.0,1,3,104,11.0,120000.0,3,7,4,2,1
91,29.0,0,0,115,3.0,40000.0,2,9,2,0,0
92,43.0,1,0,182,18.0,105000.0,3,8,4,2,1
93,52.0,0,2,148,25.0,170000.0,2,4,1,3,1
94,33.0,1,0,4,7.0,75000.0,0,2,3,0,0
95,39.0,0,0,186,12.0,65000.0,4,0,4,2,0
96,47.0,1,3,114,22.0,160000.0,0,1,1,3,0
97,26.0,1,0,86,1.0,35000.0,2,9,0,0,0
98,38.0,0,2,110,10.0,90000.0,3,1,3,2,1
99,45.0,1,0,100,20.0,110000.0,2,4,4,2,0
100,31.0,0,0,39,5.0,45000.0,0,1,2,0,0
101,35.0,1,2,107,8.0,95000.0,2,9,3,0,1
102,49.0,0,2,136,19.0,150000.0,0,9,4,3,1
103,33.0,1,0,90,5.0,50000.0,1,1,2,0,0
104,39.0,0,2,157,13.0,80000.0,3,8,4,2,1
105,44.0,1,3,8,16.0,220000.0,4,0,4,2,0
106,30.0,0,0,23,3.0,50000.0,3,9,2,0,0
107,36.0,1,0,54,7.0,60000.0,4,1,3,2,0
108,41.0,0,2,145,14.0,100000.0,4,9,4,2,1
109,28.0,1,0,16,2.0,40000.0,4,5,0,0,1
110,42.0,0,2,134,15.0,110000.0,4,1,4,2,1
111,37.0,1,0,179,9.0,95000.0,3,9,3,2,1
112,50.0,0,0,181,22.0,130000.0,3,8,1,3,0
113,32.0,1,2,124,6.0,90000.0,4,1,3,0,1
114,23.0,0,0,71,0.5,35000.0,4,9,0,4,0
115,31.0,1,2,132,6.0,95000.0,0,1,3,0,1
116,40.0,0,0,99,15.0,65000.0,4,9,4,2,1
117,48.0,1,3,103,20.0,170000.0,4,5,4,3,1
118,29.0,0,0,70,3.0,45000.0,0,2,2,0,0
119,35.0,1,2,155,10.0,120000.0,1,9,3,0,1
120,42.0,0,0,118,17.0,100000.0,2,6,4,2,1
121,53.0,1,2,34,25.0,180000.0,3,7,1,3,1
122,33.0,0,0,75,5.0,50000.0,0,2,2,0,0
123,38.0,1,0,13,11.0,80000.0,2,9,4,2,1
124,44.0,0,3,165,16.0,140000.0,3,7,4,2,1
125,26.0,1,0,56,2.0,40000.0,3,9,0,0,0
126,37.0,0,2,135,9.0,95000.0,4,0,3,2,1
127,45.0,1,0,119,18.0,110000.0,3,9,4,2,1
128,32.0,0,0,94,4.0,50000.0,4,9,2,0,0
129,34.0,1,2,167,8.0,105000.0,1,9,3,0,1
130,50.0,0,2,35,21.0,160000.0,3,9,1,3,1
131,29.0,1,0,89,3.0,45000.0,2,9,2,0,0
132,40.0,0,2,169,12.0,100000.0,1,3,4,2,1
133,47.0,1,3,161,22.0,160000.0,4,5,1,3,1
134,27.0,1,0,83,1.0,35000.0,3,7,0,0,0
135,39.0,0,0,2,10.0,55000.0,1,3,3,2,0
136,46.0,1,2,159,19.0,140000.0,1,3,4,3,1
137,30.0,0,0,73,4.0,50000.0,1,9,2,0,1
138,36.0,1,0,63,7.0,60000.0,0,1,3,2,0
139,43.0,0,2,156,14.0,120000.0,0,9,4,2,1
140,28.0,1,0,58,2.0,40000.0,4,9,0,0,0
141,41.0,0,2,148,13.0,110000.0,0,2,4,2,1
142,33.0,1,0,86,5.0,50000.0,4,5,2,0,0
143,47.0,1,0,163,20.0,135000.0,2,9,4,3,1
144,25.0,0,2,74,1.5,40000.0,0,1,0,4,0
145,34.0,1,0,124,8.0,90000.0,0,1,3,0,1
146,42.0,0,3,129,16.0,150000.0,2,4,4,2,1
147,31.0,1,0,79,4.0,60000.0,3,8,2,0,1
148,38.0,0,0,123,10.0,80000.0,4,0,3,2,1
149,45.0,1,2,37,19.0,175000.0,1,3,4,2,1
150,29.0,0,0,80,3.0,45000.0,0,2,2,0,0
151,36.0,1,2,125,11.0,120000.0,1,3,4,2,1
152,43.0,0,3,153,18.0,140000.0,0,1,4,2,1
153,26.0,1,0,62,2.0,35000.0,4,1,0,0,0
154,37.0,0,2,145,9.0,95000.0,1,9,3,2,1
155,44.0,1,0,143,14.0,110000.0,4,0,4,2,1
156,32.0,0,0,68,5.0,50000.0,4,1,2,0,0
157,33.0,1,2,152,7.0,115000.0,2,6,3,0,1
158,51.0,0,3,33,23.0,185000.0,2,4,1,3,1
159,28.0,1,0,87,2.0,40000.0,0,9,0,0,0
160,39.0,0,0,164,12.0,90000.0,4,1,4,2,1
161,48.0,1,2,36,21.0,175000.0,4,1,1,3,1
162,30.0,0,0,61,3.0,45000.0,3,7,2,0,0
163,35.0,1,0,146,7.0,80000.0,2,9,3,0,1
164,41.0,0,2,139,13.0,120000.0,2,6,4,2,1
165,27.0,1,0,59,1.5,35000.0,2,9,0,0,0
166,40.0,0,0,122,14.0,110000.0,0,2,4,2,1
167,46.0,1,3,162,18.0,150000.0,1,3,4,3,1
168,31.0,0,0,69,4.0,50000.0,2,6,2,0,0
169,34.0,1,2,168,9.0,105000.0,2,6,3,0,1
170,50.0,0,2,30,20.0,180000.0,0,2,4,3,1
171,29.0,1,0,72,2.0,40000.0,1,1,0,0,0
172,33.62085944494181,1,0,176,8.094687360095508,115000.0,3,9,3,0,0
173,43.0,1,0,159,16.0,140000.0,3,9,4,2,1
174,26.0,0,2,64,1.5,45000.0,1,1,0,0,0
175,35.0,1,0,150,7.0,85000.0,2,9,3,0,1
176,42.0,0,3,148,18.0,140000.0,3,1,4,2,1
177,31.0,1,0,56,4.0,50000.0,3,8,2,0,0
178,38.0,0,0,138,10.0,80000.0,3,1,3,2,1
179,46.0,1,2,35,20.0,170000.0,4,1,4,3,1
180,29.0,0,0,83,2.0,40000.0,3,8,0,0,0
181,37.0,1,2,124,9.0,105000.0,2,4,3,2,1
182,44.0,0,3,170,15.0,145000.0,4,5,4,2,1
183,27.0,1,0,78,2.0,40000.0,4,5,0,0,1
184,36.0,0,0,149,8.0,85000.0,4,0,3,2,1
185,43.0,1,0,142,14.0,130000.0,2,4,4,2,1
186,33.0,0,2,132,6.0,95000.0,1,9,3,0,1
187,34.0,1,0,160,9.0,100000.0,3,7,3,0,1
188,50.0,0,3,38,22.0,180000.0,2,6,1,3,1
189,28.0,1,0,75,1.5,35000.0,3,8,0,0,0
190,39.0,0,0,121,12.0,95000.0,4,0,4,2,1
191,47.0,1,2,27,19.0,170000.0,0,1,4,3,1
192,30.0,0,0,84,3.0,45000.0,0,2,2,0,1
193,34.0,1,0,155,7.0,95000.0,2,4,3,0,1
194,40.0,0,2,140,13.0,120000.0,3,8,4,2,1
195,28.0,1,0,58,2.0,40000.0,4,0,0,0,0
196,41.0,0,0,146,11.0,90000.0,1,1,4,2,1
197,45.0,1,3,127,17.0,155000.0,3,1,4,2,1
198,32.0,0,0,55,5.0,55000.0,0,1,2,0,1
199,35.0,1,2,167,9.0,110000.0,1,1,3,0,1
200,49.0,0,2,32,21.0,180000.0,3,7,1,3,1
201,30.0,1,0,57,3.0,45000.0,3,9,2,0,0
202,44.0,1,0,163,16.0,130000.0,4,1,4,2,1
203,27.0,0,2,88,1.5,45000.0,4,5,0,0,0
204,36.0,1,0,123,7.0,90000.0,1,9,3,2,1
205,41.0,0,3,147,17.0,160000.0,3,7,4,2,1
206,31.0,1,0,70,4.0,50000.0,2,4,2,0,0
207,39.0,0,0,152,10.0,120000.0,0,1,3,2,1
208,47.0,1,2,30,20.0,170000.0,0,2,4,3,1
209,30.0,0,0,72,2.0,40000.0,2,6,0,0,0
210,38.0,1,2,141,9.0,110000.0,2,9,3,2,1
211,45.0,0,3,153,15.0,150000.0,2,4,4,2,1
212,28.0,1,0,59,2.0,40000.0,4,1,0,0,0
213,35.0,0,0,145,8.0,85000.0,4,9,3,0,1
214,44.0,1,0,168,14.0,130000.0,2,4,4,2,1
215,34.0,0,2,131,6.0,100000.0,3,8,3,0,1
216,35.0,1,0,157,9.0,95000.0,1,9,3,0,1
217,50.0,0,3,35,22.0,180000.0,0,2,1,3,1
218,29.0,1,0,60,1.5,35000.0,3,1,0,0,0
219,40.0,0,0,164,12.0,100000.0,2,4,4,2,1
220,48.0,1,2,34,19.0,170000.0,4,5,4,3,1
221,31.0,0,0,85,3.0,45000.0,3,8,2,0,0
222,33.0,1,0,154,7.0,100000.0,4,5,3,0,1
223,42.0,0,2,139,13.0,140000.0,2,9,4,2,1
224,28.0,1,0,68,2.0,40000.0,0,2,0,0,0
225,40.0,0,0,148,11.0,105000.0,3,9,4,2,1
226,46.0,1,3,129,18.0,160000.0,1,9,4,3,1
227,33.0,0,0,77,5.0,70000.0,0,1,2,0,1
228,37.0,1,2,166,9.0,120000.0,0,2,3,2,1
229,51.0,0,2,33,21.0,190000.0,4,5,1,3,1
230,30.0,1,0,74,3.0,45000.0,1,3,2,0,0
231,43.0,1,0,159,15.0,120000.0,1,1,4,2,1
232,27.0,0,2,81,1.5,50000.0,2,9,0,0,0
233,35.0,1,0,150,8.0,85000.0,1,9,3,0,1
234,42.0,0,3,148,13.0,140000.0,1,9,4,2,1
235,32.0,1,0,83,3.0,45000.0,0,9,2,0,0
236,37.0,0,0,132,9.0,100000.0,3,8,3,2,1
237,45.0,1,2,167,16.0,140000.0,0,1,4,2,1
238,33.0,0,0,75,5.0,70000.0,1,1,2,0,0
239,39.0,1,0,149,10.0,120000.0,1,3,3,2,1
240,44.0,0,3,136,18.0,160000.0,1,9,4,2,1
241,29.0,1,0,58,1.5,40000.0,0,2,0,0,0
242,38.0,0,0,155,10.0,120000.0,2,6,3,2,1
243,46.0,1,3,127,19.0,150000.0,3,1,4,3,1
244,34.0,0,0,71,6.0,70000.0,4,1,3,0,0
245,36.0,1,0,152,8.0,95000.0,4,9,3,2,1
246,49.0,0,2,34,21.0,180000.0,1,9,1,3,1
247,31.0,1,0,68,3.0,50000.0,1,3,2,0,0
248,41.0,0,0,157,11.0,95000.0,4,0,4,2,1
249,47.0,1,2,35,20.0,170000.0,1,9,4,3,1
250,30.0,0,0,72,2.0,40000.0,4,9,0,0,0
251,38.0,1,2,141,9.0,110000.0,0,2,3,2,1
252,45.0,0,3,153,15.0,150000.0,2,6,4,2,1
253,28.0,1,0,59,2.0,40000.0,4,1,0,0,0
254,35.0,0,0,145,8.0,85000.0,1,9,3,0,1
255,44.0,1,0,168,14.0,130000.0,0,2,4,2,1
256,34.0,0,2,131,6.0,100000.0,0,2,3,0,1
257,35.0,1,0,157,9.0,95000.0,3,1,3,0,1
258,50.0,0,3,35,22.0,180000.0,0,9,1,3,1
259,29.0,1,0,60,1.5,350.0,4,5,0,0,0
260,33.62085944494181,1,0,176,8.094687360095508,115000.0,1,9,3,0,0
261,37.0,0,0,133,10.0,120000.0,4,0,3,2,1
262,46.0,1,3,129,18.0,160000.0,2,4,4,3,1
263,31.0,0,0,72,3.0,50000.0,0,9,2,0,0
264,42.0,1,0,152,12.0,110000.0,1,3,4,2,1
265,29.0,0,0,83,1.5,40000.0,4,0,0,0,0
266,36.0,1,0,149,8.0,95000.0,3,9,3,2,1
267,44.0,0,2,137,15.0,140000.0,2,4,4,2,1
268,33.0,1,0,77,4.0,60000.0,2,6,2,0,1
269,39.0,0,0,146,9.0,110000.0,2,9,3,2,1
270,45.0,1,3,128,16.0,150000.0,0,1,4,2,1
271,32.0,0,0,73,4.0,60000.0,3,8,2,0,1
272,37.0,1,0,132,8.0,90000.0,0,2,3,2,1
273,47.0,0,2,34,20.0,180000.0,3,7,4,3,1
274,30.0,1,0,58,2.0,40000.0,0,2,0,0,0
275,38.0,0,0,159,9.0,120000.0,3,1,3,2,1
276,46.0,1,3,127,17.0,160000.0,3,1,4,3,1
277,34.0,0,0,68,5.0,70000.0,3,7,2,0,0
278,36.0,1,0,155,8.0,95000.0,0,1,3,2,1
279,49.0,0,2,35,21.0,180000.0,3,7,1,3,1
280,31.0,1,0,75,3.0,50000.0,4,5,2,0,0
281,41.0,0,0,157,11.0,95000.0,1,3,4,2,1
282,47.0,1,2,34,19.0,170000.0,1,9,4,3,1
283,29.0,0,0,59,1.5,35000.0,0,9,0,0,0
284,35.0,1,0,133,9.0,100000.0,1,9,3,0,1
285,44.0,0,3,153,15.0,150000.0,2,9,4,2,1
286,33.0,1,0,58,4.0,60000.0,1,3,2,0,0
287,35.0,0,0,145,8.0,85000.0,2,4,3,0,1
288,44.0,1,0,168,13.0,130000.0,1,9,4,2,1
289,32.0,1,0,78,4.0,65000.0,2,4,2,0,1
290,38.0,0,0,124,10.0,110000.0,0,1,3,2,1
291,49.0,1,3,35,21.0,180000.0,4,1,1,3,1
292,29.0,0,0,74,2.0,40000.0,0,2,0,0,0
293,35.0,1,0,125,7.0,90000.0,4,5,3,0,1
294,45.0,0,2,136,14.0,140000.0,3,8,4,2,1
295,33.0,1,0,68,4.0,60000.0,2,6,2,0,0
296,40.0,0,0,148,12.0,130000.0,0,1,4,2,1
297,44.0,1,3,129,16.0,160000.0,0,1,4,2,1
298,30.0,0,0,76,2.0,40000.0,0,9,0,0,0
299,37.0,1,0,145,9.0,100000.0,3,7,3,2,1
300,48.0,0,2,31,20.0,180000.0,4,5,4,3,1
301,31.0,1,0,79,3.0,55000.0,1,3,2,0,1
302,38.0,0,0,151,9.0,120000.0,1,1,3,2,1
303,45.0,1,3,128,16.0,150000.0,1,3,4,2,1
304,33.0,0,0,73,5.0,70000.0,3,7,2,0,1
305,36.0,1,0,124,8.0,95000.0,2,4,3,2,1
306,49.0,0,2,34,21.0,180000.0,2,9,1,3,1
307,31.0,1,0,75,3.0,50000.0,1,3,2,0,0
308,42.0,0,0,159,12.0,120000.0,0,9,4,2,1
309,47.0,1,2,34,19.0,170000.0,3,9,4,3,1
310,29.0,0,0,59,1.5,35000.0,0,9,0,0,0
311,35.0,1,0,133,9.0,100000.0,0,1,3,0,1
312,44.0,0,3,153,15.0,150000.0,0,1,4,2,1
313,33.0,1,0,58,4.0,60000.0,3,9,2,0,0
314,35.0,0,0,145,8.0,85000.0,1,3,3,0,1
315,44.0,1,0,168,13.0,130000.0,0,9,4,2,1
316,34.0,0,2,131,6.0,80000.0,1,9,3,0,1
317,36.0,1,0,149,8.0,95000.0,1,9,3,2,1
318,30.0,0,0,69,2.0,40000.0,3,8,0,0,0
319,37.0,1,0,125,10.0,120000.0,2,4,3,2,1
320,45.0,0,2,148,16.0,160000.0,1,3,4,2,1
321,32.0,1,0,67,4.0,65000.0,4,5,2,0,0
322,39.0,0,0,159,12.0,130000.0,1,9,4,2,1
323,47.0,1,3,29,20.0,180000.0,2,9,4,3,1
324,29.0,0,0,71,2.0,40000.0,0,2,0,0,0
325,36.0,1,0,152,9.0,100000.0,3,1,3,2,1
326,43.0,0,3,129,15.0,150000.0,4,0,4,2,1
327,32.0,1,0,72,3.0,55000.0,1,9,2,0,0
328,38.0,0,0,124,10.0,110000.0,2,9,3,2,1
329,48.0,1,2,34,21.0,180000.0,2,4,1,3,1
330,31.0,0,0,59,3.0,50000.0,2,6,2,0,0
331,40.0,1,0,132,12.0,130000.0,0,9,4,2,1
332,45.0,0,3,170,16.0,160000.0,0,1,4,2,1
333,33.0,1,0,78,4.0,60000.0,1,1,2,0,1
334,36.0,0,0,148,8.0,95000.0,2,6,3,2,1
335,47.0,1,2,35,19.0,170000.0,2,4,4,3,1
336,29.0,0,0,79,2.0,40000.0,3,7,0,0,1
337,34.0,1,0,151,7.0,90000.0,3,1,3,0,1
338,44.0,0,3,124,15.0,150000.0,3,9,4,2,1
339,33.0,1,0,74,5.0,70000.0,3,8,2,0,0
340,35.0,0,0,133,8.0,90000.0,0,9,3,0,1
341,43.0,1,2,34,18.0,170000.0,2,6,4,2,1
342,31.0,0,0,68,3.0,50000.0,3,1,2,0,0
343,41.0,1,0,155,14.0,150000.0,1,9,4,2,1
344,44.0,0,3,128,16.0,160000.0,1,1,4,2,1
345,33.0,1,0,58,4.0,60000.0,1,3,2,0,0
346,35.0,0,0,145,8.0,85000.0,1,1,3,0,1
347,45.0,1,2,29,19.0,180000.0,2,4,4,2,1
348,28.0,0,0,77,1.0,35000.0,1,1,0,0,1
349,36.0,1,0,125,8.0,110000.0,4,1,3,2,1
350,44.0,0,3,129,16.0,160000.0,2,4,4,2,1
351,31.0,1,0,72,3.0,55000.0,1,3,2,0,0
352,38.0,0,0,124,10.0,110000.0,1,3,3,2,1
353,48.0,1,2,34,21.0,180000.0,1,1,1,3,1
354,31.0,0,0,59,3.0,50000.0,1,3,2,0,0
355,40.0,1,0,132,12.0,130000.0,4,9,4,2,1
356,45.0,0,3,170,16.0,160000.0,3,1,4,2,1
357,33.0,1,0,78,4.0,60000.0,1,9,2,0,1
358,36.0,0,0,148,8.0,95000.0,3,8,3,2,1
359,47.0,1,2,35,19.0,170000.0,3,8,4,3,1
360,29.0,0,0,79,2.0,40000.0,0,2,0,0,1
361,34.0,1,0,151,7.0,90000.0,2,4,3,0,1
362,44.0,0,3,124,15.0,150000.0,3,8,4,2,1
363,33.0,1,0,74,5.0,70000.0,1,9,2,0,0
364,35.0,0,0,133,8.0,90000.0,2,4,3,0,1
365,43.0,1,2,34,18.0,170000.0,1,1,4,2,1
366,31.0,0,0,68,3.0,50000.0,1,3,2,0,0
367,41.0,1,0,155,14.0,150000.0,2,4,4,2,1
368,44.0,0,3,128,16.0,160000.0,0,9,4,2,1
369,33.0,1,0,58,4.0,60000.0,3,8,2,0,0
370,35.0,0,0,145,8.0,85000.0,2,9,3,0,1
371,43.0,1,2,35,19.0,170000.0,2,9,4,2,1
372,29.0,0,0,79,2.0,40000.0,4,1,0,0,1
373,34.0,1,0,151,7.0,90000.0,2,9,3,0,1
374,44.0,0,3,124,15.0,150000.0,3,9,4,2,1
375,31.0,1,2,20,6.0,160000.0,0,9,3,0,0
376,28.0,0,0,176,3.0,125000.0,1,3,2,0,0
377,26.0,1,2,106,2.0,120000.0,2,9,0,0,1
378,27.0,0,0,18,2.0,110000.0,3,7,0,0,0
379,30.0,1,3,20,5.0,180000.0,2,6,2,0,0
380,29.0,0,0,176,4.0,140000.0,0,9,2,0,0
381,32.0,1,0,106,7.0,170000.0,4,1,3,0,1
382,25.0,0,2,18,1.0,100000.0,2,9,0,4,0
383,33.0,1,3,20,8.0,190000.0,3,7,3,0,0
384,31.0,0,0,176,6.0,155000.0,3,8,3,0,0
385,28.0,1,2,106,3.0,130000.0,1,3,2,0,1
386,30.0,0,0,18,5.0,145000.0,4,0,2,0,0
387,27.0,1,3,20,2.0,115000.0,4,0,0,0,0
388,29.0,0,0,176,4.0,140000.0,4,5,2,0,0
389,34.0,1,0,106,9.0,185000.0,2,4,3,0,1
390,25.0,0,2,18,1.0,100000.0,0,2,0,4,0
391,33.0,1,3,20,8.0,190000.0,1,3,3,0,0
392,31.0,0,0,176,6.0,155000.0,3,8,3,0,0
393,28.0,1,2,106,3.0,130000.0,0,9,2,0,1
394,30.0,0,0,18,5.0,145000.0,0,9,2,0,0
395,28.0,1,0,176,3.0,125000.0,2,6,2,0,0
396,26.0,0,2,106,2.0,120000.0,4,9,0,0,1
397,27.0,1,0,18,2.0,110000.0,4,0,0,0,0
398,30.0,0,3,20,5.0,180000.0,2,6,2,0,0
399,29.0,1,0,176,4.0,140000.0,4,5,2,0,0
400,32.0,1,0,106,7.0,170000.0,2,4,3,0,1
401,25.0,0,2,18,1.0,100000.0,0,1,0,4,0
402,33.0,1,3,20,8.0,190000.0,1,1,3,0,0
403,31.0,0,0,176,6.0,155000.0,0,2,3,0,0
404,28.0,1,2,106,3.0,130000.0,1,1,2,0,1
405,30.0,0,0,18,5.0,145000.0,1,1,2,0,0
406,27.0,1,3,20,2.0,115000.0,3,1,0,0,0
407,29.0,0,0,176,4.0,140000.0,0,9,2,0,0
408,34.0,1,0,106,9.0,185000.0,1,9,3,0,1
409,25.0,0,2,18,1.0,100000.0,2,9,0,4,0
410,33.0,1,3,20,8.0,190000.0,3,9,3,0,0
411,31.0,0,0,176,6.0,155000.0,0,2,3,0,0
412,28.0,1,2,106,3.0,130000.0,1,1,2,0,1
413,30.0,0,0,18,5.0,145000.0,1,9,2,0,0
414,28.0,1,0,176,3.0,125000.0,0,1,2,0,0
415,26.0,0,2,106,2.0,120000.0,4,9,0,0,1
416,27.0,1,0,18,2.0,110000.0,0,9,0,0,0
417,30.0,0,3,20,5.0,180000.0,1,3,2,0,0
418,29.0,1,0,176,4.0,140000.0,0,1,2,0,0
419,32.0,1,0,106,7.0,170000.0,4,0,3,0,1
420,25.0,0,2,18,1.0,100000.0,1,3,0,4,0
421,33.0,1,3,20,8.0,190000.0,0,2,3,0,0
422,31.0,0,0,176,6.0,155000.0,2,4,3,0,0
423,28.0,1,2,106,3.0,130000.0,3,7,2,0,1
424,30.0,0,0,18,5.0,145000.0,2,9,2,0,0
425,27.0,1,3,20,2.0,115000.0,0,2,0,0,0
426,29.0,0,0,176,4.0,140000.0,2,6,2,0,0
427,34.0,1,0,106,9.0,185000.0,2,6,3,0,1
428,25.0,0,2,18,1.0,100000.0,2,4,0,4,0
429,33.0,1,3,20,8.0,190000.0,4,1,3,0,0
430,31.0,0,0,176,6.0,155000.0,0,1,3,0,0
431,28.0,1,2,106,3.0,130000.0,0,2,2,0,1
432,30.0,0,0,18,5.0,145000.0,0,2,2,0,0
433,28.0,1,0,176,3.0,125000.0,1,3,2,0,0
434,26.0,0,2,106,2.0,120000.0,3,1,0,0,1
435,27.0,1,0,18,2.0,110000.0,2,9,0,0,0
436,30.0,0,3,20,5.0,180000.0,4,0,2,0,0
437,29.0,1,0,176,4.0,140000.0,1,1,2,0,0
438,32.0,1,0,106,7.0,170000.0,2,6,3,0,1
439,25.0,0,2,18,1.0,100000.0,0,1,0,4,0
440,33.0,1,3,20,8.0,190000.0,4,1,3,0,0
441,31.0,0,0,176,6.0,155000.0,2,4,3,0,0
442,28.0,1,2,106,3.0,130000.0,4,5,2,0,1
443,30.0,0,0,18,5.0,145000.0,4,9,2,0,0
444,27.0,1,3,20,2.0,115000.0,2,6,0,0,0
445,29.0,0,0,176,4.0,140000.0,4,0,2,0,0
446,34.0,1,0,106,9.0,185000.0,2,4,3,0,1
447,25.0,0,2,18,1.0,100000.0,3,7,0,4,0
448,33.0,1,3,20,8.0,190000.0,3,8,3,0,0
449,31.0,0,0,176,6.0,155000.0,0,1,3,0,0
450,28.0,1,2,106,3.0,130000.0,4,1,2,0,1
451,30.0,0,0,18,5.0,145000.0,0,9,2,0,0
452,27.0,1,3,20,2.0,115000.0,2,6,0,0,0
453,29.0,0,0,176,4.0,140000.0,4,5,2,0,0
454,34.0,1,0,106,9.0,185000.0,3,7,3,0,1
455,25.0,0,2,18,1.0,100000.0,0,2,0,4,0
456,33.0,1,3,20,8.0,190000.0,2,4,3,0,0
457,31.0,0,0,176,6.0,155000.0,4,5,3,0,0
458,28.0,1,2,106,3.0,130000.0,1,1,2,0,1
459,30.0,0,0,18,5.0,145000.0,0,1,2,0,0
460,28.0,1,0,176,3.0,125000.0,0,1,2,0,0
461,26.0,0,2,106,2.0,120000.0,0,2,0,0,1
462,27.0,1,0,18,2.0,110000.0,0,1,0,0,0
463,30.0,0,3,20,5.0,180000.0,4,1,2,0,0
464,29.0,1,0,176,4.0,140000.0,4,5,2,0,0
465,32.0,1,0,106,7.0,170000.0,1,9,3,0,1
466,25.0,0,2,18,1.0,100000.0,3,8,0,4,0
467,33.0,1,3,20,8.0,190000.0,2,6,3,0,0
468,31.0,0,0,176,6.0,155000.0,4,1,3,0,0
469,28.0,1,2,106,3.0,130000.0,3,7,2,0,1
470,30.0,0,0,18,5.0,145000.0,0,9,2,0,0
471,27.0,1,3,20,2.0,115000.0,0,1,0,0,0
472,29.0,0,0,176,4.0,140000.0,2,6,2,0,0
473,34.0,1,0,106,9.0,185000.0,2,6,3,0,1
474,25.0,0,2,18,1.0,100000.0,1,1,0,4,0
475,33.0,1,3,20,8.0,190000.0,3,7,3,0,0
476,31.0,0,0,176,6.0,155000.0,3,8,3,0,0
477,28.0,1,2,106,3.0,130000.0,3,1,2,0,1
478,30.0,0,0,18,5.0,145000.0,2,4,2,0,0
479,27.0,1,3,20,2.0,115000.0,3,8,0,0,0
480,29.0,0,0,176,4.0,140000.0,2,4,2,0,0
481,34.0,1,0,106,9.0,185000.0,2,9,3,0,1
482,25.0,0,2,18,1.0,100000.0,3,9,0,4,0
483,33.0,1,3,20,8.0,190000.0,3,7,3,0,0
484,31.0,0,0,176,6.0,155000.0,2,4,3,0,0
485,28.0,1,2,106,3.0,130000.0,1,9,2,0,1
486,30.0,0,0,18,5.0,145000.0,4,9,2,0,0
487,27.0,1,3,20,2.0,115000.0,3,7,0,0,0
488,29.0,0,0,176,4.0,140000.0,4,9,2,0,0
489,34.0,1,0,106,9.0,185000.0,0,1,3,0,1
490,25.0,0,2,18,1.0,100000.0,0,1,0,4,0
491,33.0,1,3,20,8.0,190000.0,1,1,3,0,0
492,31.0,0,0,176,6.0,155000.0,0,2,3,0,0
493,28.0,1,2,106,3.0,130000.0,1,1,2,0,1
494,30.0,0,0,18,5.0,145000.0,2,4,2,0,0
495,27.0,1,3,20,2.0,115000.0,0,9,0,0,0
496,29.0,0,0,176,4.0,140000.0,2,4,2,0,0
497,34.0,1,0,106,9.0,185000.0,1,9,3,0,1
498,25.0,0,2,18,1.0,100000.0,2,6,0,4,0
499,33.0,1,3,20,8.0,190000.0,3,7,3,0,0
500,31.0,0,0,176,6.0,155000.0,4,9,3,0,0
501,28.0,1,2,106,3.0,130000.0,0,9,2,0,1
502,30.0,0,0,18,5.0,145000.0,4,5,2,0,0
503,27.0,1,3,20,2.0,115000.0,3,8,0,0,0
504,29.0,0,0,176,4.0,140000.0,1,1,2,0,0
505,34.0,1,0,106,9.0,185000.0,0,2,3,0,1
506,26.0,1,0,18,3.0,130000.0,0,2,2,0,0
507,29.0,0,2,20,6.0,180000.0,3,1,3,0,0
508,32.0,1,0,176,8.0,190000.0,0,9,3,0,0
509,27.0,0,0,106,4.0,150000.0,3,8,2,0,1
510,24.0,1,0,18,1.0,90000.0,2,4,0,4,0
511,31.0,0,2,20,9.0,195000.0,3,1,3,0,0
512,28.0,1,0,176,5.0,160000.0,2,9,2,0,0
513,33.0,0,2,106,11.0,198000.0,4,0,4,0,1
514,25.0,1,0,18,2.0,110000.0,4,5,0,4,0
515,30.0,0,3,20,7.0,185000.0,2,6,3,0,0
516,27.0,1,0,176,4.0,140000.0,3,7,2,0,0
517,34.0,0,2,106,12.0,196000.0,2,4,4,0,1
518,23.0,1,0,18,1.0,95000.0,2,6,0,4,0
519,32.0,0,3,20,10.0,193000.0,0,9,3,0,0
520,29.0,1,0,176,6.0,175000.0,0,9,3,0,0
521,30.0,0,0,106,5.0,160000.0,0,9,2,0,1
522,26.0,1,0,18,3.0,130000.0,1,3,2,0,0
523,31.0,0,2,20,6.0,180000.0,2,6,3,0,0
524,28.0,1,0,176,5.0,160000.0,4,0,2,0,0
525,33.0,0,2,106,11.0,198000.0,3,7,4,0,1
526,24.0,1,0,18,1.0,90000.0,2,9,0,4,0
527,30.0,0,3,20,7.0,185000.0,1,9,3,0,0
528,27.0,1,0,176,4.0,140000.0,1,3,2,0,0
529,34.0,0,2,106,12.0,196000.0,1,9,4,0,1
530,25.0,1,0,18,2.0,110000.0,2,4,0,4,0
531,29.0,0,2,20,6.0,180000.0,4,9,3,0,0
532,32.0,1,0,176,8.0,190000.0,0,9,3,0,0
533,27.0,0,0,106,4.0,150000.0,2,9,2,0,1
534,31.0,1,0,18,9.0,195000.0,2,6,3,0,0
535,28.0,0,0,176,5.0,160000.0,0,1,2,0,0
536,33.0,1,2,106,11.0,198000.0,3,9,4,0,1
537,26.0,0,0,18,3.0,130000.0,0,9,2,0,0
538,30.0,1,3,20,7.0,185000.0,4,0,3,0,0
539,27.0,0,0,176,4.0,140000.0,3,8,2,0,0
540,34.0,1,2,106,12.0,196000.0,2,6,4,0,1
541,25.0,0,0,18,2.0,110000.0,2,6,0,4,0
542,32.0,1,0,176,8.0,190000.0,3,1,3,0,0
543,29.0,0,2,20,6.0,180000.0,4,9,3,0,0
544,30.0,1,0,18,5.0,160000.0,4,0,2,0,0
545,33.0,0,2,106,11.0,198000.0,4,9,4,0,1
546,24.0,1,0,18,1.0,90000.0,4,0,0,4,0
547,31.0,0,3,20,9.0,195000.0,0,9,3,0,0
548,28.0,1,0,176,5.0,160000.0,0,1,2,0,0
549,27.0,0,0,106,4.0,150000.0,3,9,2,0,1
550,26.0,1,0,18,3.0,130000.0,1,9,2,0,0
551,29.0,0,2,20,6.0,180000.0,1,9,3,0,0
552,32.0,1,0,176,8.0,190000.0,2,9,3,0,0
553,33.0,0,2,106,11.0,198000.0,3,9,4,0,1
554,25.0,1,0,18,2.0,110000.0,0,9,0,4,0
555,30.0,0,3,20,7.0,185000.0,4,1,3,0,0
556,27.0,1,0,176,4.0,140000.0,2,4,2,0,0
557,34.0,0,2,106,12.0,196000.0,3,7,4,0,1
558,31.0,1,0,18,9.0,195000.0,1,1,3,0,0
559,28.0,0,0,176,5.0,160000.0,2,9,2,0,0
560,26.0,1,0,18,3.0,130000.0,0,2,2,0,0
561,29.0,0,2,20,6.0,180000.0,2,9,3,0,0
562,32.0,1,0,176,8.0,190000.0,0,2,3,0,0
563,33.0,0,2,106,11.0,198000.0,0,2,4,0,1
564,24.0,1,0,18,1.0,90000.0,2,9,0,4,0
565,27.0,1,0,176,4.0,140000.0,0,1,2,0,0
566,25.0,0,0,18,2.0,110000.0,0,9,0,4,0
567,30.0,0,3,20,7.0,185000.0,4,1,3,0,0
568,31.0,1,0,18,9.0,195000.0,3,1,3,0,0
569,28.0,0,0,176,5.0,160000.0,1,1,2,0,0
570,26.0,1,0,18,3.0,130000.0,1,9,2,0,0
571,29.0,0,2,20,6.0,180000.0,4,5,3,0,0
572,32.0,1,0,176,8.0,190000.0,0,2,3,0,0
573,33.0,0,2,106,11.0,198000.0,1,1,4,0,1
574,24.0,1,0,18,1.0,90000.0,3,8,0,4,0
575,27.0,1,0,176,4.0,140000.0,4,5,2,0,0
576,25.0,0,0,18,2.0,110000.0,4,0,0,4,0
577,30.0,0,3,20,7.0,185000.0,0,1,3,0,0
578,31.0,1,0,18,9.0,195000.0,2,4,3,0,0
579,28.0,0,0,176,5.0,160000.0,1,1,2,0,0
580,26.0,1,0,18,3.0,130000.0,3,1,2,0,0
581,29.0,0,2,20,6.0,180000.0,1,1,3,0,0
582,32.0,1,0,176,8.0,190000.0,2,9,3,0,0
583,33.0,0,2,106,11.0,198000.0,1,9,4,0,1
584,24.0,1,0,18,1.0,90000.0,2,6,0,4,0
585,27.0,1,0,176,4.0,140000.0,2,6,2,0,0
586,25.0,0,0,18,2.0,110000.0,4,5,0,4,0
587,30.0,0,3,20,7.0,185000.0,4,5,3,0,0
588,31.0,1,0,18,9.0,195000.0,3,1,3,0,0
589,28.0,0,0,176,5.0,160000.0,0,1,2,0,0
590,26.0,1,0,18,3.0,130000.0,0,2,2,0,0
591,29.0,0,2,20,6.0,180000.0,0,1,3,0,0
592,32.0,1,0,176,8.0,190000.0,0,1,3,0,0
593,33.0,0,2,106,11.0,198000.0,2,9,4,0,1
594,24.0,1,0,18,1.0,90000.0,1,9,0,4,0
595,27.0,1,0,176,4.0,140000.0,4,9,2,0,0
596,25.0,1,0,18,2.0,125000.0,3,9,0,4,0
597,28.0,0,2,20,6.0,175000.0,1,1,3,0,0
598,30.0,1,0,176,8.0,190000.0,3,9,3,0,0
599,27.0,0,0,106,4.0,150000.0,3,8,2,0,1
600,24.0,1,0,18,1.0,95000.0,3,7,0,4,0
601,31.0,1,2,20,9.0,195000.0,1,9,3,0,0
602,28.0,1,0,176,5.0,160000.0,4,0,2,0,0
603,33.0,0,2,106,11.0,198000.0,0,9,4,0,1
604,26.0,1,0,18,3.0,130000.0,1,1,2,0,0
605,30.0,0,3,20,7.0,185000.0,2,4,3,0,0
606,27.0,1,0,176,4.0,140000.0,0,9,2,0,0
607,34.0,0,2,106,12.0,196000.0,3,1,4,0,1
608,23.0,1,0,18,1.0,90000.0,1,1,0,4,0
609,32.0,0,3,20,10.0,193000.0,1,3,3,0,0
610,29.0,1,0,176,6.0,170000.0,4,5,3,0,0
611,30.0,0,0,106,5.0,160000.0,2,9,2,0,1
612,26.0,1,0,18,3.0,135000.0,1,1,2,0,0
613,31.0,0,2,20,6.0,180000.0,1,9,3,0,0
614,28.0,1,0,176,5.0,160000.0,3,7,2,0,0
615,33.0,0,2,106,11.0,198000.0,1,3,4,0,1
616,24.0,1,0,18,1.0,90000.0,0,9,0,4,0
617,30.0,0,3,20,7.0,185000.0,2,6,3,0,0
618,27.0,1,0,176,4.0,140000.0,0,2,2,0,0
619,34.0,0,2,106,12.0,196000.0,4,1,4,0,1
620,25.0,1,0,18,2.0,115000.0,2,6,0,4,0
621,29.0,0,2,20,6.0,180000.0,1,1,3,0,0
622,32.0,1,0,176,8.0,190000.0,2,6,3,0,0
623,27.0,0,0,106,4.0,150000.0,4,0,2,0,1
624,31.0,1,0,18,9.0,195000.0,3,1,3,0,0
625,28.0,0,0,176,5.0,160000.0,3,1,2,0,0
626,33.0,1,2,106,11.0,198000.0,3,7,4,0,1
627,26.0,0,0,18,3.0,130000.0,1,1,2,0,0
628,30.0,1,3,20,7.0,185000.0,3,8,3,0,0
629,27.0,0,0,176,4.0,140000.0,1,9,2,0,0
630,34.0,1,2,106,12.0,196000.0,2,6,4,0,1
631,25.0,0,0,18,2.0,110000.0,0,1,0,4,0
632,32.0,1,0,176,8.0,190000.0,1,3,3,0,0
633,29.0,0,2,20,6.0,180000.0,2,9,3,0,0
634,30.0,1,0,18,5.0,160000.0,2,4,2,0,0
635,33.0,0,2,106,11.0,198000.0,3,8,4,0,1
636,24.0,1,0,18,1.0,90000.0,1,1,0,4,0
637,31.0,0,3,20,9.0,195000.0,0,1,3,0,0
638,28.0,1,0,176,5.0,160000.0,1,3,2,0,0
639,27.0,0,0,106,4.0,150000.0,4,1,2,0,1
640,26.0,1,0,18,3.0,130000.0,1,3,2,0,0
641,29.0,0,2,20,6.0,180000.0,1,3,3,0,0
642,32.0,1,0,176,8.0,190000.0,3,9,3,0,0
643,33.0,0,2,106,11.0,198000.0,4,0,4,0,1
644,25.0,1,0,18,2.0,110000.0,3,8,0,4,0
645,30.0,0,3,20,7.0,185000.0,3,9,3,0,0
646,27.0,1,0,176,4.0,140000.0,1,9,2,0,0
647,34.0,0,2,106,12.0,196000.0,3,8,4,0,1
648,31.0,1,0,18,9.0,195000.0,2,4,3,0,0
649,28.0,0,0,176,5.0,160000.0,1,3,2,0,0
650,26.0,1,0,18,3.0,130000.0,2,6,2,0,0
651,29.0,0,2,20,6.0,180000.0,1,3,3,0,0
652,32.0,1,0,176,8.0,190000.0,1,9,3,0,0
653,33.0,0,2,106,11.0,198000.0,3,1,4,0,1
654,24.0,1,0,18,1.0,90000.0,2,6,0,4,0
655,27.0,1,0,176,4.0,140000.0,1,3,2,0,0
656,25.0,0,0,18,2.0,110000.0,3,9,0,4,0
657,30.0,0,3,20,7.0,185000.0,0,1,3,0,0
658,31.0,1,0,18,9.0,195000.0,4,5,3,0,0
659,28.0,0,0,176,5.0,160000.0,0,2,2,0,0
660,26.0,1,0,18,3.0,130000.0,0,1,2,0,0
661,29.0,0,2,20,6.0,180000.0,1,1,3,0,0
662,32.0,1,0,176,8.0,190000.0,3,1,3,0,0
663,33.0,0,2,106,11.0,198000.0,3,8,4,0,1
664,24.0,1,0,18,1.0,90000.0,1,3,0,4,0
665,27.0,1,0,176,4.0,140000.0,1,3,2,0,0
666,25.0,0,0,18,2.0,110000.0,0,9,0,4,0
667,30.0,0,3,20,7.0,185000.0,4,9,3,0,0
668,31.0,1,0,18,9.0,195000.0,2,6,3,0,0
669,28.0,0,0,176,5.0,160000.0,1,9,2,0,0
670,26.0,1,0,18,3.0,130000.0,2,9,2,0,0
671,29.0,0,2,20,6.0,180000.0,0,1,3,0,0
672,32.0,1,0,176,8.0,190000.0,4,0,3,0,0
673,33.0,0,2,106,11.0,198000.0,4,5,4,0,1
674,24.0,1,0,18,1.0,90000.0,0,9,0,4,0
675,27.0,1,0,176,4.0,140000.0,4,1,2,0,0
676,23.0,1,0,18,1.0,90000.0,4,9,0,4,0
677,27.0,0,2,20,4.0,150000.0,1,1,2,0,0
678,32.0,1,0,176,8.0,190000.0,2,9,3,0,0
679,24.0,0,0,106,3.0,125000.0,0,2,2,4,1
680,25.0,1,0,18,2.0,110000.0,2,4,0,4,0
681,31.0,1,2,20,7.0,180000.0,4,5,3,0,0
682,28.0,1,0,176,5.0,160000.0,3,1,2,0,0
683,33.0,0,2,106,10.0,195000.0,2,6,3,0,1
684,26.0,1,0,18,3.0,130000.0,3,8,2,0,0
685,30.0,0,3,20,6.0,170000.0,1,9,3,0,0
686,27.0,1,0,176,4.0,140000.0,4,1,2,0,0
687,34.0,0,2,106,11.0,196000.0,0,2,4,0,1
688,23.0,1,0,18,1.0,92000.0,1,1,0,4,0
689,32.0,0,3,20,9.0,195000.0,0,2,3,0,0
690,29.0,1,0,176,6.0,170000.0,3,7,3,0,0
691,30.0,0,0,106,5.0,160000.0,1,1,2,0,1
692,26.0,1,0,18,3.0,135000.0,3,9,2,0,0
693,31.0,0,2,20,6.0,180000.0,2,6,3,0,0
694,28.0,1,0,176,5.0,165000.0,1,1,2,0,0
695,33.0,0,2,106,11.0,198000.0,0,2,4,0,1
696,24.0,1,0,18,1.0,95000.0,3,1,0,4,0
697,30.0,0,3,20,7.0,185000.0,4,0,3,0,0
698,27.0,1,0,176,4.0,140000.0,4,0,2,0,0
699,34.0,0,2,106,12.0,196000.0,0,2,4,0,1
700,25.0,1,0,18,2.0,115000.0,4,1,0,4,0
701,29.0,0,2,20,6.0,180000.0,1,9,3,0,0
702,32.0,1,0,176,8.0,190000.0,1,1,3,0,0
703,27.0,0,0,106,4.0,150000.0,4,1,2,0,1
704,31.0,1,0,18,9.0,195000.0,4,1,3,0,0
705,28.0,0,0,176,5.0,160000.0,0,9,2,0,0
706,33.0,1,2,106,11.0,198000.0,2,6,4,0,1
707,26.0,0,0,18,3.0,130000.0,0,1,2,0,0
708,30.0,1,3,20,7.0,185000.0,3,8,3,0,0
709,27.0,0,0,176,4.0,140000.0,0,1,2,0,0
710,34.0,1,2,106,12.0,196000.0,1,1,4,0,1
711,25.0,0,0,18,2.0,110000.0,1,9,0,4,0
712,32.0,1,0,176,8.0,190000.0,0,1,3,0,0
713,29.0,0,2,20,6.0,180000.0,4,5,3,0,0
714,30.0,1,0,18,5.0,160000.0,3,9,2,0,0
715,33.0,0,2,106,11.0,198000.0,3,7,4,0,1
716,24.0,1,0,18,1.0,90000.0,2,9,0,4,0
717,31.0,0,3,20,9.0,195000.0,4,5,3,0,0
718,28.0,1,0,176,5.0,160000.0,1,9,2,0,0
719,27.0,0,0,106,4.0,150000.0,2,6,2,0,1
720,26.0,1,0,18,3.0,130000.0,4,1,2,0,0
721,29.0,0,2,20,6.0,180000.0,2,6,3,0,0
722,32.0,1,0,176,8.0,190000.0,4,5,3,0,0
723,33.0,0,2,106,11.0,198000.0,4,5,4,0,1
724,25.0,1,0,18,2.0,110000.0,0,9,0,4,0
725,30.0,0,3,20,7.0,185000.0,1,1,3,0,0
726,27.0,1,0,176,4.0,140000.0,4,9,2,0,0
727,34.0,0,2,106,12.0,196000.0,4,1,4,0,1
728,31.0,1,0,18,9.0,195000.0,1,1,3,0,0
729,28.0,0,0,176,5.0,160000.0,3,7,2,0,0
730,26.0,1,0,18,3.0,130000.0,0,2,2,0,0
731,29.0,0,2,20,6.0,180000.0,0,1,3,0,0
732,32.0,1,0,176,8.0,190000.0,3,1,3,0,0
733,33.0,0,2,106,11.0,198000.0,4,1,4,0,1
734,24.0,1,0,18,1.0,90000.0,0,9,0,4,0
735,27.0,1,0,176,4.0,140000.0,2,4,2,0,0
736,25.0,0,0,18,2.0,110000.0,0,9,0,4,0
737,30.0,0,3,20,7.0,185000.0,1,3,3,0,0
738,31.0,1,0,18,9.0,195000.0,1,3,3,0,0
739,28.0,0,0,176,5.0,160000.0,1,1,2,0,0
740,26.0,1,0,18,3.0,130000.0,4,1,2,0,0
741,29.0,0,2,20,6.0,180000.0,0,1,3,0,0
742,32.0,1,0,176,8.0,190000.0,4,1,3,0,0
743,33.0,0,2,106,11.0,198000.0,4,9,4,0,1
744,24.0,1,0,18,1.0,90000.0,0,1,0,4,0
745,27.0,1,0,176,4.0,140000.0,3,8,2,0,0
746,25.0,0,0,18,2.0,110000.0,0,2,0,4,0
747,30.0,0,3,20,7.0,185000.0,3,7,3,0,0
748,31.0,1,0,18,9.0,195000.0,3,8,3,0,0
749,28.0,0,0,176,5.0,160000.0,2,6,2,0,0
750,26.0,1,0,18,3.0,130000.0,2,4,2,0,0
751,29.0,0,2,20,6.0,180000.0,0,1,3,0,0
752,32.0,1,0,176,8.0,190000.0,3,9,3,0,0
753,33.0,0,2,106,11.0,198000.0,2,6,4,0,1
754,24.0,1,0,18,1.0,90000.0,2,4,0,4,0
755,27.0,1,0,176,4.0,140000.0,1,1,2,0,0
756,25.0,0,0,18,2.0,110000.0,1,9,0,4,0
757,30.0,0,3,20,7.0,185000.0,1,1,3,0,0
758,31.0,1,0,18,9.0,195000.0,4,9,3,0,0
759,28.0,0,0,176,5.0,160000.0,3,1,2,0,0
760,26.0,1,0,18,3.0,130000.0,1,1,2,0,0
761,29.0,0,2,20,6.0,180000.0,0,9,3,0,0
762,32.0,1,0,176,8.0,190000.0,3,1,3,0,0
763,33.0,0,2,106,11.0,198000.0,2,4,4,0,1
764,24.0,1,0,18,1.0,90000.0,2,9,0,4,0
765,27.0,1,0,176,4.0,140000.0,2,6,2,0,0
766,25.0,0,0,18,2.0,110000.0,0,1,0,4,0
767,30.0,0,3,20,7.0,185000.0,2,4,3,0,0
768,31.0,1,0,18,9.0,195000.0,1,9,3,0,0
769,28.0,0,0,176,5.0,160000.0,4,9,2,0,0
770,26.0,1,0,18,3.0,130000.0,1,3,2,0,0
771,29.0,0,2,20,6.0,180000.0,1,3,3,0,0
772,32.0,1,0,176,8.0,190000.0,1,9,3,0,0
773,33.0,0,2,106,11.0,198000.0,4,9,4,0,1
774,24.0,1,0,18,1.0,90000.0,0,9,0,4,0
775,27.0,1,0,176,4.0,140000.0,2,4,2,0,0
776,25.0,0,0,18,2.0,110000.0,4,1,0,4,0
777,30.0,0,3,20,7.0,185000.0,3,1,3,0,0
778,31.0,1,0,18,9.0,195000.0,4,5,3,0,0
779,28.0,0,0,176,5.0,160000.0,4,0,2,0,0
780,26.0,1,0,18,3.0,130000.0,0,2,2,0,0
781,29.0,0,2,20,6.0,180000.0,4,0,3,0,0
782,32.0,1,0,176,8.0,190000.0,0,1,3,0,0
783,33.0,0,2,106,11.0,198000.0,3,9,4,0,1
784,24.0,1,0,18,1.0,90000.0,3,9,0,4,0
785,27.0,1,0,176,4.0,140000.0,2,6,2,0,0
786,25.0,0,0,18,2.0,110000.0,3,8,0,4,0
787,30.0,0,3,20,7.0,185000.0,0,2,3,0,0
788,31.0,1,0,18,9.0,195000.0,0,2,3,0,0
789,28.0,0,0,176,5.0,160000.0,0,1,2,0,0
790,26.0,1,0,18,3.0,130000.0,4,9,2,0,0
791,29.0,0,2,20,6.0,180000.0,4,0,3,0,0
792,32.0,1,0,176,8.0,190000.0,3,1,3,0,0
793,33.0,0,2,106,11.0,198000.0,1,3,4,0,1
794,24.0,1,0,18,1.0,90000.0,2,4,0,4,0
795,27.0,1,0,176,4.0,140000.0,1,9,2,0,0
796,25.0,0,0,18,2.0,110000.0,4,1,0,4,0
797,30.0,0,3,20,7.0,185000.0,3,8,3,0,0
798,31.0,1,0,18,9.0,195000.0,1,9,3,0,0
799,28.0,0,0,176,5.0,160000.0,3,7,2,0,0
800,26.0,1,0,18,3.0,130000.0,2,9,2,0,0
801,29.0,0,2,20,6.0,180000.0,0,2,3,0,0
802,32.0,1,0,176,8.0,190000.0,3,7,3,0,0
803,33.0,0,2,106,11.0,198000.0,4,1,4,0,1
804,24.0,1,0,18,1.0,90000.0,2,4,0,4,0
805,27.0,1,0,176,4.0,140000.0,3,7,2,0,0
806,25.0,0,0,18,2.0,110000.0,4,0,0,4,0
807,30.0,0,3,20,7.0,185000.0,2,6,3,0,0
808,31.0,1,0,18,9.0,195000.0,4,5,3,0,0
809,28.0,0,0,176,5.0,160000.0,3,8,2,0,0
810,25.0,1,0,18,3.0,135000.0,0,1,2,4,0
811,32.0,1,0,176,8.0,190000.0,2,9,3,0,0
812,29.0,0,2,20,6.0,180000.0,3,8,3,0,0
813,30.0,1,0,18,5.0,160000.0,3,1,2,0,0
814,24.0,1,0,18,1.0,95000.0,0,9,0,4,0
815,33.0,0,2,106,11.0,196000.0,0,2,4,0,1
816,27.0,1,0,176,4.0,140000.0,3,7,2,0,0
817,26.0,1,0,18,3.0,130000.0,4,0,2,0,0
818,30.0,0,3,20,7.0,185000.0,3,7,3,0,0
819,31.0,1,0,18,9.0,195000.0,4,9,3,0,0
820,28.0,0,0,176,5.0,160000.0,3,9,2,0,0
821,26.0,0,0,18,3.0,130000.0,1,1,2,0,0
822,30.0,1,3,20,7.0,185000.0,0,1,3,0,0
823,27.0,0,0,106,4.0,150000.0,1,3,2,0,1
824,24.0,1,0,18,1.0,90000.0,3,1,0,4,0
825,33.0,1,2,106,11.0,198000.0,4,0,4,0,1
826,25.0,1,0,18,2.0,115000.0,4,9,0,4,0
827,28.0,1,0,176,5.0,165000.0,2,6,2,0,0
828,26.0,1,0,18,3.0,130000.0,4,1,2,0,0
829,29.0,0,2,20,6.0,180000.0,1,1,3,0,0
830,32.0,1,0,176,8.0,190000.0,3,1,3,0,0
831,33.0,0,2,106,11.0,198000.0,4,5,4,0,1
832,27.0,1,0,176,4.0,140000.0,2,9,2,0,0
833,31.0,0,2,20,6.0,180000.0,0,1,3,0,0
834,30.0,1,0,18,5.0,160000.0,2,9,2,0,0
835,24.0,1,0,18,1.0,92000.0,2,9,0,4,0
836,28.0,0,0,176,5.0,160000.0,2,9,2,0,0
837,26.0,1,0,18,3.0,130000.0,0,2,2,0,0
838,32.0,1,0,176,8.0,190000.0,2,9,3,0,0
839,33.0,0,2,106,11.0,198000.0,0,1,4,0,1
840,25.0,1,0,18,2.0,110000.0,4,5,0,4,0
841,30.0,0,3,20,7.0,185000.0,3,9,3,0,0
842,27.0,1,0,176,4.0,140000.0,2,4,2,0,0
843,34.0,0,2,106,12.0,196000.0,3,1,4,0,1
844,31.0,1,0,18,9.0,195000.0,0,1,3,0,0
845,28.0,0,0,176,5.0,160000.0,2,6,2,0,0
846,26.0,1,0,18,3.0,130000.0,2,6,2,0,0
847,29.0,0,2,20,6.0,180000.0,3,1,3,0,0
848,32.0,1,0,176,8.0,190000.0,2,4,3,0,0
849,33.0,0,2,106,11.0,198000.0,2,4,4,0,1
850,24.0,1,0,18,1.0,90000.0,2,6,0,4,0
851,27.0,1,0,176,4.0,140000.0,4,0,2,0,0
852,25.0,0,0,18,2.0,110000.0,4,1,0,4,0
853,30.0,0,3,20,7.0,185000.0,3,7,3,0,0
854,31.0,1,0,18,9.0,195000.0,3,7,3,0,0
855,28.0,0,0,176,5.0,160000.0,4,1,2,0,0
856,26.0,1,0,18,3.0,130000.0,3,9,2,0,0
857,29.0,0,2,20,6.0,180000.0,3,9,3,0,0
858,32.0,1,0,176,8.0,190000.0,0,9,3,0,0
859,33.0,0,2,106,11.0,198000.0,2,4,4,0,1
860,24.0,1,0,18,1.0,90000.0,4,5,0,4,0
861,27.0,1,0,176,4.0,140000.0,0,1,2,0,0
862,25.0,0,0,18,2.0,110000.0,3,8,0,4,0
863,30.0,0,3,20,7.0,185000.0,3,9,3,0,0
864,31.0,1,0,18,9.0,195000.0,0,1,3,0,0
865,28.0,0,0,176,5.0,160000.0,0,9,2,0,0
866,26.0,1,0,18,3.0,130000.0,2,9,2,0,0
867,29.0,0,2,20,6.0,180000.0,0,1,3,0,0
868,32.0,1,0,176,8.0,190000.0,1,9,3,0,0
869,33.0,0,2,106,11.0,198000.0,4,0,4,0,1
870,24.0,1,0,18,1.0,90000.0,2,4,0,4,0
871,27.0,1,0,176,4.0,140000.0,4,5,2,0,0
872,25.0,0,0,18,2.0,110000.0,3,1,0,4,0
873,30.0,0,3,20,7.0,185000.0,1,1,3,0,0
874,31.0,1,0,18,9.0,195000.0,0,9,3,0,0
875,28.0,0,0,176,5.0,160000.0,2,6,2,0,0
876,26.0,1,0,18,3.0,130000.0,3,8,2,0,0
877,29.0,0,2,20,6.0,180000.0,4,9,3,0,0
878,32.0,1,0,176,8.0,190000.0,3,1,3,0,0
879,33.0,0,2,106,11.0,198000.0,2,9,4,0,1
880,24.0,1,0,18,1.0,90000.0,2,9,0,4,0
881,27.0,1,0,176,4.0,140000.0,1,1,2,0,0
882,25.0,0,0,18,2.0,110000.0,1,3,0,4,0
883,30.0,0,3,20,7.0,185000.0,1,1,3,0,0
884,31.0,1,0,18,9.0,195000.0,1,9,3,0,0
885,28.0,0,0,176,5.0,160000.0,4,9,2,0,0
886,26.0,1,0,18,3.0,130000.0,0,2,2,0,0
887,29.0,0,2,20,6.0,180000.0,0,2,3,0,0
888,32.0,1,0,176,8.0,190000.0,4,9,3,0,0
889,33.0,0,2,106,11.0,198000.0,2,4,4,0,1
890,24.0,1,0,18,1.0,90000.0,0,1,0,4,0
891,27.0,1,0,176,4.0,140000.0,2,4,2,0,0
892,25.0,0,0,18,2.0,110000.0,2,4,0,4,0
893,30.0,0,3,20,7.0,185000.0,3,7,3,0,0
894,31.0,1,0,18,9.0,195000.0,4,9,3,0,0
895,28.0,0,0,176,5.0,160000.0,3,7,2,0,0
896,26.0,1,0,18,3.0,130000.0,3,1,2,0,0
897,29.0,0,2,20,6.0,180000.0,0,9,3,0,0
898,32.0,1,0,176,8.0,190000.0,2,6,3,0,0
899,33.0,0,2,106,11.0,198000.0,4,5,4,0,1
900,24.0,1,0,18,1.0,90000.0,3,7,0,4,0
901,27.0,1,0,176,4.0,140000.0,0,9,2,0,0
902,25.0,0,0,18,2.0,110000.0,1,1,0,4,0
903,30.0,0,3,20,7.0,185000.0,1,1,3,0,0
904,31.0,1,0,18,9.0,195000.0,4,0,3,0,0
905,28.0,0,0,176,5.0,160000.0,4,1,2,0,0
906,26.0,1,0,18,3.0,130000.0,2,9,2,0,0
907,29.0,0,2,20,6.0,180000.0,1,9,3,0,0
908,32.0,1,0,176,8.0,190000.0,4,5,3,0,0
909,33.0,0,2,106,11.0,198000.0,1,3,4,0,1
910,24.0,1,0,18,1.0,90000.0,0,1,0,4,0
911,27.0,1,0,176,4.0,140000.0,3,9,2,0,0
912,25.0,0,0,18,2.0,110000.0,0,9,0,4,0
913,30.0,0,3,20,7.0,185000.0,1,1,3,0,0
914,31.0,1,0,18,9.0,195000.0,2,6,3,0,0
915,28.0,0,0,176,5.0,160000.0,1,1,2,0,0
916,26.0,1,0,18,3.0,130000.0,1,9,2,0,0
917,29.0,0,2,20,6.0,180000.0,1,1,3,0,0
918,32.0,1,0,176,8.0,190000.0,0,2,3,0,0
919,33.0,0,2,106,11.0,198000.0,1,3,4,0,1
920,24.0,1,0,18,1.0,90000.0,1,9,0,4,0
921,27.0,1,0,176,4.0,140000.0,3,8,2,0,0
922,25.0,0,0,18,2.0,110000.0,0,1,0,4,0
923,30.0,0,3,20,7.0,185000.0,3,1,3,0,0
924,31.0,1,0,18,9.0,195000.0,3,8,3,0,0
925,28.0,0,0,176,5.0,160000.0,1,3,2,0,0
926,26.0,1,0,18,3.0,130000.0,0,2,2,0,0
927,29.0,0,2,20,6.0,180000.0,4,5,3,0,0
928,32.0,1,0,176,8.0,190000.0,1,1,3,0,0
929,33.0,0,2,106,11.0,198000.0,1,9,4,0,1
930,24.0,1,0,18,1.0,90000.0,2,6,0,4,0
931,27.0,1,0,176,4.0,140000.0,3,7,2,0,0
932,25.0,0,0,18,2.0,110000.0,2,9,0,4,0
933,30.0,0,3,20,7.0,185000.0,4,1,3,0,0
934,31.0,1,0,18,9.0,195000.0,3,1,3,0,0
935,28.0,0,0,176,5.0,160000.0,3,1,2,0,0
936,26.0,1,0,18,3.0,130000.0,1,3,2,0,0
937,29.0,0,2,20,6.0,180000.0,4,9,3,0,0
938,32.0,1,0,176,8.0,190000.0,4,9,3,0,0
939,33.0,0,2,106,11.0,198000.0,1,9,4,0,1
940,24.0,1,0,18,1.0,90000.0,0,1,0,4,0
941,27.0,1,0,176,4.0,140000.0,4,5,2,0,0
942,25.0,0,0,18,2.0,110000.0,3,7,0,4,0
943,30.0,0,3,20,7.0,185000.0,4,9,3,0,0
944,32.0,1,0,18,5.0,135000.0,4,5,2,0,0
945,27.0,0,2,20,3.0,180000.0,1,1,2,0,0
946,40.0,1,0,176,12.0,195000.0,0,9,4,2,0
947,35.0,0,0,106,8.0,165000.0,4,1,3,0,1
948,43.0,1,2,20,15.0,198000.0,4,9,4,2,0
949,29.0,0,0,176,4.0,150000.0,4,5,2,0,0
950,36.0,1,0,18,9.0,162000.0,0,1,3,2,0
951,31.0,1,2,20,6.0,175000.0,2,6,3,0,0
952,42.0,0,0,176,13.0,197000.0,4,9,4,2,0
953,33.0,1,0,18,7.0,142000.0,4,9,3,0,0
954,29.0,0,2,20,4.0,182000.0,0,2,2,0,0
955,41.0,1,0,176,11.0,185000.0,2,6,4,2,0
956,35.0,0,0,106,8.0,170000.0,0,1,3,0,1
957,27.0,1,0,176,4.0,160000.0,0,1,2,0,0
958,32.0,1,0,20,8.0,180000.0,0,2,3,0,0
959,29.0,0,2,18,6.0,150000.0,4,1,3,0,0
960,30.0,1,0,18,5.0,140000.0,1,9,2,0,0
961,24.0,1,0,18,2.0,100000.0,2,4,0,4,0
962,33.0,0,2,106,11.0,190000.0,3,7,4,0,1
963,27.0,1,0,176,4.0,160000.0,2,9,2,0,0
964,26.0,1,0,18,3.0,120000.0,3,1,2,0,0
965,30.0,0,3,20,7.0,170000.0,4,1,3,0,0
966,31.0,1,0,18,9.0,190000.0,1,9,3,0,0
967,28.0,0,0,176,5.0,150000.0,0,2,2,0,0
968,26.0,0,0,18,3.0,120000.0,3,7,2,0,0
969,30.0,1,3,20,7.0,170000.0,1,3,3,0,0
970,27.0,0,0,106,4.0,130000.0,2,6,2,0,1
971,24.0,1,0,18,2.0,95000.0,1,3,0,4,0
972,33.0,1,2,106,11.0,195000.0,4,9,4,0,1
973,25.0,1,0,18,2.0,100000.0,4,1,0,4,0
974,28.0,1,0,176,5.0,150000.0,3,7,2,0,0
975,26.0,1,0,18,3.0,120000.0,0,9,2,0,0
976,29.0,0,2,20,6.0,150000.0,4,9,3,0,0
977,32.0,1,0,20,8.0,180000.0,0,9,3,0,0
978,33.0,0,2,106,11.0,195000.0,0,2,4,0,1
979,27.0,1,0,176,4.0,160000.0,3,7,2,0,0
980,31.0,0,2,20,6.0,170000.0,1,3,3,0,0
981,30.0,1,0,18,5.0,140000.0,2,9,2,0,0
982,24.0,1,0,18,2.0,95000.0,4,0,0,4,0
983,28.0,0,0,176,5.0,150000.0,1,1,2,0,0
984,26.0,1,0,18,3.0,120000.0,4,9,2,0,0
985,32.0,1,0,176,8.0,180000.0,4,9,3,0,0
986,33.0,0,2,106,11.0,195000.0,0,2,4,0,1
987,25.0,1,0,18,2.0,100000.0,2,9,0,4,0
988,30.0,0,3,20,7.0,170000.0,3,1,3,0,0
989,27.0,1,0,176,4.0,160000.0,4,9,2,0,0
990,34.0,0,2,106,12.0,190000.0,4,9,4,0,1
991,31.0,1,0,18,9.0,190000.0,2,9,3,0,0
992,28.0,0,0,176,5.0,150000.0,1,9,2,0,0
993,26.0,1,0,18,3.0,120000.0,3,9,2,0,0
994,29.0,0,2,20,6.0,150000.0,1,9,3,0,0
995,32.0,1,0,176,8.0,180000.0,2,9,3,0,0
996,33.0,0,2,106,11.0,195000.0,4,9,4,0,1
997,24.0,1,0,18,2.0,95000.0,1,1,0,4,0
998,27.0,1,0,176,4.0,160000.0,1,1,2,0,0
999,25.0,0,0,18,2.0,100000.0,4,9,0,4,0
1000,30.0,0,3,20,7.0,170000.0,3,9,3,0,0
1001,31.0,1,0,18,9.0,190000.0,0,1,3,0,0
1002,28.0,0,0,176,5.0,150000.0,1,9,2,0,0
1003,26.0,1,0,18,3.0,120000.0,0,9,2,0,0
1004,29.0,0,2,20,6.0,150000.0,3,9,3,0,0
1005,32.0,1,0,176,8.0,180000.0,0,9,3,0,0
1006,33.0,0,2,106,11.0,195000.0,2,6,4,0,1
1007,24.0,1,0,18,2.0,95000.0,1,1,0,4,0
1008,27.0,1,0,176,4.0,160000.0,0,2,2,0,0
1009,25.0,0,0,18,2.0,100000.0,4,0,0,4,0
1010,30.0,0,3,20,7.0,170000.0,3,9,3,0,0
1011,31.0,1,0,18,9.0,190000.0,2,4,3,0,0
1012,28.0,0,0,176,5.0,150000.0,1,9,2,0,0
1013,26.0,1,0,18,3.0,120000.0,3,8,2,0,0
1014,29.0,0,2,20,6.0,150000.0,0,9,3,0,0
1015,32.0,1,0,176,8.0,180000.0,2,6,3,0,0
1016,33.0,0,2,106,11.0,195000.0,2,9,4,0,1
1017,24.0,1,0,18,2.0,95000.0,0,9,0,4,0
1018,27.0,1,0,176,4.0,160000.0,3,7,2,0,0
1019,25.0,0,0,18,2.0,100000.0,3,8,0,4,0
1020,30.0,0,3,20,7.0,170000.0,1,9,3,0,0
1021,31.0,1,0,18,9.0,190000.0,3,1,3,0,0
1022,28.0,0,0,176,5.0,150000.0,3,1,2,0,0
1023,26.0,1,0,18,3.0,120000.0,2,4,2,0,0
1024,29.0,0,2,20,6.0,150000.0,3,8,3,0,0
1025,32.0,1,0,176,8.0,180000.0,0,2,3,0,0
1026,33.0,0,2,106,11.0,195000.0,1,3,4,0,1
1027,24.0,1,0,18,2.0,95000.0,3,9,0,4,0
1028,27.0,1,0,176,4.0,160000.0,2,6,2,0,0
1029,25.0,0,0,18,2.0,100000.0,4,9,0,4,0
1030,30.0,0,3,20,7.0,170000.0,1,1,3,0,0
1031,31.0,1,0,18,9.0,190000.0,4,5,3,0,0
1032,28.0,0,0,176,5.0,150000.0,1,1,2,0,0
1033,26.0,1,0,18,3.0,120000.0,0,9,2,0,0
1034,29.0,0,2,20,6.0,150000.0,4,9,3,0,0
1035,32.0,1,0,176,8.0,180000.0,4,1,3,0,0
1036,33.0,0,2,106,11.0,195000.0,0,1,4,0,1
1037,24.0,1,0,18,2.0,95000.0,1,1,0,4,0
1038,27.0,1,0,176,4.0,160000.0,1,9,2,0,0
1039,25.0,0,0,18,2.0,100000.0,2,9,0,4,0
1040,30.0,0,3,20,7.0,170000.0,0,2,3,0,0
1041,31.0,1,0,18,9.0,190000.0,4,9,3,0,0
1042,28.0,0,0,176,5.0,150000.0,1,3,2,0,0
1043,26.0,1,0,18,3.0,120000.0,2,4,2,0,0
1044,29.0,0,2,20,6.0,150000.0,1,1,3,0,0
1045,32.0,1,0,176,8.0,180000.0,0,1,3,0,0
1046,33.0,0,2,106,11.0,195000.0,3,9,4,0,1
1047,24.0,1,0,18,2.0,95000.0,1,3,0,4,0
1048,27.0,1,0,176,4.0,160000.0,4,1,2,0,0
1049,25.0,0,0,18,2.0,100000.0,2,4,0,4,0
1050,30.0,0,3,20,7.0,170000.0,1,3,3,0,0
1051,31.0,1,0,18,9.0,190000.0,1,3,3,0,0
1052,28.0,0,0,176,5.0,150000.0,0,2,2,0,0
1053,26.0,1,0,18,3.0,120000.0,3,1,2,0,0
1054,29.0,0,2,20,6.0,150000.0,3,8,3,0,0
1055,32.0,1,0,176,8.0,180000.0,3,1,3,0,0
1056,33.0,0,2,106,11.0,195000.0,0,2,4,0,1
1057,24.0,1,0,18,2.0,95000.0,1,9,0,4,0
1058,27.0,1,0,176,4.0,160000.0,1,1,2,0,0
1059,25.0,0,0,18,2.0,100000.0,1,1,0,4,0
1060,30.0,0,3,20,7.0,170000.0,0,1,3,0,0
1061,31.0,1,0,18,9.0,190000.0,4,1,3,0,0
1062,28.0,0,0,176,5.0,150000.0,4,5,2,0,0
1063,26.0,1,0,18,3.0,120000.0,3,8,2,0,0
1064,29.0,0,2,20,6.0,150000.0,0,1,3,0,0
1065,32.0,1,0,176,8.0,180000.0,4,1,3,0,0
1066,33.0,0,2,106,11.0,195000.0,2,9,4,0,1
1067,24.0,1,0,18,2.0,95000.0,4,9,0,4,0
1068,27.0,1,0,176,4.0,160000.0,0,1,2,0,0
1069,25.0,0,0,18,2.0,100000.0,0,1,0,4,0
1070,30.0,0,3,20,7.0,170000.0,2,4,3,0,0
1071,31.0,1,0,18,9.0,190000.0,1,9,3,0,0
1072,28.0,0,0,176,5.0,150000.0,1,9,2,0,0
1073,26.0,1,0,18,3.0,120000.0,3,9,2,0,0
1074,29.0,0,2,20,6.0,150000.0,1,3,3,0,0
1075,32.0,1,0,176,8.0,180000.0,4,5,3,0,0
1076,33.0,0,2,106,11.0,195000.0,4,0,4,0,1
1077,24.0,1,0,18,2.0,95000.0,2,9,0,4,0
1078,27.0,1,0,176,4.0,160000.0,1,3,2,0,0
1079,25.0,0,0,18,2.0,100000.0,1,1,0,4,0
1080,30.0,0,3,20,7.0,170000.0,4,0,3,0,0
1081,31.0,1,0,18,9.0,190000.0,3,9,3,0,0
1082,28.0,0,0,176,5.0,150000.0,1,3,2,0,0
1083,26.0,1,0,18,3.0,120000.0,3,8,2,0,0
1084,29.0,0,2,20,6.0,150000.0,0,2,3,0,0
1085,32.0,1,0,176,8.0,180000.0,0,2,3,0,0
1086,33.0,0,2,106,11.0,195000.0,2,9,4,0,1
1087,24.0,1,0,18,2.0,95000.0,1,1,0,4,0
1088,27.0,1,0,176,4.0,160000.0,4,1,2,0,0
1089,25.0,0,0,18,2.0,100000.0,2,9,0,4,0
1090,30.0,0,3,20,7.0,170000.0,0,2,3,0,0
1091,29.0,1,0,176,7.0,180000.0,1,3,3,0,0
1092,27.0,0,0,18,5.0,120000.0,1,9,2,0,0
1093,33.0,1,2,20,10.0,195000.0,1,9,3,0,0
1094,28.0,1,0,176,4.0,160000.0,1,9,2,0,0
1095,26.0,0,0,18,3.0,100000.0,4,1,2,0,0
1096,31.0,1,0,106,8.0,190000.0,2,6,3,0,1
1097,30.0,1,2,176,6.0,170000.0,1,3,3,0,0
1098,32.0,0,0,20,9.0,185000.0,2,6,3,0,0
1099,29.0,1,0,18,7.0,130000.0,0,2,3,0,0
1100,35.0,0,0,106,12.0,190000.0,3,8,4,0,1
1101,27.0,1,0,176,5.0,150000.0,2,4,2,0,0
1102,28.0,0,2,20,6.0,150000.0,4,1,3,0,0
1103,37.0,1,3,106,14.0,195000.0,4,5,4,2,1
1104,26.0,1,0,18,3.0,110000.0,3,1,2,0,0
1105,30.0,0,0,176,8.0,180000.0,2,6,3,0,0
1106,31.0,1,2,20,9.0,185000.0,0,9,3,0,0
1107,29.0,0,0,18,7.0,130000.0,2,4,3,0,0
1108,32.0,1,0,176,10.0,190000.0,4,5,3,0,0
1109,28.0,0,2,20,6.0,155000.0,0,2,3,0,0
1110,34.0,1,0,176,12.0,195000.0,3,9,4,0,0
1111,25.0,0,0,18,2.0,90000.0,3,1,0,4,0
1112,30.0,1,0,106,8.0,185000.0,4,5,3,0,1
1113,29.0,0,0,18,6.0,120000.0,3,9,3,0,0
1114,31.0,1,0,176,9.0,180000.0,0,1,3,0,0
1115,26.0,0,0,18,3.0,100000.0,1,3,2,0,0
1116,33.0,1,2,20,10.0,195000.0,0,2,3,0,0
1117,28.0,1,0,176,4.0,160000.0,1,9,2,0,0
1118,27.0,0,0,18,5.0,125000.0,4,1,2,0,0
1119,30.0,1,2,176,6.0,170000.0,3,1,3,0,0
1120,32.0,0,0,20,9.0,185000.0,2,4,3,0,0
1121,29.0,1,0,18,7.0,130000.0,1,9,3,0,0
1122,35.0,0,0,106,12.0,190000.0,2,9,4,0,1
1123,27.0,1,0,176,5.0,150000.0,3,1,2,0,0
1124,28.0,0,2,20,6.0,150000.0,3,1,3,0,0
1125,37.0,1,3,106,14.0,195000.0,2,4,4,2,1
1126,26.0,1,0,18,3.0,110000.0,0,2,2,0,0
1127,30.0,0,0,176,8.0,180000.0,4,5,3,0,0
1128,31.0,1,2,20,9.0,185000.0,2,9,3,0,0
1129,29.0,0,0,18,7.0,130000.0,4,1,3,0,0
1130,32.0,1,0,176,10.0,190000.0,2,6,3,0,0
1131,28.0,0,2,20,6.0,155000.0,2,6,3,0,0
1132,34.0,1,0,176,12.0,195000.0,3,9,4,0,0
1133,25.0,0,0,18,2.0,90000.0,4,1,0,4,0
1134,30.0,1,0,106,8.0,185000.0,0,2,3,0,1
1135,29.0,0,0,18,6.0,120000.0,0,9,3,0,0
1136,31.0,1,0,176,9.0,180000.0,2,6,3,0,0
1137,26.0,0,0,18,3.0,100000.0,4,9,2,0,0
1138,33.0,1,2,20,10.0,195000.0,0,1,3,0,0
1139,28.0,1,0,176,4.0,160000.0,0,9,2,0,0
1140,27.0,0,0,18,5.0,125000.0,0,9,2,0,0
1141,30.0,1,2,176,6.0,170000.0,0,9,3,0,0
1142,32.0,0,0,20,9.0,185000.0,0,2,3,0,0
1143,29.0,1,0,18,7.0,130000.0,0,1,3,0,0
1144,35.0,0,0,106,12.0,190000.0,3,7,4,0,1
1145,27.0,1,0,176,5.0,150000.0,1,9,2,0,0
1146,28.0,0,2,20,6.0,150000.0,2,6,3,0,0
1147,37.0,1,3,106,14.0,195000.0,0,9,4,2,1
1148,26.0,1,0,18,3.0,110000.0,0,9,2,0,0
1149,30.0,0,0,176,8.0,180000.0,2,4,3,0,0
1150,31.0,1,2,20,9.0,185000.0,3,9,3,0,0
1151,29.0,0,0,18,7.0,130000.0,2,6,3,0,0
1152,32.0,1,0,176,10.0,190000.0,2,6,3,0,0
1153,28.0,0,2,20,6.0,155000.0,2,6,3,0,0
1154,34.0,1,0,176,12.0,195000.0,1,1,4,0,0
1155,25.0,0,0,18,2.0,90000.0,0,9,0,4,0
1156,30.0,1,0,106,8.0,185000.0,1,1,3,0,1
1157,29.0,0,0,18,6.0,120000.0,1,3,3,0,0
1158,31.0,1,0,176,9.0,180000.0,3,1,3,0,0
1159,26.0,0,0,18,3.0,100000.0,3,1,2,0,0
1160,33.0,1,2,20,10.0,195000.0,0,9,3,0,0
1161,28.0,1,0,176,4.0,160000.0,1,9,2,0,0
1162,27.0,0,0,18,5.0,125000.0,2,6,2,0,0
1163,30.0,1,2,176,6.0,170000.0,1,9,3,0,0
1164,32.0,0,0,20,9.0,185000.0,4,5,3,0,0
1165,29.0,1,0,18,7.0,130000.0,0,1,3,0,0
1166,35.0,0,0,106,12.0,190000.0,2,9,4,0,1
1167,27.0,1,0,176,5.0,150000.0,4,1,2,0,0
1168,28.0,0,2,20,6.0,150000.0,1,9,3,0,0
1169,37.0,1,3,106,14.0,195000.0,0,1,4,2,1
1170,26.0,1,0,18,3.0,110000.0,0,9,2,0,0
1171,30.0,0,0,176,8.0,180000.0,3,1,3,0,0
1172,31.0,1,2,20,9.0,185000.0,2,9,3,0,0
1173,29.0,0,0,18,7.0,130000.0,1,3,3,0,0
1174,32.0,1,0,176,10.0,190000.0,1,3,3,0,0
1175,28.0,0,2,20,6.0,155000.0,3,9,3,0,0
1176,34.0,1,0,176,12.0,195000.0,4,0,4,0,0
1177,25.0,0,0,18,2.0,90000.0,1,3,0,4,0
1178,30.0,1,0,106,8.0,185000.0,0,1,3,0,1
1179,29.0,0,0,18,6.0,120000.0,3,1,3,0,0
1180,31.0,1,0,176,9.0,180000.0,4,1,3,0,0
1181,26.0,0,0,18,3.0,100000.0,3,9,2,0,0
1182,33.0,1,2,20,10.0,195000.0,4,1,3,0,0
1183,28.0,1,0,176,4.0,160000.0,4,5,2,0,0
1184,27.0,0,0,18,5.0,125000.0,4,5,2,0,0
1185,30.0,1,2,176,6.0,170000.0,1,9,3,0,0
1186,32.0,0,0,20,9.0,185000.0,1,9,3,0,0
1187,29.0,1,0,18,7.0,130000.0,1,9,3,0,0
1188,35.0,0,0,106,12.0,190000.0,4,1,4,0,1
1189,27.0,1,0,176,5.0,150000.0,0,1,2,0,0
1190,28.0,0,2,20,6.0,150000.0,1,1,3,0,0
1191,37.0,1,3,106,14.0,195000.0,4,0,4,2,1
1192,26.0,1,0,18,3.0,110000.0,3,7,2,0,0
1193,30.0,0,0,176,8.0,180000.0,2,6,3,0,0
1194,31.0,1,2,20,9.0,185000.0,0,1,3,0,0
1195,29.0,0,0,18,7.0,130000.0,0,2,3,0,0
1196,32.0,1,0,176,10.0,190000.0,3,7,3,0,0
1197,28.0,0,2,20,6.0,155000.0,0,9,3,0,0
1198,34.0,1,0,176,12.0,195000.0,0,9,4,0,0
1199,25.0,0,0,18,2.0,90000.0,3,9,0,4,0
1200,30.0,1,0,106,8.0,185000.0,1,3,3,0,1
1201,28.0,1,0,168,7.0,175000.0,4,1,3,0,1
1202,44.0,1,3,177,18.0,190000.0,0,9,4,2,1
1203,33.0,0,2,3,5.0,110000.0,2,9,2,0,0
1204,50.0,1,3,158,16.0,195000.0,1,1,4,3,1
1205,27.0,0,2,44,3.0,100000.0,3,7,2,0,0
1206,25.0,1,0,43,1.0,60000.0,2,6,0,4,0
1207,35.0,1,2,168,8.0,155000.0,0,9,3,0,1
1208,47.0,0,3,44,12.0,175000.0,3,7,4,3,0
1209,46.0,0,2,158,13.0,180000.0,3,8,4,3,1
1210,32.0,1,0,3,4.0,95000.0,3,9,2,0,0
1211,61.0,1,3,177,20.0,200000.0,3,8,4,1,1
1212,41.0,1,2,168,11.0,165000.0,0,2,4,2,1
1213,37.0,1,2,158,9.0,145000.0,3,9,3,2,1
1214,53.0,1,3,177,19.0,195000.0,0,2,4,3,1
1215,30.0,0,0,43,2.0,75000.0,4,1,0,0,0
1216,26.0,0,2,3,3.0,90000.0,1,3,2,0,0
1217,37.0,0,2,168,9.0,155000.0,3,1,3,2,1
1218,32.0,1,0,44,5.0,115000.0,0,9,2,0,0
1219,44.0,0,2,168,12.0,170000.0,1,3,4,2,1
1220,50.0,0,3,177,16.0,190000.0,3,8,4,3,1
1221,27.0,1,0,158,4.0,115000.0,4,9,2,0,1
1222,42.0,1,3,44,14.0,180000.0,2,9,4,2,0
1223,57.0,1,3,177,18.0,195000.0,2,9,4,1,1
1224,35.0,1,2,168,7.0,140000.0,2,9,3,0,1
1225,62.0,1,3,177,19.0,200000.0,3,9,4,1,1
1226,26.0,0,2,3,2.0,70000.0,1,9,0,0,0
1227,42.0,0,2,158,11.0,170000.0,1,1,4,2,1
1228,41.0,0,3,177,14.0,185000.0,1,1,4,2,1
1229,36.0,0,2,44,8.0,140000.0,2,6,3,2,0
1230,49.0,1,3,177,15.0,185000.0,1,3,4,3,1
1231,49.0,1,3,158,15.0,185000.0,0,2,4,3,1
1232,47.0,1,3,177,15.0,180000.0,4,1,4,3,1
1233,47.0,1,3,168,14.0,175000.0,2,6,4,3,1
1234,26.0,1,0,43,2.0,70000.0,1,9,0,0,0
1235,24.0,0,0,3,1.0,60000.0,1,9,0,4,0
1236,62.0,1,3,177,20.0,200000.0,2,6,4,1,1
1237,42.0,1,3,168,14.0,170000.0,0,9,4,2,1
1238,41.0,0,2,158,11.0,165000.0,1,3,4,2,1
1239,23.0,1,0,44,1.0,55000.0,0,1,0,4,0
1240,55.0,1,3,177,17.0,190000.0,4,0,4,3,1
1241,26.0,0,2,3,3.0,90000.0,2,6,2,0,0
1242,33.0,0,0,43,5.0,105000.0,3,8,2,0,0
1243,31.0,1,2,44,6.0,130000.0,2,4,3,0,0
1244,50.0,0,3,177,16.0,185000.0,0,1,4,3,1
1245,24.0,0,2,3,1.0,60000.0,1,1,0,4,0
1246,56.0,1,3,177,17.0,195000.0,2,9,4,1,1
1247,24.0,1,0,43,1.0,60000.0,4,1,0,4,0
1248,37.0,1,2,168,8.0,150000.0,3,7,3,2,1
1249,43.0,0,3,158,13.0,180000.0,4,0,4,2,1
1250,44.0,0,2,168,12.0,170000.0,1,3,4,2,1
1251,34.0,1,2,3,6.0,125000.0,1,9,3,0,0
1252,45.0,1,3,177,15.0,185000.0,2,9,4,2,1
1253,29.0,1,0,44,3.0,90000.0,3,9,2,0,0
1254,29.0,1,0,43,3.0,80000.0,3,7,2,0,0
1255,29.0,0,0,3,3.0,85000.0,0,2,2,0,0
1256,48.0,1,3,158,16.0,190000.0,3,9,4,3,1
1257,43.0,0,2,177,11.0,160000.0,1,9,4,2,1
1258,62.0,1,3,177,19.0,200000.0,3,7,4,1,1
1259,54.0,1,3,177,17.0,195000.0,1,1,4,3,1
1260,60.0,1,3,177,18.0,195000.0,0,9,4,1,1
1261,54.0,0,3,177,14.0,190000.0,0,2,4,3,1
1262,27.0,0,2,44,3.0,95000.0,4,0,2,0,0
1263,23.0,1,0,3,1.0,55000.0,3,1,0,4,0
1264,45.0,1,3,168,13.0,185000.0,1,9,4,2,1
1265,32.0,0,2,44,5.0,120000.0,1,3,2,0,0
1266,57.0,1,3,177,16.0,195000.0,2,6,4,1,1
1267,47.0,1,3,177,14.0,175000.0,2,9,4,3,1
1268,25.0,0,2,3,2.0,75000.0,2,9,0,4,0
1269,58.0,1,3,177,17.0,200000.0,3,8,4,1,1
1270,41.0,0,2,168,12.0,160000.0,1,1,4,2,1
1271,41.0,1,3,177,12.0,175000.0,4,5,4,2,1
1272,26.0,1,0,43,2.0,70000.0,2,6,0,0,0
1273,47.0,1,3,168,15.0,180000.0,3,9,4,3,1
1274,24.0,0,0,3,1.0,60000.0,3,9,0,4,0
1275,48.0,1,3,158,16.0,190000.0,0,2,4,3,1
1276,32.0,1,0,44,5.0,120000.0,0,2,2,0,0
1277,61.0,1,3,177,20.0,200000.0,4,5,4,1,1
1278,45.0,1,3,158,14.0,185000.0,0,1,4,2,1
1279,50.0,0,3,177,16.0,190000.0,1,1,4,3,1
1280,53.0,1,3,177,18.0,195000.0,0,2,4,3,1
1281,47.0,0,3,168,14.0,170000.0,2,9,4,3,1
1282,23.0,1,0,43,1.0,55000.0,0,9,0,4,0
1283,33.0,1,2,3,6.0,130000.0,2,6,3,0,0
1284,42.0,1,3,177,14.0,180000.0,2,4,4,2,1
1285,45.0,1,3,158,14.0,185000.0,0,9,4,2,1
1286,23.0,1,0,43,1.0,55000.0,2,6,0,4,0
1287,37.0,1,2,168,9.0,145000.0,1,9,3,2,1
1288,44.0,0,2,158,12.0,170000.0,2,9,4,2,1
1289,54.0,1,3,177,17.0,195000.0,3,7,4,3,1
1290,38.0,0,2,3,10.0,155000.0,0,1,3,2,0
1291,34.0,1,2,44,6.0,125000.0,4,5,3,0,0
1292,46.0,0,3,177,14.0,180000.0,2,6,4,3,1
1293,30.0,1,0,3,4.0,95000.0,2,4,2,0,0
1294,44.0,0,2,168,11.0,170000.0,1,9,4,2,1
1295,27.0,0,2,44,3.0,100000.0,4,1,2,0,0
1296,42.0,1,3,158,14.0,175000.0,2,6,4,2,1
1297,27.0,1,0,43,3.0,80000.0,3,7,2,0,0
1298,54.0,1,3,177,18.0,195000.0,1,3,4,3,1
1299,38.0,1,2,168,10.0,155000.0,1,3,3,2,1
1300,31.0,1,2,158,6.0,125000.0,2,4,3,0,1
1301,28.0,0,2,44,4.0,110000.0,3,1,2,0,0
1302,30.0,0,2,3,6.0,130000.0,4,1,3,0,0
1303,54.0,1,3,177,16.0,190000.0,3,9,4,3,1
1304,62.0,1,3,177,20.0,200000.0,1,1,4,1,1
1305,62.0,1,3,177,19.0,200000.0,0,1,4,1,1
1306,37.0,1,2,168,9.0,150000.0,3,9,3,2,1
1307,31.0,1,2,168,7.0,140000.0,3,7,3,0,1
1308,58.0,0,3,177,17.0,195000.0,2,9,4,1,1
1309,56.0,1,3,177,17.0,195000.0,3,9,4,1,1
1310,23.0,0,0,3,1.0,55000.0,0,1,0,4,0
1311,49.0,1,3,177,15.0,185000.0,4,9,4,3,1
1312,32.0,0,2,44,5.0,120000.0,4,9,2,0,0
1313,52.0,0,3,177,16.0,190000.0,1,9,4,3,1
1314,32.0,0,2,44,6.0,130000.0,2,6,3,0,0
1315,50.0,0,3,177,16.0,190000.0,4,1,4,3,1
1316,32.0,1,2,3,6.0,130000.0,2,4,3,0,0
1317,34.0,1,2,44,7.0,140000.0,3,9,3,0,0
1318,28.0,1,0,43,2.0,70000.0,0,9,0,0,0
1319,44.0,1,2,158,11.0,170000.0,4,1,4,2,1
1320,55.0,1,3,177,17.0,190000.0,1,9,4,3,1
1321,27.0,1,0,43,3.0,80000.0,0,2,2,0,0
1322,46.0,1,3,177,14.0,180000.0,3,1,4,3,1
1323,27.0,0,2,3,2.0,70000.0,3,7,0,0,0
1324,45.0,1,3,158,14.0,185000.0,2,4,4,2,1
1325,23.0,0,0,43,1.0,55000.0,4,0,0,4,0
1326,36.0,0,2,44,8.0,140000.0,3,9,3,2,0
1327,47.0,0,3,168,14.0,170000.0,1,3,4,3,1
1328,33.0,1,2,3,6.0,130000.0,2,4,3,0,0
1329,43.0,1,3,177,13.0,180000.0,4,0,4,2,1
1330,30.0,1,0,3,4.0,95000.0,4,9,2,0,0
1331,28.0,0,0,43,2.0,70000.0,3,7,0,0,0
1332,43.0,1,2,158,12.0,165000.0,1,9,4,2,1
1333,43.0,1,3,158,13.0,185000.0,2,6,4,2,1
1334,36.0,1,2,168,7.0,140000.0,3,9,3,2,1
1335,24.0,1,0,43,1.0,60000.0,0,9,0,4,0
1336,28.0,0,0,43,3.0,80000.0,0,1,2,0,0
1337,37.0,1,2,168,9.0,150000.0,2,9,3,2,1
1338,41.0,0,3,177,14.0,185000.0,0,1,4,2,1
1339,26.0,1,0,43,2.0,70000.0,1,9,0,0,0
1340,28.0,0,2,3,3.0,90000.0,4,9,2,0,0
1341,43.0,1,3,168,12.0,170000.0,4,1,4,2,1
1342,42.0,1,3,168,14.0,170000.0,4,0,4,2,1
1343,48.0,1,3,158,16.0,190000.0,1,3,4,3,1
1344,27.0,0,2,3,2.0,70000.0,4,5,0,0,0
1345,49.0,1,3,177,15.0,185000.0,1,1,4,3,1
1346,44.0,1,3,158,12.0,170000.0,1,3,4,2,1
1347,27.0,0,2,44,3.0,100000.0,1,1,2,0,0
1348,37.0,1,2,168,10.0,155000.0,2,9,3,2,1
1349,44.0,0,2,158,12.0,170000.0,0,1,4,2,1
1350,56.0,1,3,177,18.0,195000.0,0,2,4,1,1
1351,49.0,1,3,177,15.0,185000.0,1,1,4,3,1
1352,27.0,1,0,43,2.0,70000.0,4,0,0,0,0
1353,48.0,1,3,158,16.0,190000.0,2,6,4,3,1
1354,31.0,1,2,44,7.0,140000.0,0,9,3,0,0
1355,25.0,1,0,43,1.0,60000.0,1,1,0,4,0
1356,50.0,1,3,177,16.0,190000.0,3,9,4,3,1
1357,46.0,1,3,177,14.0,180000.0,2,9,4,3,1
1358,33.0,1,2,44,6.0,130000.0,1,3,3,0,0
1359,42.0,1,3,168,14.0,170000.0,4,1,4,2,1
1360,41.0,1,3,158,12.0,165000.0,0,2,4,2,1
1361,43.0,1,3,158,13.0,185000.0,3,7,4,2,1
1362,32.0,1,2,3,6.0,130000.0,0,1,3,0,0
1363,24.0,1,0,43,1.0,60000.0,4,1,0,4,0
1364,44.0,0,2,168,11.0,170000.0,2,6,4,2,1
1365,36.0,1,2,168,7.0,140000.0,2,9,3,2,1
1366,28.0,0,2,44,4.0,110000.0,0,9,2,0,0
1367,28.0,1,0,43,2.0,70000.0,4,9,0,0,0
1368,37.0,1,2,168,9.0,145000.0,3,1,3,2,1
1369,54.0,1,3,177,16.0,190000.0,4,5,4,3,1
1370,58.0,1,3,177,17.0,200000.0,2,9,4,1,1
1371,27.0,1,0,43,3.0,80000.0,1,3,2,0,0
1372,30.0,1,0,3,4.0,95000.0,4,0,2,0,0
1373,27.0,0,2,44,3.0,100000.0,4,5,2,0,0
1374,54.0,1,3,177,17.0,195000.0,0,1,4,3,1
1375,49.0,1,3,177,15.0,185000.0,2,9,4,3,1
1376,38.0,1,2,168,10.0,155000.0,1,1,3,2,1
1377,54.0,1,3,177,18.0,195000.0,4,9,4,3,1
1378,31.0,1,2,158,6.0,125000.0,4,5,3,0,1
1379,56.0,1,3,177,17.0,195000.0,1,3,4,1,1
1380,31.0,1,2,168,7.0,140000.0,3,7,3,0,1
1381,42.0,1,3,168,14.0,170000.0,2,6,4,2,1
1382,44.0,1,2,158,11.0,170000.0,1,9,4,2,1
1383,37.0,1,2,168,9.0,150000.0,0,1,3,2,1
1384,24.0,0,0,3,1.0,60000.0,4,5,0,4,0
1385,27.0,1,0,43,2.0,70000.0,0,2,0,0,0
1386,42.0,1,3,168,14.0,170000.0,0,9,4,2,1
1387,24.0,0,0,43,1.0,55000.0,4,9,0,4,0
1388,28.0,0,0,43,3.0,80000.0,3,8,2,0,0
1389,43.0,1,3,158,13.0,185000.0,1,1,4,2,1
1390,31.0,1,2,44,7.0,140000.0,2,6,3,0,0
1391,43.0,1,3,177,13.0,180000.0,3,1,4,2,1
1392,27.0,0,2,3,2.0,70000.0,2,6,0,0,0
1393,49.0,1,3,177,15.0,185000.0,3,9,4,3,1
1394,48.0,1,3,158,16.0,190000.0,0,9,4,3,1
1395,30.0,0,2,3,6.0,130000.0,0,2,3,0,0
1396,28.0,0,2,44,4.0,110000.0,2,9,2,0,0
1397,46.0,1,3,177,14.0,180000.0,2,6,4,3,1
1398,37.0,1,2,168,9.0,145000.0,4,0,3,2,1
1399,42.0,1,3,168,14.0,170000.0,2,6,4,2,1
1400,43.0,1,3,158,12.0,165000.0,2,4,4,2,1
1401,31.0,1,2,168,7.0,140000.0,1,9,3,0,1
1402,56.0,1,3,177,17.0,195000.0,2,9,4,1,1
1403,37.0,1,2,168,10.0,155000.0,4,9,3,2,1
1404,54.0,1,3,177,16.0,190000.0,0,1,4,3,1
1405,58.0,1,3,177,17.0,195000.0,1,1,4,1,1
1406,33.0,1,2,3,6.0,130000.0,2,4,3,0,0
1407,29.0,0,0,43,3.0,85000.0,3,9,2,0,0
1408,52.0,1,3,177,18.0,200000.0,2,9,4,3,1
1409,36.0,1,2,44,8.0,140000.0,4,5,3,2,0
1410,26.0,1,0,3,2.0,65000.0,3,1,0,0,0
1411,47.0,1,3,158,16.0,190000.0,0,2,4,3,1
1412,32.0,1,2,44,6.0,120000.0,1,3,3,0,0
1413,29.0,1,0,43,3.0,80000.0,4,1,2,0,0
1414,28.0,0,2,3,3.0,90000.0,4,5,2,0,0
1415,54.0,1,3,177,16.0,190000.0,4,1,4,3,1
1416,57.0,1,3,177,18.0,200000.0,0,2,4,1,1
1417,51.0,1,3,177,16.0,190000.0,3,7,4,3,1
1418,28.0,0,2,44,4.0,110000.0,1,1,2,0,0
1419,46.0,1,3,177,14.0,180000.0,2,9,4,3,1
1420,27.0,0,2,3,2.0,65000.0,0,1,0,0,0
1421,45.0,1,3,158,14.0,185000.0,4,5,4,2,1
1422,23.0,0,0,43,1.0,55000.0,0,2,0,4,0
1423,36.0,1,2,44,7.0,130000.0,1,1,3,2,0
1424,48.0,1,3,158,16.0,190000.0,2,6,4,3,1
1425,33.0,0,2,44,5.0,120000.0,0,2,2,0,0
1426,38.0,0,2,3,10.0,155000.0,0,2,3,2,0
1427,51.0,1,3,177,16.0,190000.0,4,5,4,3,1
1428,27.0,0,2,44,3.0,100000.0,0,1,2,0,0
1429,37.0,1,2,168,9.0,150000.0,2,4,3,2,1
1430,44.0,0,2,158,12.0,170000.0,4,9,4,2,1
1431,27.0,1,0,43,3.0,80000.0,0,2,2,0,0
1432,38.0,1,2,168,10.0,155000.0,3,1,3,2,1
1433,54.0,1,3,177,17.0,195000.0,4,0,4,3,1
1434,49.0,1,3,177,15.0,185000.0,4,1,4,3,1
1435,27.0,1,0,43,2.0,70000.0,0,9,0,0,0
1436,48.0,1,3,158,16.0,190000.0,2,9,4,3,1
1437,31.0,1,2,44,7.0,140000.0,4,1,3,0,0
1438,25.0,1,0,43,1.0,55000.0,4,9,0,4,0
1439,50.0,1,3,177,16.0,190000.0,0,2,4,3,1
1440,46.0,1,3,177,14.0,180000.0,1,9,4,3,1
1441,33.0,1,2,44,6.0,130000.0,4,0,3,0,0
1442,42.0,1,3,168,14.0,170000.0,4,1,4,2,1
1443,41.0,1,3,158,12.0,165000.0,3,9,4,2,1
1444,43.0,1,3,158,13.0,185000.0,2,9,4,2,1
1445,32.0,1,2,3,6.0,130000.0,2,6,3,0,0
1446,24.0,1,0,43,1.0,60000.0,4,5,0,4,0
1447,44.0,0,2,168,11.0,170000.0,0,2,4,2,1
1448,36.0,1,2,168,7.0,140000.0,0,1,3,2,1
1449,28.0,0,2,44,4.0,110000.0,1,1,2,0,0
1450,28.0,1,0,43,2.0,70000.0,2,6,0,0,0
1451,37.0,1,2,168,9.0,145000.0,1,3,3,2,1
1452,54.0,1,3,177,16.0,190000.0,2,9,4,3,1
1453,58.0,1,3,177,17.0,200000.0,1,3,4,1,1
1454,27.0,1,0,43,3.0,80000.0,1,9,2,0,0
1455,30.0,1,0,3,4.0,95000.0,3,9,2,0,0
1456,27.0,0,2,44,3.0,100000.0,3,9,2,0,0
1457,54.0,1,3,177,17.0,195000.0,3,1,4,3,1
1458,49.0,1,3,177,15.0,185000.0,4,0,4,3,1
1459,38.0,1,2,168,10.0,155000.0,4,1,3,2,1
1460,54.0,1,3,177,18.0,195000.0,2,4,4,3,1
1461,31.0,1,2,158,6.0,125000.0,2,6,3,0,1
1462,56.0,1,3,177,17.0,195000.0,2,6,4,1,1
1463,31.0,1,2,168,7.0,140000.0,1,3,3,0,1
1464,42.0,1,3,168,14.0,170000.0,0,2,4,2,1
1465,44.0,1,2,158,11.0,170000.0,0,9,4,2,1
1466,37.0,1,2,168,9.0,150000.0,1,1,3,2,1
1467,24.0,0,0,3,1.0,60000.0,0,2,0,4,0
1468,27.0,1,0,43,2.0,70000.0,3,8,0,0,0
1469,42.0,1,3,168,14.0,170000.0,0,9,4,2,1
1470,24.0,0,0,43,1.0,55000.0,3,8,0,4,0
1471,28.0,0,0,43,3.0,80000.0,0,9,2,0,0
1472,43.0,1,3,158,13.0,185000.0,2,9,4,2,1
1473,31.0,1,2,44,7.0,140000.0,0,9,3,0,0
1474,43.0,1,3,177,13.0,180000.0,0,9,4,2,1
1475,27.0,0,2,3,2.0,70000.0,1,9,0,0,0
1476,49.0,1,3,177,15.0,185000.0,3,8,4,3,1
1477,48.0,1,3,158,16.0,190000.0,1,9,4,3,1
1478,31.0,1,2,158,6.0,125000.0,1,1,3,0,1
1479,40.0,1,3,168,12.0,160000.0,3,7,4,2,1
1480,36.0,1,2,168,8.0,140000.0,2,9,3,2,1
1481,54.0,1,3,177,17.0,195000.0,0,9,4,3,1
1482,27.0,1,0,43,2.0,70000.0,4,0,0,0,0
1483,28.0,1,0,43,2.0,70000.0,3,9,0,0,0
1484,44.0,1,2,158,11.0,170000.0,1,3,4,2,1
1485,43.0,1,3,158,13.0,185000.0,2,6,4,2,1
1486,54.0,1,3,177,17.0,195000.0,1,3,4,3,1
1487,32.0,1,2,3,6.0,130000.0,4,1,3,0,0
1488,38.0,1,2,168,10.0,155000.0,2,9,3,2,1
1489,49.0,1,3,177,15.0,185000.0,0,1,4,3,1
1490,27.0,1,0,43,3.0,80000.0,3,7,2,0,0
1491,54.0,1,3,177,17.0,195000.0,2,4,4,3,1
1492,31.0,1,2,158,7.0,135000.0,0,2,3,0,1
1493,24.0,1,0,3,1.0,55000.0,1,9,0,4,0
1494,48.0,1,3,158,16.0,190000.0,0,1,4,3,1
1495,27.0,0,2,3,2.0,70000.0,2,4,0,0,0
1496,43.0,1,3,158,13.0,185000.0,0,2,4,2,1
1497,44.0,1,2,158,11.0,170000.0,0,2,4,2,1
1498,37.0,1,2,168,9.0,150000.0,2,6,3,2,1
1499,56.0,1,3,177,17.0,195000.0,1,9,4,1,1
1500,28.0,1,0,43,2.0,70000.0,3,7,0,0,0
1501,54.0,1,3,177,17.0,195000.0,4,1,4,3,1
1502,31.0,1,2,158,6.0,125000.0,2,4,3,0,1
1503,49.0,1,3,177,15.0,185000.0,0,2,4,3,1
1504,27.0,0,2,3,2.0,70000.0,3,7,0,0,0
1505,38.0,1,2,168,10.0,155000.0,0,9,3,2,1
1506,27.0,1,0,43,3.0,80000.0,1,9,2,0,0
1507,43.0,1,3,158,13.0,185000.0,2,9,4,2,1
1508,48.0,1,3,158,16.0,190000.0,1,1,4,3,1
1509,44.0,1,2,158,11.0,170000.0,1,1,4,2,1
1510,54.0,1,3,177,17.0,195000.0,2,4,4,3,1
1511,37.0,1,2,168,9.0,150000.0,3,7,3,2,1
1512,28.0,1,0,43,2.0,70000.0,2,9,0,0,0
1513,27.0,0,2,3,2.0,70000.0,4,1,0,0,0
1514,49.0,1,3,177,15.0,185000.0,3,8,4,3,1
1515,31.0,1,2,158,7.0,135000.0,0,1,3,0,1
1516,27.0,1,0,43,3.0,80000.0,1,9,2,0,0
1517,54.0,1,3,177,17.0,195000.0,3,8,4,3,1
1518,38.0,1,2,168,10.0,155000.0,0,2,3,2,1
1519,44.0,1,2,158,11.0,170000.0,3,8,4,2,1
1520,43.0,1,3,158,13.0,185000.0,1,3,4,2,1
1521,27.0,1,0,43,2.0,70000.0,1,3,0,0,0
1522,48.0,1,3,158,16.0,190000.0,1,3,4,3,1
1523,31.0,1,2,158,6.0,125000.0,4,1,3,0,1
1524,54.0,1,3,177,17.0,195000.0,0,2,4,3,1
1525,37.0,1,2,168,9.0,150000.0,1,9,3,2,1
1526,28.0,1,0,43,2.0,70000.0,3,7,0,0,0
1527,27.0,0,2,3,2.0,70000.0,2,6,0,0,0
1528,34.0,1,0,43,5.0,95000.0,1,9,2,0,0
1529,43.0,0,2,168,12.0,170000.0,0,1,4,2,1
1530,27.0,1,0,3,2.0,75000.0,0,1,0,0,0
1531,56.0,0,3,177,18.0,210000.0,2,9,4,1,1
1532,32.0,1,2,44,7.0,135000.0,4,9,3,0,0
1533,40.0,1,3,168,12.0,160000.0,2,9,4,2,1
1534,23.0,1,0,43,1.0,55000.0,4,0,0,4,0
1535,46.0,1,3,158,16.0,190000.0,3,9,4,3,1
1536,41.0,0,3,158,11.0,165000.0,3,1,4,2,1
1537,28.0,0,0,43,3.0,80000.0,1,3,2,0,0
1538,34.0,1,0,3,6.0,120000.0,0,1,3,0,0
1539,49.0,1,3,177,15.0,185000.0,3,7,4,3,1
1540,43.0,1,3,158,13.0,185000.0,1,3,4,2,1
1541,54.0,1,3,177,16.0,190000.0,3,7,4,3,1
1542,36.0,1,2,168,8.0,140000.0,1,3,3,2,1
1543,33.0,1,2,44,6.0,130000.0,3,8,3,0,0
1544,27.0,0,2,3,2.0,70000.0,1,9,0,0,0
1545,44.0,1,2,158,11.0,170000.0,1,9,4,2,1
1546,31.0,1,2,158,6.0,125000.0,2,6,3,0,1
1547,38.0,1,2,168,10.0,155000.0,4,5,3,2,1
1548,27.0,1,0,43,2.0,70000.0,4,0,0,0,0
1549,54.0,1,3,177,17.0,195000.0,0,9,4,3,1
1550,31.0,1,2,168,7.0,140000.0,2,9,3,0,1
1551,32.0,1,2,3,6.0,130000.0,4,9,3,0,0
1552,38.0,0,2,3,10.0,155000.0,3,1,3,2,0
1553,51.0,1,3,177,16.0,190000.0,0,1,4,3,1
1554,28.0,1,0,43,2.0,70000.0,3,7,0,0,0
1555,27.0,1,0,43,3.0,80000.0,1,1,2,0,0
1556,43.0,1,3,158,13.0,185000.0,2,9,4,2,1
1557,27.0,0,2,44,3.0,100000.0,4,9,2,0,0
1558,49.0,1,3,177,15.0,185000.0,0,1,4,3,1
1559,48.0,1,3,158,16.0,190000.0,0,2,4,3,1
1560,31.0,1,2,158,7.0,135000.0,0,9,3,0,1
1561,40.0,0,3,168,12.0,160000.0,4,9,4,2,1
1562,24.0,1,0,43,1.0,55000.0,1,9,0,4,0
1563,27.0,1,0,43,3.0,80000.0,4,9,2,0,0
1564,42.0,1,3,168,14.0,170000.0,1,1,4,2,1
1565,24.0,0,0,43,1.0,55000.0,3,8,0,4,0
1566,28.0,0,0,43,3.0,80000.0,4,0,2,0,0
1567,43.0,1,3,158,13.0,185000.0,2,9,4,2,1
1568,31.0,1,2,44,7.0,140000.0,4,1,3,0,0
1569,43.0,1,3,177,13.0,180000.0,2,9,4,2,1
1570,27.0,0,2,3,2.0,70000.0,0,2,0,0,0
1571,49.0,1,3,177,15.0,185000.0,4,0,4,3,1
1572,48.0,1,3,158,16.0,190000.0,3,7,4,3,1
1573,31.0,1,2,158,6.0,125000.0,1,1,3,0,1
1574,40.0,1,3,168,12.0,160000.0,2,4,4,2,1
1575,36.0,1,2,168,8.0,140000.0,3,8,3,2,1
1576,54.0,1,3,177,17.0,195000.0,1,1,4,3,1
1577,27.0,1,0,43,2.0,70000.0,0,2,0,0,0
1578,28.0,1,0,43,2.0,70000.0,4,0,0,0,0
1579,44.0,1,2,158,11.0,170000.0,2,9,4,2,1
1580,43.0,1,3,158,13.0,185000.0,2,4,4,2,1
1581,54.0,1,3,177,17.0,195000.0,3,1,4,3,1
1582,32.0,1,2,3,6.0,130000.0,0,2,3,0,0
1583,38.0,1,2,168,10.0,155000.0,3,7,3,2,1
1584,49.0,1,3,177,15.0,185000.0,3,7,4,3,1
1585,27.0,1,0,43,3.0,80000.0,1,3,2,0,0
1586,54.0,1,3,177,17.0,195000.0,0,9,4,3,1
1587,31.0,1,2,158,7.0,135000.0,3,9,3,0,1
1588,24.0,1,0,3,1.0,55000.0,1,9,0,4,0
1589,48.0,1,3,158,16.0,190000.0,4,9,4,3,1
1590,27.0,0,2,3,2.0,70000.0,1,3,0,0,0
1591,43.0,1,3,158,13.0,185000.0,4,5,4,2,1
1592,44.0,1,2,158,11.0,170000.0,1,1,4,2,1
1593,37.0,1,2,168,9.0,150000.0,1,1,3,2,1
1594,56.0,1,3,177,17.0,195000.0,3,8,4,1,1
1595,28.0,1,0,43,2.0,70000.0,4,5,0,0,0
1596,54.0,1,3,177,17.0,195000.0,1,1,4,3,1
1597,31.0,1,2,158,6.0,125000.0,4,1,3,0,1
1598,49.0,1,3,177,15.0,185000.0,2,9,4,3,1
1599,54.0,1,3,177,17.0,195000.0,1,3,4,3,1
1600,27.0,1,0,43,3.0,80000.0,0,9,2,0,0
1601,42.0,1,3,168,14.0,170000.0,2,6,4,2,1
1602,38.0,1,2,168,10.0,155000.0,2,9,3,2,1
1603,43.0,1,3,158,13.0,185000.0,1,9,4,2,1
1604,27.0,1,0,43,2.0,70000.0,1,1,0,0,0
1605,31.0,1,2,44,7.0,140000.0,1,1,3,0,0
1606,54.0,1,3,177,17.0,195000.0,3,1,4,3,1
1607,36.0,1,2,168,8.0,140000.0,1,3,3,2,1
1608,27.0,0,2,3,2.0,70000.0,4,0,0,0,0
1609,49.0,1,3,177,15.0,185000.0,2,4,4,3,1
1610,48.0,1,3,158,16.0,190000.0,3,7,4,3,1
1611,31.0,1,2,158,7.0,135000.0,4,0,3,0,1
1612,40.0,0,3,168,12.0,160000.0,3,9,4,2,1
1613,24.0,1,0,43,1.0,55000.0,3,8,0,4,0
1614,27.0,1,0,43,3.0,80000.0,2,4,2,0,0
1615,43.0,1,3,158,13.0,185000.0,4,9,4,2,1
1616,27.0,0,2,44,3.0,100000.0,3,7,2,0,0
1617,49.0,1,3,177,15.0,185000.0,3,1,4,3,1
1618,48.0,1,3,158,16.0,190000.0,4,9,4,3,1
1619,31.0,1,2,158,6.0,125000.0,3,9,3,0,1
1620,40.0,1,3,168,12.0,160000.0,4,5,4,2,1
1621,36.0,1,2,168,8.0,140000.0,2,6,3,2,1
1622,54.0,1,3,177,17.0,195000.0,3,1,4,3,1
1623,27.0,1,0,43,2.0,70000.0,0,2,0,0,0
1624,28.0,1,0,43,2.0,70000.0,1,3,0,0,0
1625,44.0,1,2,158,11.0,170000.0,1,9,4,2,1
1626,43.0,1,3,158,13.0,185000.0,3,8,4,2,1
1627,54.0,1,3,177,17.0,195000.0,1,3,4,3,1
1628,32.0,1,2,3,6.0,130000.0,1,1,3,0,0
1629,38.0,1,2,168,10.0,155000.0,1,9,3,2,1
1630,49.0,1,3,177,15.0,185000.0,1,9,4,3,1
1631,27.0,1,0,43,3.0,80000.0,4,0,2,0,0
1632,54.0,1,3,177,17.0,195000.0,2,9,4,3,1
1633,31.0,1,2,158,7.0,135000.0,0,1,3,0,1
1634,24.0,1,0,3,1.0,55000.0,4,5,0,4,0
1635,48.0,1,3,158,16.0,190000.0,1,1,4,3,1
1636,27.0,0,2,3,2.0,70000.0,3,7,0,0,0
1637,43.0,1,3,158,13.0,185000.0,3,7,4,2,1
1638,44.0,1,2,158,11.0,170000.0,4,0,4,2,1
1639,37.0,1,2,168,9.0,150000.0,3,1,3,2,1
1640,56.0,1,3,177,17.0,195000.0,4,9,4,1,1
1641,28.0,1,0,43,2.0,70000.0,1,3,0,0,0
1642,54.0,1,3,177,17.0,195000.0,4,0,4,3,1
1643,31.0,1,2,158,6.0,125000.0,2,9,3,0,1
1644,49.0,1,3,177,15.0,185000.0,0,9,4,3,1
1645,54.0,1,3,177,17.0,195000.0,2,4,4,3,1
1646,27.0,1,0,43,3.0,80000.0,3,8,2,0,0
1647,42.0,1,3,168,14.0,170000.0,2,9,4,2,1
1648,38.0,1,2,168,10.0,155000.0,0,1,3,2,1
1649,36.0,1,0,43,7.0,120000.0,3,1,3,2,0
1650,29.0,0,2,3,3.0,90000.0,4,1,2,0,0
1651,41.0,0,3,177,14.0,180000.0,3,1,4,2,1
1652,33.0,1,0,44,7.0,130000.0,3,8,3,0,0
1653,42.0,1,3,168,12.0,170000.0,2,6,4,2,1
1654,28.0,1,0,3,2.0,70000.0,3,8,0,0,0
1655,55.0,1,3,177,18.0,210000.0,2,9,4,3,1
1656,26.0,0,2,43,1.0,55000.0,1,1,0,0,0
1657,47.0,1,3,158,16.0,190000.0,3,8,4,3,1
1658,44.0,0,3,177,11.0,165000.0,1,3,4,2,1
1659,30.0,1,2,44,5.0,105000.0,2,6,2,0,0
1660,39.0,0,2,168,11.0,160000.0,3,8,4,2,1
1661,32.0,1,0,43,6.0,110000.0,1,3,3,0,0
1662,50.0,1,3,177,17.0,195000.0,2,6,4,3,1
1663,27.0,1,0,3,3.0,85000.0,2,4,2,0,0
1664,46.0,1,3,158,14.0,180000.0,3,9,4,3,1
1665,25.0,0,0,43,1.0,55000.0,0,9,0,4,0
1666,43.0,1,3,158,13.0,185000.0,3,8,4,2,1
1667,35.0,1,0,3,8.0,140000.0,1,3,3,0,0
1668,29.0,0,2,3,3.0,90000.0,3,7,2,0,0
1669,40.0,0,3,168,12.0,160000.0,4,9,4,2,1
1670,35.0,1,0,44,8.0,145000.0,2,9,3,0,0
1671,41.0,1,3,158,13.0,185000.0,0,9,4,2,1
1672,30.0,1,2,44,5.0,105000.0,3,9,2,0,0
1673,33.0,1,0,43,6.0,110000.0,0,1,3,0,0
1674,55.0,1,3,177,18.0,210000.0,3,1,4,3,1
1675,26.0,0,2,43,1.0,55000.0,3,7,0,0,0
1676,47.0,1,3,158,16.0,190000.0,4,0,4,3,1
1677,44.0,0,3,177,11.0,165000.0,3,1,4,2,1
1678,30.0,1,2,44,5.0,105000.0,4,9,2,0,0
1679,39.0,0,2,168,11.0,160000.0,2,6,4,2,1
1680,32.0,1,0,43,6.0,110000.0,4,5,3,0,0
1681,50.0,1,3,177,17.0,195000.0,0,2,4,3,1
1682,27.0,1,0,3,3.0,85000.0,3,7,2,0,0
1683,46.0,1,3,158,14.0,180000.0,0,1,4,3,1
1684,25.0,0,0,43,1.0,55000.0,3,1,0,4,0
1685,43.0,1,3,158,13.0,185000.0,4,0,4,2,1
1686,35.0,1,0,3,8.0,140000.0,0,1,3,0,0
1687,29.0,0,2,3,3.0,90000.0,1,3,2,0,0
1688,40.0,0,3,168,12.0,160000.0,4,5,4,2,1
1689,35.0,1,0,44,8.0,145000.0,3,7,3,0,0
1690,41.0,1,3,158,13.0,185000.0,3,9,4,2,1
1691,30.0,1,2,44,5.0,105000.0,0,1,2,0,0
1692,33.0,1,0,43,6.0,110000.0,4,0,3,0,0
1693,55.0,1,3,177,18.0,210000.0,2,4,4,3,1
1694,26.0,0,2,43,1.0,55000.0,0,2,0,0,0
1695,47.0,1,3,158,16.0,190000.0,4,5,4,3,1
1696,44.0,0,3,177,11.0,165000.0,1,3,4,2,1
1697,30.0,1,2,44,5.0,105000.0,4,0,2,0,0
1698,39.0,0,2,168,11.0,160000.0,1,9,4,2,1
1699,32.0,1,0,43,6.0,110000.0,0,2,3,0,0
1700,50.0,1,3,177,17.0,195000.0,0,9,4,3,1
1701,27.0,1,0,3,3.0,85000.0,1,3,2,0,0
1702,46.0,1,3,158,14.0,180000.0,0,9,4,3,1
1703,25.0,0,0,43,1.0,55000.0,4,9,0,4,0
1704,43.0,1,3,158,13.0,185000.0,2,9,4,2,1
1705,35.0,1,0,3,8.0,140000.0,0,2,3,0,0
1706,29.0,0,2,3,3.0,90000.0,1,3,2,0,0
1707,40.0,0,3,168,12.0,160000.0,0,1,4,2,1
1708,35.0,1,0,44,8.0,145000.0,1,1,3,0,0
1709,41.0,1,3,158,13.0,185000.0,0,2,4,2,1
1710,30.0,1,2,44,5.0,105000.0,3,1,2,0,0
1711,33.0,1,0,43,6.0,110000.0,0,2,3,0,0
1712,55.0,1,3,177,18.0,210000.0,3,1,4,3,1
1713,26.0,0,2,43,1.0,55000.0,4,1,0,0,0
1714,47.0,1,3,158,16.0,190000.0,0,1,4,3,1
1715,44.0,0,3,177,11.0,165000.0,2,9,4,2,1
1716,30.0,1,2,44,5.0,105000.0,2,6,2,0,0
1717,39.0,0,2,168,11.0,160000.0,0,1,4,2,1
1718,32.0,1,0,43,6.0,110000.0,4,9,3,0,0
1719,50.0,1,3,177,17.0,195000.0,0,2,4,3,1
1720,27.0,1,0,3,3.0,85000.0,1,3,2,0,0
1721,46.0,1,3,158,14.0,180000.0,3,8,4,3,1
1722,25.0,0,0,43,1.0,55000.0,3,9,0,4,0
1723,43.0,1,3,158,13.0,185000.0,0,1,4,2,1
1724,35.0,1,0,3,8.0,140000.0,2,4,3,0,0
1725,29.0,0,2,3,3.0,90000.0,0,9,2,0,0
1726,40.0,0,3,168,12.0,160000.0,0,9,4,2,1
1727,35.0,1,0,44,8.0,145000.0,2,9,3,0,0
1728,41.0,1,3,158,13.0,185000.0,0,1,4,2,1
1729,30.0,1,2,44,5.0,105000.0,3,9,2,0,0
1730,33.0,1,0,43,6.0,110000.0,4,1,3,0,0
1731,55.0,1,3,177,18.0,210000.0,4,5,4,3,1
1732,26.0,0,2,43,1.0,55000.0,3,7,0,0,0
1733,47.0,1,3,158,16.0,190000.0,4,0,4,3,1
1734,44.0,0,3,177,11.0,165000.0,2,4,4,2,1
1735,30.0,1,2,44,5.0,105000.0,3,7,2,0,0
1736,39.0,0,2,168,11.0,160000.0,0,1,4,2,1
1737,32.0,1,0,43,6.0,110000.0,4,1,3,0,0
1738,50.0,1,3,177,17.0,195000.0,2,9,4,3,1
1739,27.0,1,0,3,3.0,85000.0,0,1,2,0,0
1740,46.0,1,3,158,14.0,180000.0,1,3,4,3,1
1741,25.0,0,0,43,1.0,55000.0,1,1,0,4,0
1742,43.0,1,3,158,13.0,185000.0,0,1,4,2,1
1743,35.0,1,0,3,8.0,140000.0,0,2,3,0,0
1744,29.0,0,2,3,3.0,90000.0,0,1,2,0,0
1745,40.0,0,3,168,12.0,160000.0,2,6,4,2,1
1746,35.0,1,0,44,8.0,145000.0,3,7,3,0,0
1747,41.0,1,3,158,13.0,185000.0,1,3,4,2,1
1748,30.0,1,2,44,5.0,105000.0,2,6,2,0,0
1749,33.0,1,0,43,6.0,110000.0,1,1,3,0,0
1750,55.0,1,3,177,18.0,210000.0,4,9,4,3,1
1751,26.0,0,2,43,1.0,55000.0,0,2,0,0,0
1752,47.0,1,3,158,16.0,190000.0,4,0,4,3,1
1753,44.0,0,3,177,11.0,165000.0,1,1,4,2,1
1754,30.0,1,2,44,5.0,105000.0,0,1,2,0,0
1755,39.0,0,2,168,11.0,160000.0,1,9,4,2,1
1756,32.0,1,0,43,6.0,110000.0,1,3,3,0,0
1757,50.0,1,3,177,17.0,195000.0,4,9,4,3,1
1758,27.0,1,0,3,3.0,85000.0,4,0,2,0,0
1759,46.0,1,3,158,14.0,180000.0,4,0,4,3,1
1760,25.0,0,0,43,1.0,55000.0,0,9,0,4,0
1761,43.0,1,3,158,13.0,185000.0,0,9,4,2,1
1762,35.0,1,0,3,8.0,140000.0,4,0,3,0,0
1763,29.0,0,2,3,3.0,90000.0,4,5,2,0,0
1764,40.0,0,3,168,12.0,160000.0,2,4,4,2,1
1765,35.0,1,0,44,8.0,145000.0,2,4,3,0,0
1766,41.0,1,3,158,13.0,185000.0,4,1,4,2,1
1767,30.0,1,2,44,5.0,105000.0,0,9,2,0,0
1768,33.0,1,0,43,6.0,110000.0,0,1,3,0,0
1769,55.0,1,3,177,18.0,210000.0,2,6,4,3,1
1770,31.0,1,0,43,6.0,115000.0,0,2,3,0,0
1771,42.0,0,2,177,13.0,170000.0,0,1,4,2,1
1772,27.0,0,0,3,3.0,80000.0,1,1,2,0,0
1773,51.0,1,3,158,19.0,200000.0,3,7,4,3,1
1774,34.0,0,2,44,7.0,130000.0,0,9,3,0,0
1775,38.0,1,0,177,11.0,155000.0,1,1,4,2,1
1776,29.0,1,0,43,5.0,105000.0,2,9,2,0,0
1777,43.0,0,3,158,14.0,190000.0,0,2,4,2,1
1778,36.0,1,2,3,8.0,140000.0,4,0,3,2,0
1779,48.0,1,3,177,16.0,185000.0,0,1,4,3,1
1780,35.0,0,0,44,8.0,145000.0,0,9,3,0,0
1781,30.0,0,2,43,4.0,90000.0,2,4,2,0,0
1782,50.0,1,3,158,18.0,195000.0,0,2,4,3,1
1783,29.0,1,0,3,4.0,95000.0,4,1,2,0,0
1784,41.0,1,2,177,13.0,170000.0,2,9,4,2,1
1785,33.0,0,0,44,6.0,115000.0,3,8,3,0,0
1786,45.0,1,3,158,16.0,185000.0,3,7,4,2,1
1787,28.0,0,0,43,2.0,65000.0,4,0,0,0,0
1788,39.0,0,2,177,12.0,160000.0,4,0,4,2,1
1789,30.0,1,0,3,5.0,100000.0,3,7,2,0,0
1790,46.0,1,3,158,15.0,180000.0,1,9,4,3,1
1791,25.0,0,0,43,1.0,55000.0,1,3,0,4,0
1792,42.0,1,3,177,14.0,190000.0,3,7,4,2,1
1793,31.0,1,0,44,6.0,115000.0,0,1,3,0,0
1794,49.0,0,3,158,17.0,195000.0,0,2,4,3,1
1795,36.0,1,2,3,9.0,150000.0,1,9,3,2,0
1796,33.0,0,0,44,6.0,115000.0,2,4,3,0,0
1797,45.0,1,3,177,16.0,185000.0,1,9,4,2,1
1798,28.0,0,0,43,2.0,65000.0,1,9,0,0,0
1799,39.0,0,2,177,12.0,160000.0,3,7,4,2,1
1800,30.0,1,0,3,5.0,100000.0,4,0,2,0,0
1801,46.0,1,3,158,15.0,180000.0,4,5,4,3,1
1802,25.0,0,0,43,1.0,55000.0,0,1,0,4,0
1803,42.0,1,3,177,14.0,190000.0,2,6,4,2,1
1804,31.0,1,0,44,6.0,115000.0,2,4,3,0,0
1805,49.0,0,3,158,17.0,195000.0,4,9,4,3,1
1806,36.0,1,2,3,9.0,150000.0,3,9,3,2,0
1807,33.0,0,0,44,6.0,115000.0,4,5,3,0,0
1808,45.0,1,3,177,16.0,185000.0,3,9,4,2,1
1809,28.0,0,0,43,2.0,65000.0,3,8,0,0,0
1810,39.0,0,2,177,12.0,160000.0,3,8,4,2,1
1811,30.0,1,0,3,5.0,100000.0,4,0,2,0,0
1812,46.0,1,3,158,15.0,180000.0,4,5,4,3,1
1813,25.0,0,0,43,1.0,55000.0,3,1,0,4,0
1814,42.0,1,3,177,14.0,190000.0,0,1,4,2,1
1815,31.0,1,0,44,6.0,115000.0,2,4,3,0,0
1816,49.0,0,3,158,17.0,195000.0,1,3,4,3,1
1817,36.0,1,2,3,9.0,150000.0,2,6,3,2,0
1818,33.0,0,0,44,6.0,115000.0,4,9,3,0,0
1819,45.0,1,3,177,16.0,185000.0,4,1,4,2,1
1820,28.0,0,0,43,2.0,65000.0,1,3,0,0,0
1821,39.0,0,2,177,12.0,160000.0,3,8,4,2,1
1822,30.0,1,0,3,5.0,100000.0,0,2,2,0,0
1823,46.0,1,3,158,15.0,180000.0,1,1,4,3,1
1824,25.0,0,0,43,1.0,55000.0,3,7,0,4,0
1825,42.0,1,3,177,14.0,190000.0,2,4,4,2,1
1826,31.0,1,0,44,6.0,115000.0,2,6,3,0,0
1827,49.0,0,3,158,17.0,195000.0,3,8,4,3,1
1828,36.0,1,2,3,9.0,150000.0,0,2,3,2,0
1829,33.0,0,0,44,6.0,115000.0,2,6,3,0,0
1830,45.0,1,3,177,16.0,185000.0,4,0,4,2,1
1831,28.0,0,0,43,2.0,65000.0,2,9,0,0,0
1832,39.0,0,2,177,12.0,160000.0,2,6,4,2,1
1833,30.0,1,0,3,5.0,100000.0,1,1,2,0,0
1834,46.0,1,3,158,15.0,180000.0,2,6,4,3,1
1835,25.0,0,0,43,1.0,55000.0,4,1,0,4,0
1836,42.0,1,3,177,14.0,190000.0,0,2,4,2,1
1837,31.0,1,0,44,6.0,115000.0,1,1,3,0,0
1838,49.0,0,3,158,17.0,195000.0,1,3,4,3,1
1839,36.0,1,2,3,9.0,150000.0,1,1,3,2,0
1840,33.0,0,0,44,6.0,115000.0,0,2,3,0,0
1841,45.0,1,3,177,16.0,185000.0,2,4,4,2,1
1842,28.0,0,0,43,2.0,65000.0,0,1,0,0,0
1843,39.0,0,2,177,12.0,160000.0,1,1,4,2,1
1844,30.0,1,0,3,5.0,100000.0,3,1,2,0,0
1845,46.0,1,3,158,15.0,180000.0,4,0,4,3,1
1846,25.0,0,0,43,1.0,55000.0,0,9,0,4,0
1847,42.0,1,3,177,14.0,190000.0,0,2,4,2,1
1848,31.0,1,0,44,6.0,115000.0,1,1,3,0,0
1849,49.0,0,3,158,17.0,195000.0,1,9,4,3,1
1850,36.0,1,2,3,9.0,150000.0,3,8,3,2,0
1851,33.0,0,0,44,6.0,115000.0,4,1,3,0,0
1852,45.0,1,3,177,16.0,185000.0,3,9,4,2,1
1853,28.0,0,0,43,2.0,65000.0,0,2,0,0,0
1854,39.0,0,2,177,12.0,160000.0,0,9,4,2,1
1855,30.0,1,0,3,5.0,100000.0,4,1,2,0,0
1856,46.0,1,3,158,15.0,180000.0,3,9,4,3,1
1857,25.0,0,0,43,1.0,55000.0,4,0,0,4,0
1858,42.0,1,3,177,14.0,190000.0,3,7,4,2,1
1859,31.0,1,0,44,6.0,115000.0,3,8,3,0,0
1860,49.0,0,3,158,17.0,195000.0,4,0,4,3,1
1861,36.0,1,2,3,9.0,150000.0,0,1,3,2,0
1862,33.0,0,0,44,6.0,115000.0,3,1,3,0,0
1863,45.0,1,3,177,16.0,185000.0,0,1,4,2,1
1864,28.0,0,0,43,2.0,65000.0,1,1,0,0,0
1865,39.0,0,2,177,12.0,160000.0,0,9,4,2,1
1866,30.0,1,0,3,5.0,100000.0,0,1,2,0,0
1867,46.0,1,3,158,15.0,180000.0,0,2,4,3,1
1868,25.0,0,0,43,1.0,55000.0,2,6,0,4,0
1869,42.0,1,3,177,14.0,190000.0,3,1,4,2,1
1870,31.0,1,0,44,6.0,115000.0,3,9,3,0,0
1871,49.0,0,3,158,17.0,195000.0,1,9,4,3,1
1872,36.0,1,2,3,9.0,150000.0,3,9,3,2,0
1873,33.0,0,0,44,6.0,115000.0,3,8,3,0,0
1874,45.0,1,3,177,16.0,185000.0,3,9,4,2,1
1875,28.0,0,0,43,2.0,65000.0,4,0,0,0,0
1876,39.0,0,2,177,12.0,160000.0,3,7,4,2,1
1877,30.0,1,0,3,5.0,100000.0,1,9,2,0,0
1878,46.0,1,3,158,15.0,180000.0,4,0,4,3,1
1879,25.0,0,0,43,1.0,55000.0,0,2,0,4,0
1880,42.0,1,3,177,14.0,190000.0,4,9,4,2,1
1881,31.0,1,0,44,6.0,115000.0,1,9,3,0,0
1882,49.0,0,3,158,17.0,195000.0,2,4,4,3,1
1883,36.0,1,2,3,9.0,150000.0,2,9,3,2,0
1884,33.0,0,0,44,6.0,115000.0,1,1,3,0,0
1885,45.0,1,3,177,16.0,185000.0,0,2,4,2,1
1886,28.0,0,0,43,2.0,65000.0,0,2,0,0,0
1887,39.0,0,2,177,12.0,160000.0,3,8,4,2,1
1888,30.0,1,0,3,5.0,100000.0,1,3,2,0,0
1889,46.0,1,3,158,15.0,180000.0,2,4,4,3,1
1890,25.0,0,0,43,1.0,550.0,3,7,0,4,0
1891,29.0,1,0,43,4.0,90000.0,0,9,2,0,0
1892,40.0,0,2,177,12.0,160000.0,4,5,4,2,1
1893,27.0,0,0,3,3.0,80000.0,3,9,2,0,0
1894,50.0,1,3,158,18.0,195000.0,3,9,4,3,1
1895,33.0,0,2,44,6.0,115000.0,1,9,3,0,0
1896,37.0,1,0,177,10.0,150000.0,3,1,3,2,1
1897,28.0,1,0,43,2.0,65000.0,3,1,0,0,0
1898,44.0,0,3,158,14.0,190000.0,0,2,4,2,1
1899,35.0,1,2,3,8.0,140000.0,3,9,3,0,0
1900,47.0,1,3,177,16.0,185000.0,1,1,4,3,1
1901,34.0,0,0,44,7.0,130000.0,2,6,3,0,0
1902,31.0,0,2,43,5.0,105000.0,3,8,2,0,0
1903,51.0,1,3,158,19.0,200000.0,2,4,4,3,1
1904,30.0,1,0,3,5.0,100000.0,4,9,2,0,0
1905,42.0,1,2,177,13.0,170000.0,1,9,4,2,1
1906,33.0,0,0,44,6.0,115000.0,1,9,3,0,0
1907,45.0,1,3,158,16.0,185000.0,3,8,4,2,1
1908,29.0,0,0,43,4.0,90000.0,0,1,2,0,0
1909,39.0,0,2,177,12.0,160000.0,2,4,4,2,1
1910,27.0,1,0,3,3.0,80000.0,0,9,2,0,0
1911,49.0,1,3,158,17.0,195000.0,4,1,4,3,1
1912,32.0,0,2,44,6.0,115000.0,2,4,3,0,0
1913,36.0,1,0,177,8.0,135000.0,4,5,3,2,1
1914,27.0,1,0,43,2.0,65000.0,0,2,0,0,0
1915,43.0,0,3,158,14.0,190000.0,1,9,4,2,1
1916,34.0,1,2,3,8.0,140000.0,0,2,3,0,0
1917,46.0,1,3,177,16.0,185000.0,3,9,4,3,1
1918,33.0,0,0,44,7.0,130000.0,4,5,3,0,0
1919,30.0,0,2,43,5.0,105000.0,3,9,2,0,0
1920,50.0,1,3,158,19.0,200000.0,2,6,4,3,1
1921,30.0,1,0,3,5.0,100000.0,3,1,2,0,0
1922,42.0,1,2,177,13.0,170000.0,4,9,4,2,1
1923,33.0,0,0,44,6.0,115000.0,0,1,3,0,0
1924,45.0,1,3,158,16.0,185000.0,0,2,4,2,1
1925,29.0,0,0,43,4.0,90000.0,4,9,2,0,0
1926,39.0,0,2,177,12.0,160000.0,1,3,4,2,1
1927,27.0,1,0,3,3.0,80000.0,1,3,2,0,0
1928,49.0,1,3,158,17.0,195000.0,4,1,4,3,1
1929,32.0,0,2,44,6.0,115000.0,1,3,3,0,0
1930,36.0,1,0,177,8.0,135000.0,4,1,3,2,1
1931,27.0,1,0,43,2.0,65000.0,4,9,0,0,0
1932,43.0,0,3,158,14.0,190000.0,0,1,4,2,1
1933,34.0,1,2,3,8.0,140000.0,1,9,3,0,0
1934,46.0,1,3,177,16.0,185000.0,1,9,4,3,1
1935,33.0,0,0,44,7.0,130000.0,1,1,3,0,0
1936,30.0,0,2,43,5.0,105000.0,3,1,2,0,0
1937,50.0,1,3,158,19.0,200000.0,1,1,4,3,1
1938,30.0,1,0,3,5.0,100000.0,2,9,2,0,0
1939,42.0,1,2,177,13.0,170000.0,4,0,4,2,1
1940,33.0,0,0,44,6.0,115000.0,1,3,3,0,0
1941,45.0,1,3,158,16.0,185000.0,3,7,4,2,1
1942,29.0,0,0,43,4.0,90000.0,1,3,2,0,0
1943,39.0,0,2,177,12.0,160000.0,4,1,4,2,1
1944,27.0,1,0,3,3.0,80000.0,4,0,2,0,0
1945,49.0,1,3,158,17.0,195000.0,0,9,4,3,1
1946,32.0,0,2,44,6.0,115000.0,4,0,3,0,0
1947,36.0,1,0,177,8.0,135000.0,1,3,3,2,1
1948,27.0,1,0,43,2.0,65000.0,4,9,0,0,0
1949,43.0,0,3,158,14.0,190000.0,2,6,4,2,1
1950,34.0,1,2,3,8.0,140000.0,4,5,3,0,0
1951,46.0,1,3,177,16.0,185000.0,1,3,4,3,1
1952,33.0,0,0,44,7.0,130000.0,1,1,3,0,0
1953,30.0,0,2,43,5.0,105000.0,1,9,2,0,0
1954,50.0,1,3,158,19.0,200000.0,1,9,4,3,1
1955,30.0,1,0,3,5.0,100000.0,4,5,2,0,0
1956,42.0,1,2,177,13.0,170000.0,4,1,4,2,1
1957,33.0,0,0,44,6.0,115000.0,2,4,3,0,0
1958,45.0,1,3,158,16.0,185000.0,2,6,4,2,1
1959,29.0,0,0,43,4.0,90000.0,3,9,2,0,0
1960,39.0,0,2,177,12.0,160000.0,2,4,4,2,1
1961,27.0,1,0,3,3.0,80000.0,3,9,2,0,0
1962,49.0,1,3,158,17.0,195000.0,3,8,4,3,1
1963,32.0,0,2,44,6.0,115000.0,4,0,3,0,0
1964,36.0,1,0,177,8.0,135000.0,3,7,3,2,1
1965,27.0,1,0,43,2.0,65000.0,2,9,0,0,0
1966,43.0,0,3,158,14.0,190000.0,4,0,4,2,1
1967,34.0,1,2,3,8.0,140000.0,4,9,3,0,0
1968,46.0,1,3,177,16.0,185000.0,1,1,4,3,1
1969,33.0,0,0,44,7.0,130000.0,4,5,3,0,0
1970,30.0,0,2,43,5.0,105000.0,3,1,2,0,0
1971,50.0,1,3,158,19.0,200000.0,4,9,4,3,1
1972,30.0,1,0,3,5.0,100000.0,2,6,2,0,0
1973,42.0,1,2,177,13.0,170000.0,0,2,4,2,1
1974,33.0,0,0,44,6.0,115000.0,2,4,3,0,0
1975,45.0,1,3,158,16.0,185000.0,1,3,4,2,1
1976,29.0,0,0,43,4.0,90000.0,3,1,2,0,0
1977,39.0,0,2,177,12.0,160000.0,2,9,4,2,1
1978,27.0,1,0,3,3.0,80000.0,0,9,2,0,0
1979,49.0,1,3,158,17.0,195000.0,3,1,4,3,1
1980,32.0,0,2,44,6.0,115000.0,1,1,3,0,0
1981,36.0,1,0,177,8.0,135000.0,3,7,3,2,1
1982,27.0,1,0,43,2.0,65000.0,3,7,0,0,0
1983,43.0,0,3,158,14.0,190000.0,0,2,4,2,1
1984,34.0,1,2,3,8.0,140000.0,1,9,3,0,0
1985,46.0,1,3,177,16.0,185000.0,4,9,4,3,1
1986,33.0,0,0,44,7.0,130000.0,1,1,3,0,0
1987,30.0,0,2,43,5.0,105000.0,1,9,2,0,0
1988,50.0,1,3,158,19.0,200000.0,4,5,4,3,1
1989,30.0,1,0,3,5.0,100000.0,0,9,2,0,0
1990,42.0,1,2,177,13.0,170000.0,1,3,4,2,1
1991,33.0,0,0,44,6.0,115000.0,0,2,3,0,0
1992,45.0,1,3,158,16.0,185000.0,0,1,4,2,1
1993,29.0,0,0,43,4.0,90000.0,3,1,2,0,0
1994,39.0,0,2,177,12.0,160000.0,3,1,4,2,1
1995,27.0,1,0,3,3.0,80000.0,2,4,2,0,0
1996,49.0,1,3,158,17.0,195000.0,4,0,4,3,1
1997,32.0,0,2,44,6.0,115000.0,0,1,3,0,0
1998,36.0,1,0,177,8.0,135000.0,2,6,3,2,1
1999,27.0,1,0,43,2.0,65000.0,0,1,0,0,0
2000,43.0,0,3,158,14.0,190000.0,3,9,4,2,1
2001,34.0,1,2,3,8.0,140000.0,4,1,3,0,0
2002,46.0,1,3,177,16.0,185000.0,0,9,4,3,1
2003,33.0,0,0,44,7.0,130000.0,1,3,3,0,0
2004,30.0,0,2,43,5.0,105000.0,0,1,2,0,0
2005,50.0,1,3,158,19.0,200000.0,1,1,4,3,1
2006,30.0,1,0,3,5.0,100000.0,1,9,2,0,0
2007,42.0,1,2,177,13.0,170000.0,3,9,4,2,1
2008,33.0,0,0,44,6.0,115000.0,0,9,3,0,0
2009,45.0,1,3,158,16.0,185000.0,3,7,4,2,1
2010,29.0,0,0,43,4.0,90000.0,2,6,2,0,0
2011,27.0,1,0,22,7.0,100000.0,3,9,3,0,0
2012,31.0,0,0,43,6.0,110000.0,2,4,3,0,0
2013,37.0,1,2,177,10.0,150000.0,1,3,3,2,1
2014,27.0,1,0,3,3.0,80000.0,4,5,2,0,0
2015,50.0,1,3,158,18.0,195000.0,0,9,4,3,1
2016,32.0,0,2,44,6.0,115000.0,4,9,3,0,0
2017,36.0,1,0,177,8.0,135000.0,2,6,3,2,1
2018,27.0,1,0,43,2.0,65000.0,4,5,0,0,0
2019,43.0,0,3,158,14.0,190000.0,4,0,4,2,1
2020,34.0,1,2,3,8.0,140000.0,3,8,3,0,0
2021,46.0,1,3,177,16.0,185000.0,2,6,4,3,1
2022,33.0,0,0,44,7.0,130000.0,1,3,3,0,0
2023,30.0,0,2,43,5.0,105000.0,1,9,2,0,0
2024,50.0,1,3,158,19.0,200000.0,0,9,4,3,1
2025,30.0,1,0,3,5.0,100000.0,1,3,2,0,0
2026,42.0,1,2,177,13.0,170000.0,1,3,4,2,1
2027,33.0,0,0,44,6.0,115000.0,1,3,3,0,0
2028,45.0,1,3,158,16.0,185000.0,4,9,4,2,1
2029,29.0,0,0,43,4.0,90000.0,4,1,2,0,0
2030,39.0,0,2,177,12.0,160000.0,0,1,4,2,1
2031,27.0,1,0,3,3.0,80000.0,2,6,2,0,0
2032,49.0,1,3,158,17.0,195000.0,0,1,4,3,1
2033,32.0,0,2,44,6.0,115000.0,4,0,3,0,0
2034,36.0,1,0,177,8.0,135000.0,2,4,3,2,1
2035,27.0,1,0,43,2.0,65000.0,2,9,0,0,0
2036,43.0,0,3,158,14.0,190000.0,4,1,4,2,1
2037,34.0,1,2,3,8.0,140000.0,3,1,3,0,0
2038,46.0,1,3,177,16.0,185000.0,3,7,4,3,1
2039,33.0,0,0,44,7.0,130000.0,2,4,3,0,0
2040,30.0,0,2,43,5.0,105000.0,3,9,2,0,0
2041,50.0,1,3,158,19.0,200000.0,3,1,4,3,1
2042,30.0,1,0,3,5.0,100000.0,2,9,2,0,0
2043,42.0,1,2,177,13.0,170000.0,4,9,4,2,1
2044,33.0,0,0,44,6.0,115000.0,3,8,3,0,0
2045,45.0,1,3,158,16.0,185000.0,0,9,4,2,1
2046,29.0,0,0,43,4.0,90000.0,2,9,2,0,0
2047,39.0,0,2,177,12.0,160000.0,4,0,4,2,1
2048,27.0,1,0,3,3.0,80000.0,4,5,2,0,0
2049,49.0,1,3,158,17.0,195000.0,1,3,4,3,1
2050,32.0,0,2,44,6.0,115000.0,4,0,3,0,0
2051,36.0,1,0,177,8.0,135000.0,0,1,3,2,1
2052,27.0,1,0,43,2.0,65000.0,2,9,0,0,0
2053,43.0,0,3,158,14.0,190000.0,0,9,4,2,1
2054,34.0,1,2,3,8.0,140000.0,3,8,3,0,0
2055,46.0,1,3,177,16.0,185000.0,2,6,4,3,1
2056,33.0,0,0,44,7.0,130000.0,2,9,3,0,0
2057,30.0,0,2,43,5.0,105000.0,4,0,2,0,0
2058,50.0,1,3,158,19.0,200000.0,1,9,4,3,1
2059,30.0,1,0,3,5.0,100000.0,4,1,2,0,0
2060,42.0,1,2,177,13.0,170000.0,0,1,4,2,1
2061,33.0,0,0,44,6.0,115000.0,0,1,3,0,0
2062,45.0,1,3,158,16.0,185000.0,1,1,4,2,1
2063,29.0,0,0,43,4.0,90000.0,4,9,2,0,0
2064,39.0,0,2,177,12.0,160000.0,0,1,4,2,1
2065,27.0,1,0,3,3.0,80000.0,0,2,2,0,0
2066,49.0,1,3,158,17.0,195000.0,4,0,4,3,1
2067,32.0,0,2,44,6.0,115000.0,3,7,3,0,0
2068,36.0,1,0,177,8.0,135000.0,0,9,3,2,1
2069,27.0,1,0,43,2.0,65000.0,1,1,0,0,0
2070,43.0,0,3,158,14.0,190000.0,0,9,4,2,1
2071,34.0,1,2,3,8.0,140000.0,1,3,3,0,0
2072,46.0,1,3,177,16.0,185000.0,2,4,4,3,1
2073,33.0,0,0,44,7.0,130000.0,4,5,3,0,0
2074,30.0,0,2,43,5.0,105000.0,2,9,2,0,0
2075,50.0,1,3,158,19.0,200000.0,1,1,4,3,1
2076,30.0,1,0,3,5.0,100000.0,2,4,2,0,0
2077,42.0,1,2,177,13.0,170000.0,1,1,4,2,1
2078,33.0,0,0,44,6.0,115000.0,2,6,3,0,0
2079,45.0,1,3,158,16.0,185000.0,1,9,4,2,1
2080,29.0,0,0,43,4.0,90000.0,1,9,2,0,0
2081,39.0,0,2,177,12.0,160000.0,3,8,4,2,1
2082,27.0,1,0,3,3.0,80000.0,4,0,2,0,0
2083,49.0,1,3,158,17.0,195000.0,3,1,4,3,1
2084,32.0,0,2,44,6.0,115000.0,2,6,3,0,0
2085,36.0,1,0,177,8.0,135000.0,4,0,3,2,1
2086,27.0,1,0,43,2.0,65000.0,4,0,0,0,0
2087,43.0,0,3,158,14.0,190000.0,2,9,4,2,1
2088,34.0,1,2,3,8.0,140000.0,4,0,3,0,0
2089,46.0,1,3,177,16.0,185000.0,0,1,4,3,1
2090,33.0,0,0,44,7.0,130000.0,1,9,3,0,0
2091,30.0,0,2,43,5.0,105000.0,2,4,2,0,0
2092,50.0,1,3,158,19.0,200000.0,0,9,4,3,1
2093,30.0,1,0,3,5.0,100000.0,0,1,2,0,0
2094,42.0,1,2,177,13.0,170000.0,1,1,4,2,1
2095,33.0,0,0,44,6.0,115000.0,3,9,3,0,0
2096,45.0,1,3,158,16.0,185000.0,0,1,4,2,1
2097,29.0,0,0,43,4.0,90000.0,3,9,2,0,0
2098,39.0,0,2,177,12.0,160000.0,0,9,4,2,1
2099,27.0,1,0,3,3.0,80000.0,2,9,2,0,0
2100,49.0,1,3,158,17.0,195000.0,2,9,4,3,1
2101,32.0,0,2,44,6.0,115000.0,0,9,3,0,0
2102,36.0,1,0,177,8.0,135000.0,0,9,3,2,1
2103,27.0,1,0,43,2.0,65000.0,1,3,0,0,0
2104,43.0,0,3,158,14.0,190000.0,2,4,4,2,1
2105,34.0,1,2,3,8.0,140000.0,4,1,3,0,0
2106,46.0,1,3,177,16.0,185000.0,2,4,4,3,1
2107,33.0,0,0,44,7.0,130000.0,0,1,3,0,0
2108,30.0,0,2,43,5.0,105000.0,2,9,2,0,0
2109,50.0,1,3,158,19.0,200000.0,0,9,4,3,1
2110,30.0,1,0,3,5.0,100000.0,3,9,2,0,0
2111,42.0,1,2,177,13.0,170000.0,0,9,4,2,1
2112,33.0,0,0,44,6.0,115000.0,1,3,3,0,0
2113,45.0,1,3,158,16.0,185000.0,3,1,4,2,1
2114,29.0,0,0,43,4.0,90000.0,2,4,2,0,0
2115,39.0,0,2,177,12.0,160000.0,0,2,4,2,1
2116,27.0,1,0,3,3.0,80000.0,0,9,2,0,0
2117,49.0,1,3,158,17.0,195000.0,2,6,4,3,1
2118,32.0,0,2,44,6.0,115000.0,2,9,3,0,0
2119,36.0,1,0,177,8.0,135000.0,4,0,3,2,1
2120,27.0,1,0,43,2.0,65000.0,2,9,0,0,0
2121,43.0,0,3,158,14.0,190000.0,4,0,4,2,1
2122,34.0,1,2,3,8.0,140000.0,1,9,3,0,0
2123,46.0,1,3,177,16.0,185000.0,0,9,4,3,1
2124,33.0,0,0,44,7.0,130000.0,3,1,3,0,0
2125,30.0,0,2,43,5.0,105000.0,0,2,2,0,0
2126,50.0,1,3,158,19.0,200000.0,1,3,4,3,1
2127,30.0,1,0,3,5.0,100000.0,1,1,2,0,0
2128,42.0,1,2,177,13.0,170000.0,1,9,4,2,1
2129,33.0,0,0,44,6.0,115000.0,0,9,3,0,0
2130,45.0,1,3,158,16.0,185000.0,3,9,4,2,1
2131,29.0,0,0,43,4.0,90000.0,0,9,2,0,0
2132,31.0,1,2,177,8.0,130000.0,1,3,3,0,1
2133,27.0,1,0,3,3.0,80000.0,0,1,2,0,0
2134,43.0,1,3,158,15.0,180000.0,1,9,4,2,1
2135,35.0,0,2,44,8.0,140000.0,0,2,3,0,0
2136,42.0,1,0,177,12.0,160000.0,3,7,4,2,1
2137,28.0,0,0,43,2.0,55000.0,3,7,0,0,0
2138,44.0,0,3,158,16.0,190000.0,4,0,4,2,1
2139,32.0,1,2,3,7.0,120000.0,2,9,3,0,0
2140,48.0,1,3,177,18.0,200000.0,3,9,4,3,1
2141,30.0,0,0,44,5.0,100000.0,2,4,2,0,0
2142,34.0,1,2,43,9.0,150000.0,2,9,3,0,0
2143,37.0,0,0,177,11.0,170000.0,4,1,4,2,1
2144,26.0,1,0,3,2.0,65000.0,1,1,0,0,0
2145,49.0,0,3,158,19.0,210000.0,2,4,4,3,1
2146,29.0,1,0,44,4.0,90000.0,3,8,2,0,0
2147,41.0,1,2,177,14.0,180000.0,4,1,4,2,1
2148,31.0,0,0,43,6.0,110000.0,4,1,3,0,0
2149,37.0,1,2,177,10.0,150000.0,0,2,3,2,1
2150,27.0,1,0,3,3.0,80000.0,0,1,2,0,0
2151,50.0,1,3,158,18.0,195000.0,3,1,4,3,1
2152,32.0,0,2,44,6.0,115000.0,0,9,3,0,0
2153,36.0,1,0,177,8.0,135000.0,4,1,3,2,1
2154,27.0,1,0,43,2.0,65000.0,0,2,0,0,0
2155,43.0,0,3,158,14.0,190000.0,3,1,4,2,1
2156,34.0,1,2,3,8.0,140000.0,0,9,3,0,0
2157,46.0,1,3,177,16.0,185000.0,4,5,4,3,1
2158,33.0,0,0,44,7.0,130000.0,4,1,3,0,0
2159,30.0,0,2,43,5.0,105000.0,1,1,2,0,0
2160,50.0,1,3,158,19.0,200000.0,0,2,4,3,1
2161,30.0,1,0,3,5.0,100000.0,2,6,2,0,0
2162,42.0,1,2,177,13.0,170000.0,0,1,4,2,1
2163,33.0,0,0,44,6.0,115000.0,2,4,3,0,0
2164,45.0,1,3,158,16.0,185000.0,1,9,4,2,1
2165,29.0,0,0,43,4.0,90000.0,2,6,2,0,0
2166,39.0,0,2,177,12.0,160000.0,0,1,4,2,1
2167,27.0,1,0,3,3.0,80000.0,3,9,2,0,0
2168,49.0,1,3,158,17.0,195000.0,3,1,4,3,1
2169,32.0,0,2,44,6.0,115000.0,1,1,3,0,0
2170,36.0,1,0,177,8.0,135000.0,1,1,3,2,1
2171,27.0,1,0,43,2.0,65000.0,2,4,0,0,0
2172,43.0,0,3,158,14.0,190000.0,3,7,4,2,1
2173,34.0,1,2,3,8.0,140000.0,1,9,3,0,0
2174,46.0,1,3,177,16.0,185000.0,2,6,4,3,1
2175,33.0,0,0,44,7.0,130000.0,0,2,3,0,0
2176,30.0,0,2,43,5.0,105000.0,1,1,2,0,0
2177,50.0,1,3,158,19.0,200000.0,1,9,4,3,1
2178,30.0,1,0,3,5.0,100000.0,4,1,2,0,0
2179,42.0,1,2,177,13.0,170000.0,1,1,4,2,1
2180,33.0,0,0,44,6.0,115000.0,0,2,3,0,0
2181,45.0,1,3,158,16.0,185000.0,3,1,4,2,1
2182,29.0,0,0,43,4.0,90000.0,4,5,2,0,0
2183,39.0,0,2,177,12.0,160000.0,3,9,4,2,1
2184,27.0,1,0,3,3.0,80000.0,1,1,2,0,0
2185,49.0,1,3,158,17.0,195000.0,1,1,4,3,1
2186,32.0,0,2,44,6.0,115000.0,4,1,3,0,0
2187,36.0,1,0,177,8.0,135000.0,2,9,3,2,1
2188,27.0,1,0,43,2.0,65000.0,0,9,0,0,0
2189,43.0,0,3,158,14.0,190000.0,0,1,4,2,1
2190,34.0,1,2,3,8.0,140000.0,4,5,3,0,0
2191,46.0,0,3,158,16.0,185000.0,2,9,4,3,1
2192,33.0,1,0,44,7.0,130000.0,4,9,3,0,0
2193,30.0,1,2,43,5.0,105000.0,2,9,2,0,0
2194,50.0,1,3,177,20.0,210000.0,0,1,4,3,1
2195,31.0,1,0,3,6.0,95000.0,2,4,3,0,0
2196,39.0,0,2,177,11.0,170000.0,0,9,4,2,1
2197,27.0,1,0,43,2.0,65000.0,2,9,0,0,0
2198,44.0,0,3,158,16.0,190000.0,0,2,4,2,1
2199,32.0,1,2,3,7.0,120000.0,3,7,3,0,0
2200,48.0,1,3,177,19.0,200000.0,4,9,4,3,1
2201,30.0,0,0,44,5.0,100000.0,3,9,2,0,0
2202,34.0,1,2,43,9.0,150000.0,4,5,3,0,0
2203,37.0,0,0,177,11.0,170000.0,0,2,4,2,1
2204,26.0,1,0,3,2.0,65000.0,3,9,0,0,0
2205,49.0,0,3,158,19.0,210000.0,4,5,4,3,1
2206,29.0,1,0,44,4.0,90000.0,0,1,2,0,0
2207,41.0,1,2,177,14.0,180000.0,3,1,4,2,1
2208,31.0,0,0,43,6.0,110000.0,2,4,3,0,0
2209,37.0,1,2,177,10.0,150000.0,4,0,3,2,1
2210,27.0,1,0,3,3.0,80000.0,1,9,2,0,0
2211,50.0,1,3,158,18.0,195000.0,1,1,4,3,1
2212,32.0,0,2,44,6.0,115000.0,4,1,3,0,0
2213,36.0,1,0,177,8.0,135000.0,4,1,3,2,1
2214,27.0,1,0,43,2.0,65000.0,3,1,0,0,0
2215,43.0,0,3,158,14.0,190000.0,2,6,4,2,1
2216,34.0,1,2,3,8.0,140000.0,3,9,3,0,0
2217,46.0,1,3,177,16.0,185000.0,0,9,4,3,1
2218,33.0,0,0,44,7.0,130000.0,2,9,3,0,0
2219,30.0,0,2,43,5.0,105000.0,3,8,2,0,0
2220,50.0,1,3,158,19.0,200000.0,0,2,4,3,1
2221,30.0,1,0,3,5.0,100000.0,3,8,2,0,0
2222,42.0,1,2,177,13.0,170000.0,2,9,4,2,1
2223,33.0,0,0,44,6.0,115000.0,3,9,3,0,0
2224,45.0,1,3,158,16.0,185000.0,0,2,4,2,1
2225,29.0,0,0,43,4.0,90000.0,2,6,2,0,0
2226,39.0,0,2,177,12.0,160000.0,1,1,4,2,1
2227,27.0,1,0,3,3.0,80000.0,1,9,2,0,0
2228,49.0,1,3,158,17.0,195000.0,4,1,4,3,1
2229,32.0,0,2,44,6.0,115000.0,2,4,3,0,0
2230,36.0,1,0,177,8.0,135000.0,3,7,3,2,1
2231,27.0,1,0,43,2.0,65000.0,3,9,0,0,0
2232,43.0,0,3,158,14.0,190000.0,3,7,4,2,1
2233,34.0,1,2,3,8.0,140000.0,3,8,3,0,0
2234,46.0,1,3,177,16.0,185000.0,4,5,4,3,1
2235,33.0,0,0,44,7.0,130000.0,3,7,3,0,0
2236,30.0,0,2,43,5.0,105000.0,1,1,2,0,0
2237,50.0,1,3,158,19.0,200000.0,2,6,4,3,1
2238,30.0,1,0,3,5.0,100000.0,4,9,2,0,0
2239,42.0,1,2,177,13.0,170000.0,4,0,4,2,1
2240,33.0,0,0,44,6.0,115000.0,1,1,3,0,0
2241,45.0,1,3,158,16.0,185000.0,0,1,4,2,1
2242,29.0,0,0,43,4.0,90000.0,1,9,2,0,0
2243,39.0,0,2,177,12.0,160000.0,2,9,4,2,1
2244,27.0,1,0,3,3.0,80000.0,2,4,2,0,0
2245,49.0,1,3,158,17.0,195000.0,2,9,4,3,1
2246,32.0,0,2,44,6.0,115000.0,2,6,3,0,0
2247,36.0,1,0,177,8.0,135000.0,2,4,3,2,1
2248,27.0,1,0,43,2.0,65000.0,4,0,0,0,0
2249,43.0,0,3,158,14.0,190000.0,4,9,4,2,1
2250,34.0,1,2,3,8.0,140000.0,3,9,3,0,0
2251,28.0,1,0,176,4.0,75000.0,1,1,2,0,0
2252,33.0,0,2,18,7.0,95000.0,0,2,3,0,0
2253,22.0,1,0,43,1.0,50000.0,0,9,0,4,0
2254,44.0,1,3,129,15.0,180000.0,3,8,4,2,1
2255,29.0,0,0,175,3.0,65000.0,4,9,2,0,0
2256,31.0,1,2,106,6.0,120000.0,1,9,3,0,1
2257,25.0,0,2,176,2.0,60000.0,3,9,0,4,0
2258,38.0,1,0,20,10.0,150000.0,4,0,3,2,0
2259,27.0,1,0,176,3.0,70000.0,0,9,2,0,0
2260,46.0,0,3,28,20.0,220000.0,4,9,4,3,1
2261,33.0,1,2,18,8.0,100000.0,2,6,3,0,0
2262,24.0,0,0,175,2.0,55000.0,3,8,0,4,0
2263,36.0,1,3,129,12.0,170000.0,1,1,4,2,1
2264,30.0,0,0,176,5.0,90000.0,1,1,2,0,0
2265,29.0,1,0,43,4.0,80000.0,2,9,2,0,0
2266,42.0,1,2,106,14.0,180000.0,2,9,4,2,1
2267,26.0,1,0,175,2.0,60000.0,3,8,0,0,0
2268,35.0,0,2,18,9.0,120000.0,4,5,3,0,0
2269,27.0,0,0,176,3.0,70000.0,2,6,2,0,0
2270,48.0,1,3,28,18.0,210000.0,0,1,4,3,1
2271,34.0,1,2,20,9.0,140000.0,4,9,3,0,0
2272,23.0,0,0,176,1.0,50000.0,4,5,0,4,0
2273,32.0,1,2,106,7.0,110000.0,0,1,3,0,1
2274,25.0,0,2,176,2.0,60000.0,0,2,0,4,0
2275,37.0,1,0,18,11.0,160000.0,2,9,4,2,0
2276,28.0,1,0,176,4.0,75000.0,3,7,2,0,0
2277,41.0,0,3,28,16.0,200000.0,4,5,4,2,1
2278,34.0,1,2,18,8.0,100000.0,1,3,3,0,0
2279,24.0,0,0,175,2.0,55000.0,2,4,0,4,0
2280,36.0,1,3,129,12.0,170000.0,2,9,4,2,1
2281,30.0,0,0,176,5.0,90000.0,4,0,2,0,0
2282,29.0,1,0,43,4.0,80000.0,1,9,2,0,0
2283,42.0,1,2,106,14.0,180000.0,2,9,4,2,1
2284,26.0,1,0,175,2.0,60000.0,4,9,0,0,0
2285,35.0,0,2,18,9.0,120000.0,4,9,3,0,0
2286,27.0,0,0,176,3.0,70000.0,3,9,2,0,0
2287,48.0,1,3,28,18.0,210000.0,1,3,4,3,1
2288,34.0,1,2,20,9.0,140000.0,2,4,3,0,0
2289,23.0,0,0,176,1.0,50000.0,4,9,0,4,0
2290,32.0,1,2,106,7.0,110000.0,1,1,3,0,1
2291,25.0,0,2,176,2.0,60000.0,3,1,0,4,0
2292,37.0,1,0,18,11.0,160000.0,2,6,4,2,0
2293,28.0,1,0,176,4.0,75000.0,1,1,2,0,0
2294,41.0,0,3,28,16.0,200000.0,4,5,4,2,1
2295,34.0,1,2,18,8.0,100000.0,2,4,3,0,0
2296,24.0,0,0,175,2.0,55000.0,1,3,0,4,0
2297,36.0,1,3,129,12.0,170000.0,3,1,4,2,1
2298,30.0,0,0,176,5.0,90000.0,2,4,2,0,0
2299,29.0,1,0,43,4.0,80000.0,0,9,2,0,0
2300,42.0,1,2,106,14.0,180000.0,4,9,4,2,1
2301,26.0,1,0,175,2.0,60000.0,2,4,0,0,0
2302,35.0,0,2,18,9.0,120000.0,0,1,3,0,0
2303,27.0,0,0,176,3.0,70000.0,3,9,2,0,0
2304,48.0,1,3,28,18.0,210000.0,0,1,4,3,1
2305,34.0,1,2,20,9.0,140000.0,3,8,3,0,0
2306,23.0,0,0,176,1.0,50000.0,2,9,0,4,0
2307,32.0,1,2,106,7.0,110000.0,2,9,3,0,1
2308,25.0,0,2,176,2.0,60000.0,2,4,0,4,0
2309,37.0,1,0,18,11.0,160000.0,4,0,4,2,0
2310,28.0,1,0,176,4.0,75000.0,4,5,2,0,0
2311,41.0,0,3,28,16.0,200000.0,0,1,4,2,1
2312,34.0,1,2,18,8.0,100000.0,1,9,3,0,0
2313,24.0,0,0,175,2.0,55000.0,0,1,0,4,0
2314,36.0,1,3,129,12.0,170000.0,0,2,4,2,1
2315,30.0,0,0,176,5.0,90000.0,3,1,2,0,0
2316,29.0,1,0,43,4.0,80000.0,3,8,2,0,0
2317,42.0,1,2,106,14.0,180000.0,3,9,4,2,1
2318,26.0,1,0,175,2.0,60000.0,4,5,0,0,0
2319,35.0,0,2,18,9.0,120000.0,1,1,3,0,0
2320,27.0,0,0,176,3.0,70000.0,3,9,2,0,0
2321,48.0,1,3,28,18.0,210000.0,4,9,4,3,1
2322,34.0,1,2,20,9.0,140000.0,0,9,3,0,0
2323,23.0,0,0,176,1.0,50000.0,2,4,0,4,0
2324,32.0,1,2,106,7.0,110000.0,1,3,3,0,1
2325,25.0,0,2,176,2.0,60000.0,0,9,0,4,0
2326,37.0,1,0,18,11.0,160000.0,0,9,4,2,0
2327,28.0,1,0,176,4.0,75000.0,3,1,2,0,0
2328,41.0,0,3,28,16.0,200000.0,0,1,4,2,1
2329,34.0,1,2,18,8.0,100000.0,2,4,3,0,0
2330,24.0,0,0,175,2.0,55000.0,4,9,0,4,0
2331,36.0,1,3,129,12.0,170000.0,1,1,4,2,1
2332,30.0,0,0,176,5.0,90000.0,2,6,2,0,0
2333,29.0,1,0,43,4.0,80000.0,4,1,2,0,0
2334,42.0,1,2,106,14.0,180000.0,0,1,4,2,1
2335,26.0,1,0,175,2.0,60000.0,2,6,0,0,0
2336,35.0,0,2,18,9.0,120000.0,1,3,3,0,0
2337,27.0,0,0,176,3.0,70000.0,1,9,2,0,0
2338,48.0,1,3,28,18.0,210000.0,2,9,4,3,1
2339,34.0,1,2,20,9.0,140000.0,4,0,3,0,0
2340,23.0,0,0,176,1.0,50000.0,2,6,0,4,0
2341,32.0,1,2,106,7.0,110000.0,0,1,3,0,1
2342,25.0,0,2,176,2.0,60000.0,3,1,0,4,0
2343,37.0,1,0,18,11.0,160000.0,2,9,4,2,0
2344,28.0,1,0,176,4.0,75000.0,3,7,2,0,0
2345,41.0,0,3,28,16.0,200000.0,2,6,4,2,1
2346,34.0,1,2,18,8.0,100000.0,3,1,3,0,0
2347,24.0,0,0,175,2.0,55000.0,4,5,0,4,0
2348,36.0,1,3,129,12.0,170000.0,3,1,4,2,1
2349,30.0,0,0,176,5.0,90000.0,0,1,2,0,0
2350,29.0,1,0,43,4.0,80000.0,1,3,2,0,0
2351,42.0,1,2,106,14.0,180000.0,3,8,4,2,1
2352,26.0,1,0,175,2.0,60000.0,3,7,0,0,0
2353,35.0,0,2,18,9.0,120000.0,3,7,3,0,0
2354,27.0,0,0,176,3.0,70000.0,1,1,2,0,0
2355,48.0,1,3,28,18.0,210000.0,1,3,4,3,1
2356,34.0,1,2,20,9.0,140000.0,4,0,3,0,0
2357,23.0,0,0,176,1.0,50000.0,2,6,0,4,0
2358,32.0,1,2,106,7.0,110000.0,3,8,3,0,1
2359,25.0,0,2,176,2.0,60000.0,3,7,0,4,0
2360,37.0,1,0,18,11.0,160000.0,0,9,4,2,0
2361,28.0,1,0,176,4.0,75000.0,3,8,2,0,0
2362,41.0,0,3,28,16.0,200000.0,2,6,4,2,1
2363,34.0,1,2,18,8.0,100000.0,3,1,3,0,0
2364,24.0,0,0,175,2.0,55000.0,2,6,0,4,0
2365,36.0,1,3,129,12.0,170000.0,3,9,4,2,1
2366,30.0,0,0,176,5.0,90000.0,4,1,2,0,0
2367,29.0,1,0,43,4.0,80000.0,3,8,2,0,0
2368,42.0,1,2,106,14.0,180000.0,0,2,4,2,1
2369,26.0,1,0,175,2.0,60000.0,1,3,0,0,0
2370,35.0,0,2,18,9.0,120000.0,0,1,3,0,0
2371,27.0,0,0,176,3.0,70000.0,4,9,2,0,0
2372,48.0,1,3,28,18.0,210000.0,2,6,4,3,1
2373,34.0,1,2,20,9.0,140000.0,4,0,3,0,0
2374,23.0,0,0,176,1.0,50000.0,1,3,0,4,0
2375,34.0,0,0,44,8.0,122485.0,2,6,3,0,0
2376,25.0,1,3,177,12.0,169159.0,2,4,4,4,1
2377,43.0,1,2,168,21.0,187081.0,0,1,1,2,1
2378,53.0,2,1,158,31.0,166109.0,1,9,1,3,1
2379,27.0,0,2,43,5.0,78354.0,2,6,2,0,0
2380,25.0,1,0,3,2.0,90249.0,2,9,0,4,0
2381,29.0,0,2,168,6.0,132720.0,1,1,3,0,1
2382,52.0,1,3,177,23.0,161568.0,4,9,1,3,1
2383,41.0,1,2,43,13.0,127346.0,0,1,4,2,0
2384,49.0,0,0,3,19.0,120177.0,3,7,4,3,0
2385,25.0,2,1,44,2.0,69032.0,3,1,0,4,0
2386,35.0,1,2,158,8.0,101332.0,0,2,3,0,1
2387,57.0,0,3,44,30.0,121450.0,0,2,1,1,0
2388,35.0,0,0,158,12.0,166375.0,1,1,4,0,1
2389,43.0,1,2,168,21.0,185119.0,1,3,1,2,1
2390,37.0,0,0,44,10.0,149217.0,2,9,3,2,0
2391,50.0,1,2,177,21.0,166512.0,3,8,1,3,1
2392,52.0,0,2,168,28.0,186963.0,0,2,1,3,1
2393,26.0,1,0,3,3.0,75072.0,4,5,2,0,0
2394,34.0,0,2,44,10.0,163398.0,3,7,3,0,0
2395,30.0,1,1,158,11.0,103947.0,0,1,4,0,1
2396,60.0,0,3,177,33.0,179180.0,2,9,1,1,1
2397,50.0,1,0,3,23.0,175966.0,2,6,1,3,0
2398,58.0,1,2,168,27.0,190004.0,2,9,1,1,1
2399,35.0,0,2,44,10.0,152039.0,4,1,3,0,0
2400,28.0,1,2,43,5.0,76742.0,0,2,2,0,0
2401,57.0,0,3,177,33.0,191790.0,2,6,1,1,1
2402,46.0,0,0,168,20.0,139398.0,2,4,4,3,1
2403,28.0,1,1,3,7.0,95845.0,3,1,3,0,0
2404,34.0,1,2,44,12.0,160976.0,4,0,4,0,0
2405,33.0,0,2,158,9.0,126753.0,0,9,3,0,1
2406,37.0,2,2,44,14.0,161393.0,3,1,4,2,0
2407,33.0,1,2,168,8.0,139817.0,1,9,3,0,1
2408,53.0,1,3,177,25.0,181714.0,1,9,1,3,1
2409,35.0,0,0,3,10.0,114776.0,0,1,3,0,0
2410,30.0,1,2,44,6.0,105725.0,1,9,3,0,0
2411,24.0,0,1,158,1.0,52731.0,1,3,0,4,1
2412,36.0,1,2,43,8.0,106492.0,0,1,3,2,0
2413,27.0,0,0,44,4.0,73895.0,1,9,2,0,0
2414,23.0,1,3,177,1.0,119836.0,3,1,0,4,1
2415,28.0,0,2,168,5.0,99747.0,0,2,2,0,1
2416,52.0,1,0,3,25.0,168287.0,4,9,1,3,0
2417,28.0,0,2,44,7.0,115920.0,2,6,3,0,0
2418,32.0,1,2,158,11.0,128078.0,1,1,4,0,1
2419,24.0,0,0,43,1.0,51265.0,4,1,0,4,0
2420,43.0,1,1,168,22.0,165919.0,0,9,1,2,1
2421,60.0,0,3,177,34.0,188651.0,1,1,1,1,1
2422,24.0,1,2,3,0.0,55538.0,4,1,0,4,0
2423,55.0,1,0,158,28.0,193964.0,3,1,1,3,1
2424,29.0,0,2,44,4.0,104702.0,0,1,2,0,0
2425,44.0,1,3,177,19.0,172955.0,4,0,4,2,1
2426,40.0,0,2,168,16.0,138032.0,4,5,4,2,1
2427,27.0,1,0,3,4.0,82683.0,3,7,2,0,0
2428,43.0,1,2,44,17.0,155414.0,3,9,4,2,0
2429,49.0,0,1,158,25.0,154207.0,1,9,1,3,1
2430,30.0,1,2,43,8.0,107895.0,4,9,3,0,0
2431,42.0,0,0,168,18.0,148446.0,2,9,4,2,1
2432,26.0,1,2,44,4.0,102859.0,3,9,2,0,0
2433,41.0,0,3,177,13.0,138662.0,2,6,4,2,1
2434,46.0,1,0,158,23.0,181699.0,2,9,1,3,1
2435,57.0,0,2,44,33.0,188232.0,1,3,1,1,0
2436,22.0,0,1,3,0.0,51832.0,3,9,0,4,0
2437,54.0,1,3,177,28.0,188484.0,2,4,1,3,1
2438,42.0,0,2,168,16.0,138286.0,3,1,4,2,1
2439,49.0,1,0,44,22.0,181132.0,2,6,1,3,0
2440,27.0,0,2,3,4.0,73938.0,4,1,2,0,0
2441,36.0,1,0,158,14.0,119224.0,4,9,4,2,1
2442,31.0,0,2,44,6.0,101186.0,2,6,3,0,0
2443,39.0,1,2,177,14.0,142360.0,1,1,4,2,1
2444,41.0,0,0,158,20.0,151315.0,0,2,4,2,1
2445,48.0,1,3,44,23.0,181021.0,4,9,1,3,0
2446,39.0,0,2,168,15.0,134641.0,0,9,4,2,1
2447,48.0,1,0,43,23.0,173851.0,0,2,1,3,0
2448,31.0,2,1,3,8.0,104127.0,0,9,3,0,0
2449,47.0,1,2,158,25.0,178859.0,1,9,1,3,1
2450,29.0,0,3,44,5.0,98568.0,0,9,2,0,0
2451,32.0,1,0,177,9.0,104661.0,1,1,3,0,1
2452,38.0,0,2,168,13.0,134858.0,4,5,4,2,1
2453,34.0,1,0,3,10.0,94502.0,3,1,3,0,0
2454,23.0,2,1,43,2.0,62852.0,2,9,0,4,0
2455,34.0,0,0,44,8.0,122485.0,3,9,3,0,0
2456,25.0,1,3,177,12.0,169159.0,2,9,4,4,1
2457,43.0,1,2,168,21.0,187081.0,3,1,1,2,1
2458,53.0,2,1,158,31.0,166109.0,2,9,1,3,1
2459,27.0,0,2,43,5.0,78354.0,2,9,2,0,0
2460,25.0,1,0,3,2.0,90249.0,2,4,0,4,0
2461,29.0,0,2,168,6.0,132720.0,4,0,3,0,1
2462,52.0,1,3,177,23.0,161568.0,4,5,1,3,1
2463,41.0,1,2,43,13.0,127346.0,4,1,4,2,0
2464,49.0,0,0,3,19.0,120177.0,1,9,4,3,0
2465,25.0,2,1,44,2.0,69032.0,4,0,0,4,0
2466,35.0,1,2,158,8.0,101332.0,2,9,3,0,1
2467,57.0,0,3,44,30.0,121450.0,1,3,1,1,0
2468,35.0,0,0,158,12.0,166375.0,2,9,4,0,1
2469,43.0,1,2,168,21.0,185119.0,1,9,1,2,1
2470,37.0,0,0,44,10.0,149217.0,2,4,3,2,0
2471,50.0,1,2,177,21.0,166512.0,3,9,1,3,1
2472,52.0,0,2,168,28.0,186963.0,2,6,1,3,1
2473,26.0,1,0,3,3.0,75072.0,1,1,2,0,0
2474,34.0,0,2,44,10.0,163398.0,2,4,3,0,0
2475,30.0,1,1,158,11.0,103947.0,1,3,4,0,1
2476,60.0,0,3,177,33.0,179180.0,0,1,1,1,1
2477,50.0,1,0,3,23.0,175966.0,0,1,1,3,0
2478,58.0,1,2,168,27.0,190004.0,4,9,1,1,1
2479,35.0,0,2,44,10.0,152039.0,0,1,3,0,0
2480,28.0,1,2,43,5.0,76742.0,4,1,2,0,0
2481,57.0,0,3,177,33.0,191790.0,2,4,1,1,1
2482,46.0,0,0,168,20.0,139398.0,2,9,4,3,1
2483,28.0,1,1,3,7.0,95845.0,2,9,3,0,0
2484,34.0,1,2,44,12.0,160976.0,2,9,4,0,0
2485,33.0,0,2,158,9.0,126753.0,0,9,3,0,1
2486,37.0,2,2,44,14.0,161393.0,4,1,4,2,0
2487,33.0,1,2,168,8.0,139817.0,0,9,3,0,1
2488,53.0,1,3,177,25.0,181714.0,2,9,1,3,1
2489,35.0,0,0,3,10.0,114776.0,4,1,3,0,0
2490,30.0,1,2,44,6.0,105725.0,2,4,3,0,0
2491,24.0,0,1,158,1.0,52731.0,1,3,0,4,1
2492,36.0,1,2,43,8.0,106492.0,2,4,3,2,0
2493,27.0,0,0,44,4.0,73895.0,1,3,2,0,0
2494,23.0,1,3,177,1.0,119836.0,3,8,0,4,1
2495,28.0,0,2,168,5.0,99747.0,0,2,2,0,1
2496,52.0,1,0,3,25.0,168287.0,4,9,1,3,0
2497,28.0,0,2,44,7.0,115920.0,0,1,3,0,0
2498,32.0,1,2,158,11.0,128078.0,4,5,4,0,1
2499,24.0,0,0,43,1.0,51265.0,3,7,0,4,0
2500,43.0,1,1,168,22.0,165919.0,0,2,1,2,1
2501,60.0,0,3,177,34.0,188651.0,2,6,1,1,1
2502,24.0,1,2,3,0.0,55538.0,4,5,0,4,0
2503,55.0,1,0,158,28.0,193964.0,0,1,1,3,1
2504,29.0,0,2,44,4.0,104702.0,2,9,2,0,0
2505,44.0,1,3,177,19.0,172955.0,3,7,4,2,1
2506,40.0,0,2,168,16.0,138032.0,2,6,4,2,1
2507,27.0,1,0,3,4.0,82683.0,2,4,2,0,0
2508,43.0,1,2,44,17.0,155414.0,2,4,4,2,0
2509,49.0,0,1,158,25.0,154207.0,3,1,1,3,1
2510,30.0,1,2,43,8.0,107895.0,1,9,3,0,0
2511,42.0,0,0,168,18.0,148446.0,1,1,4,2,1
2512,26.0,1,2,44,4.0,102859.0,3,8,2,0,0
2513,41.0,0,3,177,13.0,138662.0,4,1,4,2,1
2514,46.0,1,0,158,23.0,181699.0,0,1,1,3,1
2515,57.0,0,2,44,33.0,188232.0,3,7,1,1,0
2516,22.0,0,1,3,0.0,51832.0,4,9,0,4,0
2517,54.0,1,3,177,28.0,188484.0,2,9,1,3,1
2518,42.0,0,2,168,16.0,138286.0,3,8,4,2,1
2519,49.0,1,0,44,22.0,181132.0,0,2,1,3,0
2520,27.0,0,2,3,4.0,73938.0,1,9,2,0,0
2521,36.0,1,0,158,14.0,119224.0,2,6,4,2,1
2522,31.0,0,2,44,6.0,101186.0,4,1,3,0,0
2523,39.0,1,2,177,14.0,142360.0,4,0,4,2,1
2524,41.0,0,0,158,20.0,151315.0,4,9,4,2,1
2525,48.0,1,3,44,23.0,181021.0,3,7,1,3,0
2526,39.0,0,2,168,15.0,134641.0,2,9,4,2,1
2527,48.0,1,0,43,23.0,173851.0,2,6,1,3,0
2528,31.0,2,1,3,8.0,104127.0,4,0,3,0,0
2529,47.0,1,2,158,25.0,178859.0,1,1,1,3,1
2530,29.0,0,3,44,5.0,98568.0,1,3,2,0,0
2531,32.0,1,0,177,9.0,104661.0,4,5,3,0,1
2532,38.0,0,2,168,13.0,134858.0,1,9,4,2,1
2533,34.0,1,0,3,10.0,94502.0,3,8,3,0,0
2534,23.0,2,1,43,2.0,62852.0,2,4,0,4,0
2535,36.0,1,0,43,14.0,139095.0,3,1,4,2,0
2536,30.0,0,2,158,5.0,106278.0,2,6,2,0,1
2537,28.0,1,2,44,4.0,90452.0,4,5,2,0,0
2538,46.0,0,3,177,23.0,168304.0,2,9,1,3,1
2539,34.0,1,0,3,10.0,126593.0,2,9,3,0,0
2540,44.0,1,2,168,19.0,152203.0,1,9,4,2,1
2541,55.0,0,3,177,30.0,183138.0,4,0,1,3,1
2542,35.0,1,2,44,9.0,130275.0,2,6,3,0,0
2543,54.0,1,0,158,29.0,191915.0,1,1,1,3,1
2544,23.0,0,1,3,2.0,62807.0,4,0,0,4,0
2545,46.0,1,2,168,21.0,174305.0,3,7,1,3,1
2546,33.0,0,0,44,9.0,133326.0,4,1,3,0,0
2547,26.0,1,2,43,4.0,75656.0,2,4,2,0,0
2548,43.0,0,3,177,19.0,155944.0,3,9,4,2,1
2549,36.0,1,2,44,11.0,137775.0,0,1,4,2,0
2550,23.0,0,0,158,0.0,51831.0,0,1,0,4,1
2551,49.0,1,2,177,22.0,182237.0,2,6,1,3,1
2552,35.0,0,2,44,10.0,151901.0,3,7,3,0,0
2553,31.0,1,0,3,8.0,100052.0,0,2,3,0,0
2554,54.0,2,1,168,29.0,158254.0,2,9,1,3,1
2555,43.0,1,2,44,20.0,167207.0,3,7,4,2,0
2556,33.0,0,2,158,10.0,112439.0,3,7,3,0,1
2557,52.0,0,3,177,29.0,194214.0,3,9,1,3,1
2558,28.0,1,0,44,5.0,84407.0,2,6,2,0,0
2559,36.0,0,2,168,13.0,139413.0,3,8,4,2,1
2560,43.0,1,0,158,20.0,143084.0,2,9,4,2,1
2561,50.0,0,2,44,25.0,192344.0,4,9,1,3,0
2562,24.0,1,3,177,1.0,106132.0,0,1,0,4,1
2563,52.0,1,2,168,26.0,184816.0,4,5,1,3,1
2564,46.0,0,0,3,19.0,150248.0,0,1,4,3,0
2565,38.0,1,2,44,15.0,170995.0,2,6,4,2,0
2566,29.0,1,0,158,6.0,88035.0,1,1,3,0,1
2567,33.0,0,2,43,10.0,119419.0,2,4,3,0,0
2568,47.0,1,3,177,21.0,173582.0,1,3,1,3,1
2569,45.0,0,2,168,23.0,174436.0,1,3,1,2,1
2570,28.0,1,0,3,4.0,71699.0,1,1,2,0,0
2571,42.0,0,2,44,14.0,163558.0,4,5,4,2,0
2572,46.0,1,0,158,24.0,166828.0,4,1,1,3,1
2573,38.0,0,3,177,15.0,144496.0,2,6,4,2,1
2574,54.0,1,2,168,31.0,193746.0,1,1,1,3,1
2575,33.0,0,2,44,8.0,122581.0,0,2,3,0,0
2576,27.0,1,1,3,4.0,79767.0,4,0,2,0,0
2577,50.0,0,0,158,25.0,177177.0,0,9,1,3,1
2578,26.0,1,2,44,4.0,89843.0,0,1,2,0,0
2579,31.0,0,2,168,6.0,113563.0,3,7,3,0,1
2580,35.0,1,0,43,10.0,128712.0,0,1,3,0,0
2581,44.0,0,3,177,18.0,161621.0,4,5,4,2,1
2582,32.0,1,2,158,8.0,121454.0,4,9,3,0,1
2583,54.0,1,0,44,25.0,179987.0,4,9,1,3,0
2584,26.0,0,2,43,3.0,72649.0,0,9,2,0,0
2585,23.0,1,3,177,0.0,52612.0,3,8,0,4,1
2586,48.0,0,2,168,24.0,184006.0,4,9,1,3,1
2587,38.0,1,0,3,12.0,131960.0,4,1,4,2,0
2588,30.0,0,2,44,5.0,102465.0,4,9,2,0,0
2589,40.0,1,2,177,16.0,149748.0,3,9,4,2,1
2590,45.0,0,0,158,22.0,171036.0,0,2,1,2,1
2591,36.0,1,2,44,13.0,146351.0,2,4,4,2,0
2592,52.0,1,3,177,26.0,185462.0,1,3,1,3,1
2593,31.0,0,0,168,7.0,107718.0,4,9,3,0,1
2594,26.0,1,2,44,4.0,90944.0,1,1,2,0,0
2595,30.0,0,2,158,5.0,100425.0,3,9,2,0,1
2596,24.0,1,0,3,2.0,63901.0,1,9,0,4,0
2597,45.0,1,2,168,22.0,181902.0,2,6,1,2,1
2598,33.0,0,2,44,9.0,136533.0,3,9,3,0,0
2599,38.0,1,0,43,11.0,136285.0,1,9,4,2,0
2600,54.0,0,3,177,31.0,191818.0,0,2,1,3,1
2601,42.0,1,2,44,19.0,176643.0,1,3,4,2,0
2602,28.0,0,0,158,4.0,70022.0,4,9,2,0,1
2603,30.0,1,2,43,6.0,99363.0,0,1,3,0,0
2604,43.0,0,2,168,19.0,152944.0,4,0,4,2,1
2605,35.0,1,0,3,10.0,123386.0,4,5,3,0,0
2606,44.0,1,2,44,21.0,168906.0,4,0,1,2,0
2607,55.0,0,0,158,30.0,183020.0,2,4,1,3,1
2608,23.0,1,1,43,1.0,47898.0,4,0,0,4,0
2609,39.0,0,2,168,14.0,135853.0,4,5,4,2,1
2610,43.0,1,0,44,17.0,149198.0,2,6,4,2,0
2611,29.0,1,3,177,6.0,106662.0,1,1,3,0,1
2612,51.0,1,2,168,28.0,186610.0,1,9,1,3,1
2613,30.0,0,0,158,6.0,89995.0,3,8,3,0,1
2614,26.0,1,2,44,4.0,85825.0,2,4,2,0,0
2615,39.0,0,3,177,13.0,143814.0,2,6,4,2,1
2616,49.0,1,2,43,24.0,174726.0,3,1,1,3,0
2617,42.0,0,0,168,20.0,150534.0,3,9,4,2,1
2618,27.0,1,0,3,4.0,68732.0,3,7,2,0,0
2619,43.0,1,2,44,21.0,187951.0,3,9,1,2,0
2620,37.0,0,0,158,13.0,137336.0,0,9,4,2,1
2621,51.0,1,3,177,26.0,191159.0,2,9,1,3,1
2622,29.0,0,2,44,5.0,102868.0,2,6,2,0,0
2623,43.0,1,0,168,20.0,154281.0,4,9,4,2,1
2624,31.0,1,2,3,8.0,111535.0,1,3,3,0,0
2625,30.0,0,2,158,6.0,107906.0,3,7,3,0,1
2626,36.0,1,0,44,13.0,143885.0,2,9,4,2,0
2627,52.0,0,3,177,27.0,180958.0,0,1,1,3,1
2628,28.0,1,2,168,6.0,108607.0,4,1,3,0,1
2629,49.0,1,0,3,24.0,178284.0,4,1,1,3,0
2630,27.0,0,2,43,4.0,75969.0,0,9,2,0,0
2631,41.0,1,2,158,15.0,143705.0,0,1,4,2,1
2632,56.0,0,3,177,31.0,197354.0,3,9,1,1,1
2633,46.0,1,0,168,22.0,174324.0,4,0,1,3,1
2634,32.0,0,2,44,8.0,123781.0,4,5,3,0,0
2635,38.0,1,3,177,12.0,141735.0,2,4,4,2,1
2636,52.0,1,2,158,28.0,187120.0,0,9,1,3,1
2637,24.0,0,0,3,1.0,61095.0,0,1,0,4,0
2638,49.0,1,2,44,22.0,179045.0,4,0,1,3,0
2639,35.0,0,2,168,10.0,130355.0,1,1,3,0,1
2640,31.0,1,0,43,7.0,103282.0,4,9,3,0,0
2641,44.0,0,3,177,18.0,157872.0,0,1,4,2,1
2642,33.0,1,2,158,10.0,117314.0,3,7,3,0,1
2643,54.0,1,0,168,30.0,186321.0,3,8,1,3,1
2644,33.0,0,2,44,11.0,129686.0,4,9,4,0,0
2645,27.0,1,1,3,3.0,68611.0,3,9,2,0,0
2646,51.0,0,2,158,25.0,177913.0,3,1,1,3,1
2647,26.0,1,2,44,3.0,68472.0,2,6,2,0,0
2648,31.0,0,2,168,6.0,113065.0,2,6,3,0,1
2649,35.0,1,0,43,9.0,125091.0,1,9,3,0,0
2650,45.0,0,3,177,23.0,172925.0,3,7,1,2,1
2651,32.0,1,2,158,9.0,126916.0,3,7,3,0,1
2652,54.0,1,0,44,27.0,183417.0,4,9,1,3,0
2653,26.0,0,2,43,4.0,76898.0,3,9,2,0,0
2654,23.0,1,3,177,1.0,579.0,3,7,0,4,1
2655,26.0,0,0,176,2.0,65000.0,3,1,0,0,0
2656,33.0,1,2,18,8.0,120000.0,0,1,3,0,0
2657,29.0,0,0,106,4.0,90000.0,0,1,2,0,1
2658,41.0,1,3,20,15.0,190000.0,0,9,4,2,0
2659,35.0,0,2,176,9.0,140000.0,4,0,3,0,0
2660,28.0,1,0,175,3.0,75000.0,3,8,2,0,0
2661,37.0,0,2,20,11.0,160000.0,2,6,4,2,0
2662,33.0,1,0,106,8.0,130000.0,2,9,3,0,1
2663,24.0,0,2,176,2.0,60000.0,3,7,0,4,0
2664,46.0,1,3,28,20.0,220000.0,1,1,4,3,1
2665,29.0,0,0,175,5.0,80000.0,0,2,2,0,0
2666,31.0,1,2,20,7.0,130000.0,0,9,3,0,0
2667,27.0,0,0,176,3.0,65000.0,0,1,2,0,0
2668,38.0,1,3,129,13.0,170000.0,1,3,4,2,1
2669,30.0,0,2,106,6.0,110000.0,0,9,3,0,1
2670,25.0,1,0,43,2.0,50000.0,4,9,0,4,0
2671,44.0,1,3,28,18.0,210000.0,4,5,4,2,1
2672,33.0,0,2,18,8.0,100000.0,2,9,3,0,0
2673,22.0,1,0,176,1.0,50000.0,2,6,0,4,0
2674,36.0,1,2,106,10.0,160000.0,4,0,3,2,1
2675,28.0,0,0,176,4.0,70000.0,4,5,2,0,0
2676,41.0,1,3,129,16.0,190000.0,4,9,4,2,1
2677,34.0,0,2,20,9.0,140000.0,4,1,3,0,0
2678,23.0,1,0,175,1.0,45000.0,2,4,0,4,0
2679,32.0,0,2,106,7.0,120000.0,0,2,3,0,1
2680,25.0,1,2,176,2.0,60000.0,4,0,0,4,0
2681,37.0,0,0,18,11.0,150000.0,2,9,4,2,0
2682,28.0,1,0,176,4.0,70000.0,3,1,2,0,0
2683,41.0,0,3,28,16.0,200000.0,2,4,4,2,1
2684,34.0,1,2,18,8.0,100000.0,2,4,3,0,0
2685,24.0,0,0,175,2.0,55000.0,1,9,0,4,0
2686,36.0,1,3,129,12.0,170000.0,0,9,4,2,1
2687,30.0,0,0,176,5.0,90000.0,4,9,2,0,0
2688,29.0,1,0,43,4.0,80000.0,2,4,2,0,0
2689,42.0,1,2,106,14.0,180000.0,0,1,4,2,1
2690,26.0,1,0,175,2.0,60000.0,4,1,0,0,0
2691,35.0,0,2,18,9.0,120000.0,4,0,3,0,0
2692,27.0,0,0,176,3.0,70000.0,0,1,2,0,0
2693,48.0,1,3,28,18.0,210000.0,2,4,4,3,1
2694,34.0,1,2,20,9.0,140000.0,4,5,3,0,0
2695,23.0,0,0,176,1.0,50000.0,3,8,0,4,0
2696,32.0,1,2,106,7.0,110000.0,4,0,3,0,1
2697,25.0,0,2,176,2.0,60000.0,0,2,0,4,0
2698,37.0,1,0,18,11.0,160000.0,3,9,4,2,0
2699,28.0,1,0,176,4.0,75000.0,2,4,2,0,0
2700,41.0,0,3,28,16.0,200000.0,0,2,4,2,1
2701,34.0,1,2,18,8.0,100000.0,1,3,3,0,0
2702,24.0,0,0,175,2.0,55000.0,4,0,0,4,0
2703,36.0,1,3,129,12.0,170000.0,4,5,4,2,1
2704,30.0,0,0,176,5.0,90000.0,3,9,2,0,0
2705,29.0,1,0,43,4.0,80000.0,2,9,2,0,0
2706,42.0,1,2,106,14.0,180000.0,3,7,4,2,1
2707,26.0,1,0,175,2.0,60000.0,2,9,0,0,0
2708,35.0,0,2,18,9.0,120000.0,3,1,3,0,0
2709,27.0,0,0,176,3.0,70000.0,3,7,2,0,0
2710,48.0,1,3,28,18.0,210000.0,1,1,4,3,1
2711,34.0,1,2,20,9.0,140000.0,1,1,3,0,0
2712,23.0,0,0,176,1.0,50000.0,2,6,0,4,0
2713,32.0,1,2,106,7.0,110000.0,3,8,3,0,1
2714,25.0,0,2,176,2.0,60000.0,4,1,0,4,0
2715,37.0,1,0,18,11.0,160000.0,1,1,4,2,0
2716,28.0,1,0,176,4.0,75000.0,1,3,2,0,0
2717,41.0,0,3,28,16.0,200000.0,1,3,4,2,1
2718,34.0,1,2,18,8.0,100000.0,4,5,3,0,0
2719,24.0,0,0,175,2.0,55000.0,2,9,0,4,0
2720,36.0,1,3,129,12.0,170000.0,4,9,4,2,1
2721,30.0,0,0,176,5.0,90000.0,3,8,2,0,0
2722,29.0,1,0,43,4.0,80000.0,2,9,2,0,0
2723,42.0,1,2,106,14.0,180000.0,2,6,4,2,1
2724,26.0,1,0,175,2.0,60000.0,4,9,0,0,0
2725,35.0,0,2,18,9.0,120000.0,2,4,3,0,0
2726,27.0,0,0,176,3.0,70000.0,1,3,2,0,0
2727,48.0,1,3,28,18.0,210000.0,4,9,4,3,1
2728,34.0,1,2,20,9.0,140000.0,1,1,3,0,0
2729,23.0,0,0,176,1.0,50000.0,2,6,0,4,0
2730,32.0,1,2,106,7.0,110000.0,0,1,3,0,1
2731,25.0,0,2,176,2.0,60000.0,1,9,0,4,0
2732,37.0,1,0,18,11.0,160000.0,4,0,4,2,0
2733,28.0,1,0,176,4.0,75000.0,0,2,2,0,0
2734,41.0,0,3,28,16.0,200000.0,3,7,4,2,1
2735,34.0,1,2,18,8.0,100000.0,4,9,3,0,0
2736,24.0,0,0,175,2.0,55000.0,0,1,0,4,0
2737,36.0,1,3,129,12.0,170000.0,2,4,4,2,1
2738,30.0,0,0,176,5.0,90000.0,4,5,2,0,0
2739,29.0,1,0,43,4.0,80000.0,3,8,2,0,0
2740,42.0,1,2,106,14.0,180000.0,2,9,4,2,1
2741,26.0,1,0,175,2.0,60000.0,1,9,0,0,0
2742,35.0,0,2,18,9.0,120000.0,0,1,3,0,0
2743,27.0,0,0,176,3.0,70000.0,2,6,2,0,0
2744,48.0,1,3,28,18.0,210000.0,1,1,4,3,1
2745,34.0,1,2,20,9.0,140000.0,2,4,3,0,0
2746,23.0,0,0,176,1.0,50000.0,4,5,0,4,0
2747,32.0,1,2,106,7.0,110000.0,1,1,3,0,1
2748,25.0,0,2,176,2.0,60000.0,4,5,0,4,0
2749,37.0,1,0,18,11.0,160000.0,4,9,4,2,0
2750,28.0,1,0,176,4.0,75000.0,0,2,2,0,0
2751,41.0,0,3,28,16.0,200000.0,3,7,4,2,1
2752,34.0,1,2,18,8.0,100000.0,2,4,3,0,0
2753,24.0,0,0,175,2.0,55000.0,2,4,0,4,0
2754,36.0,1,3,129,12.0,170000.0,3,9,4,2,1
2755,30.0,0,0,176,5.0,90000.0,4,0,2,0,0
2756,29.0,1,0,43,4.0,80000.0,2,9,2,0,0
2757,42.0,1,2,106,14.0,180000.0,2,9,4,2,1
2758,26.0,1,0,175,2.0,60000.0,0,2,0,0,0
2759,35.0,0,2,18,9.0,120000.0,2,6,3,0,0
2760,27.0,0,0,176,3.0,70000.0,2,9,2,0,0
2761,48.0,1,3,28,18.0,210000.0,3,8,4,3,1
2762,34.0,1,2,20,9.0,140000.0,3,8,3,0,0
2763,23.0,0,0,176,1.0,50000.0,0,9,0,4,0
2764,32.0,1,2,106,7.0,110000.0,4,0,3,0,1
2765,25.0,0,2,176,2.0,60000.0,3,1,0,4,0
2766,37.0,1,0,18,11.0,160000.0,4,1,4,2,0
2767,28.0,1,0,176,4.0,75000.0,4,0,2,0,0
2768,41.0,0,3,28,16.0,200000.0,2,6,4,2,1
2769,34.0,1,2,18,8.0,100000.0,2,6,3,0,0
2770,24.0,0,0,175,2.0,55000.0,4,0,0,4,0
2771,36.0,1,3,129,12.0,170000.0,4,0,4,2,1
2772,30.0,0,0,176,5.0,90000.0,2,6,2,0,0
2773,29.0,1,0,43,4.0,80000.0,4,5,2,0,0
2774,42.0,1,2,106,14.0,180000.0,4,5,4,2,1
2775,26.0,1,0,175,2.0,60000.0,1,1,0,0,0
2776,35.0,0,2,18,9.0,120000.0,1,9,3,0,0
2777,27.0,0,0,176,3.0,70000.0,2,4,2,0,0
2778,48.0,1,3,28,18.0,210000.0,0,9,4,3,1
2779,29.0,0,0,44,6.0,103579.0,2,4,3,0,0
2780,45.0,1,2,177,19.0,163780.0,1,1,4,2,1
2781,36.0,1,0,43,12.0,137878.0,0,1,4,2,0
2782,30.0,0,2,158,4.0,92438.0,2,9,2,0,1
2783,28.0,1,2,44,5.0,84181.0,3,7,2,0,0
2784,46.0,0,3,177,21.0,174821.0,2,9,1,3,1
2785,34.0,1,0,3,10.0,126520.0,2,6,3,0,0
2786,44.0,1,2,168,18.0,152168.0,0,2,4,2,1
2787,55.0,0,3,177,29.0,190543.0,3,8,1,3,1
2788,35.0,1,2,44,9.0,131547.0,3,8,3,0,0
2789,54.0,1,0,158,28.0,192292.0,3,1,1,3,1
2790,23.0,0,1,3,1.0,52807.0,3,9,0,4,0
2791,46.0,1,2,168,20.0,174938.0,4,5,4,3,1
2792,33.0,0,0,44,8.0,124071.0,2,9,3,0,0
2793,26.0,1,2,43,3.0,73640.0,4,1,2,0,0
2794,43.0,0,3,177,19.0,156486.0,2,9,4,2,1
2795,36.0,1,2,44,11.0,138859.0,2,9,4,2,0
2796,23.0,0,0,158,0.0,52831.0,1,9,0,4,1
2797,49.0,1,2,177,23.0,182392.0,4,5,1,3,1
2798,35.0,0,2,44,11.0,151078.0,1,3,4,0,0
2799,31.0,1,0,3,8.0,100679.0,2,4,3,0,0
2800,54.0,2,1,168,29.0,158966.0,1,3,1,3,1
2801,43.0,1,2,44,20.0,167924.0,0,2,4,2,0
2802,33.0,0,2,158,10.0,113334.0,2,9,3,0,1
2803,52.0,0,3,177,29.0,194778.0,1,9,1,3,1
2804,28.0,1,0,44,4.0,77606.0,2,6,2,0,0
2805,36.0,0,2,168,13.0,140010.0,2,9,4,2,1
2806,43.0,1,0,158,20.0,142421.0,4,9,4,2,1
2807,50.0,0,2,44,24.0,192756.0,2,6,1,3,0
2808,24.0,1,3,177,1.0,106686.0,0,1,0,4,1
2809,52.0,1,2,168,27.0,186794.0,2,9,1,3,1
2810,46.0,0,0,3,19.0,150729.0,1,9,4,3,0
2811,38.0,1,2,44,15.0,171652.0,3,9,4,2,0
2812,29.0,1,0,158,6.0,88552.0,4,1,3,0,1
2813,33.0,0,2,43,9.0,119918.0,4,1,3,0,0
2814,47.0,1,3,177,21.0,174985.0,2,6,1,3,1
2815,45.0,0,2,168,23.0,174336.0,1,1,1,2,1
2816,28.0,1,0,3,4.0,72389.0,1,9,2,0,0
2817,42.0,0,2,44,14.0,163978.0,2,4,4,2,0
2818,46.0,1,0,158,25.0,166958.0,3,8,1,3,1
2819,38.0,0,3,177,15.0,145052.0,4,1,4,2,1
2820,54.0,1,2,168,32.0,195270.0,2,9,1,3,1
2821,33.0,0,2,44,8.0,122970.0,1,9,3,0,0
2822,27.0,1,1,3,4.0,80247.0,0,9,2,0,0
2823,50.0,0,0,158,25.0,177862.0,3,7,1,3,1
2824,26.0,1,2,44,4.0,91062.0,4,0,2,0,0
2825,31.0,0,2,168,6.0,114290.0,0,1,3,0,1
2826,35.0,1,0,43,10.0,128999.0,2,6,3,0,0
2827,44.0,0,3,177,18.0,162454.0,2,9,4,2,1
2828,32.0,1,2,158,8.0,122354.0,4,0,3,0,1
2829,54.0,1,0,44,25.0,179756.0,3,8,1,3,0
2830,26.0,0,2,43,3.0,73218.0,1,9,2,0,0
2831,23.0,1,3,177,0.0,52612.0,3,7,0,4,1
2832,48.0,0,2,168,24.0,184480.0,1,3,1,3,1
2833,38.0,1,0,3,12.0,132442.0,3,8,4,2,0
2834,30.0,0,2,44,5.0,102828.0,0,9,2,0,0
2835,40.0,1,2,177,16.0,150301.0,1,1,4,2,1
2836,45.0,0,0,158,22.0,171468.0,2,6,1,2,1
2837,36.0,1,2,44,13.0,147326.0,3,1,4,2,0
2838,52.0,1,3,177,26.0,185982.0,2,9,1,3,1
2839,31.0,0,0,168,7.0,108267.0,1,9,3,0,1
2840,26.0,1,2,44,4.0,91397.0,3,8,2,0,0
2841,30.0,0,2,158,5.0,100867.0,2,4,2,0,1
2842,24.0,1,0,3,2.0,64182.0,2,9,0,4,0
2843,45.0,1,2,168,22.0,182506.0,3,1,1,2,1
2844,33.0,0,2,44,9.0,136986.0,0,9,3,0,0
2845,38.0,1,0,43,11.0,136662.0,0,2,4,2,0
2846,54.0,0,3,177,32.0,191510.0,4,9,1,3,1
2847,42.0,1,2,44,19.0,177347.0,3,1,4,2,0
2848,28.0,0,0,158,3.0,70397.0,4,5,2,0,1
2849,34.0,1,2,177,9.0,146075.0,4,9,3,0,1
2850,46.0,0,0,3,18.0,155795.0,3,7,4,3,0
2851,35.0,1,2,44,9.0,132638.0,2,6,3,0,0
2852,49.0,0,3,177,22.0,178684.0,3,8,1,3,1
2853,32.0,1,0,168,7.0,106218.0,4,9,3,0,1
2854,54.0,1,2,44,28.0,191239.0,4,0,1,3,0
2855,26.0,0,2,43,2.0,65840.0,3,1,0,0,0
2856,23.0,1,3,177,0.0,52779.0,1,1,0,4,1
2857,48.0,0,2,168,23.0,185038.0,1,1,1,3,1
2858,38.0,1,0,3,14.0,136449.0,3,9,4,2,0
2859,30.0,0,2,44,6.0,110707.0,2,6,3,0,0
2860,40.0,1,2,177,17.0,151670.0,1,3,4,2,1
2861,45.0,0,0,158,21.0,167015.0,3,1,1,2,1
2862,36.0,1,2,44,13.0,146508.0,4,5,4,2,0
2863,52.0,1,3,177,27.0,190596.0,3,1,1,3,1
2864,31.0,0,0,168,6.0,104378.0,3,8,3,0,1
2865,26.0,1,2,44,3.0,70216.0,4,9,2,0,0
2866,30.0,0,2,158,5.0,101733.0,4,9,2,0,1
2867,24.0,1,0,3,1.0,55935.0,3,1,0,4,0
2868,45.0,1,2,168,21.0,180367.0,2,6,1,2,1
2869,33.0,0,2,44,9.0,135596.0,3,1,3,0,0
2870,38.0,1,0,43,11.0,136062.0,4,9,4,2,0
2871,54.0,0,3,177,32.0,191267.0,0,1,1,3,1
2872,42.0,1,2,44,19.0,177347.0,3,9,4,2,0
2873,28.0,0,0,158,3.0,70397.0,0,9,2,0,1
2874,34.0,1,2,177,9.0,146075.0,0,2,3,0,1
2875,46.0,0,0,3,18.0,155795.0,2,9,4,3,0
2876,35.0,1,2,44,9.0,132638.0,2,9,3,0,0
2877,49.0,0,3,177,22.0,178684.0,1,1,1,3,1
2878,32.0,1,0,168,7.0,106218.0,0,2,3,0,1
2879,54.0,1,2,44,28.0,191239.0,0,2,1,3,0
2880,26.0,0,2,43,2.0,65840.0,1,3,0,0,0
2881,23.0,1,3,177,0.0,52779.0,2,6,0,4,1
2882,48.0,0,2,168,23.0,185038.0,4,5,1,3,1
2883,38.0,1,0,3,14.0,136449.0,2,6,4,2,0
2884,30.0,0,2,44,6.0,110707.0,3,8,3,0,0
2885,40.0,1,2,177,17.0,151670.0,1,9,4,2,1
2886,45.0,0,0,158,21.0,167015.0,2,9,1,2,1
2887,36.0,1,2,44,13.0,146508.0,1,9,4,2,0
2888,52.0,1,3,177,27.0,190596.0,4,0,1,3,1
2889,31.0,0,0,168,6.0,104378.0,4,1,3,0,1
2890,26.0,1,2,44,3.0,70216.0,3,8,2,0,0
2891,30.0,0,2,158,5.0,101733.0,2,9,2,0,1
2892,24.0,1,0,3,1.0,55935.0,4,1,0,4,0
2893,45.0,1,2,168,21.0,180367.0,4,9,1,2,1
2894,33.0,0,2,44,9.0,135596.0,2,6,3,0,0
2895,38.0,1,0,43,11.0,136062.0,4,5,4,2,0
2896,54.0,0,3,177,32.0,191267.0,4,9,1,3,1
2897,42.0,1,2,44,19.0,177347.0,2,4,4,2,0
2898,29.0,0,0,44,6.0,103579.0,1,3,3,0,0
2899,45.0,1,2,177,19.0,163780.0,3,8,4,2,1
2900,36.0,1,0,43,12.0,137878.0,2,4,4,2,0
2901,30.0,0,2,158,4.0,92438.0,1,3,2,0,1
2902,28.0,1,2,44,5.0,84181.0,1,1,2,0,0
2903,46.0,0,3,177,21.0,174821.0,1,1,1,3,1
2904,34.0,1,0,3,10.0,126520.0,2,4,3,0,0
2905,44.0,1,2,168,18.0,152168.0,4,9,4,2,1
2906,55.0,0,3,177,29.0,190543.0,2,6,1,3,1
2907,35.0,1,2,44,9.0,131547.0,1,1,3,0,0
2908,54.0,1,0,158,28.0,192292.0,4,0,1,3,1
2909,23.0,0,1,3,1.0,52807.0,3,9,0,4,0
2910,46.0,1,2,168,20.0,174938.0,4,0,4,3,1
2911,33.0,0,0,44,8.0,124071.0,4,5,3,0,0
2912,26.0,1,2,43,3.0,73640.0,1,9,2,0,0
2913,43.0,0,3,177,19.0,156486.0,0,1,4,2,1
2914,36.0,1,2,44,11.0,138859.0,4,9,4,2,0
2915,23.0,0,0,158,0.0,52831.0,2,9,0,4,1
2916,49.0,1,2,177,23.0,182392.0,4,1,1,3,1
2917,35.0,0,2,44,11.0,151078.0,4,1,4,0,0
2918,31.0,1,0,3,8.0,100679.0,4,9,3,0,0
2919,54.0,2,1,168,29.0,158966.0,1,3,1,3,1
2920,43.0,1,2,44,20.0,167924.0,1,3,4,2,0
2921,33.0,0,2,158,10.0,113334.0,1,1,3,0,1
2922,52.0,0,3,177,29.0,194778.0,1,1,1,3,1
2923,28.0,1,0,44,4.0,77606.0,4,9,2,0,0
2924,36.0,0,2,168,13.0,140010.0,0,9,4,2,1
2925,43.0,1,0,158,20.0,142421.0,1,3,4,2,1
2926,50.0,0,2,44,24.0,192756.0,1,1,1,3,0
2927,24.0,1,3,177,1.0,106686.0,4,9,0,4,1
2928,52.0,1,2,168,27.0,186794.0,2,6,1,3,1
2929,46.0,0,0,3,19.0,150729.0,0,1,4,3,0
2930,38.0,1,2,44,15.0,171652.0,0,1,4,2,0
2931,29.0,1,0,158,6.0,88552.0,1,3,3,0,1
2932,33.0,0,2,43,9.0,119918.0,0,9,3,0,0
2933,47.0,1,3,177,21.0,174985.0,0,1,1,3,1
2934,45.0,0,2,168,23.0,174336.0,4,5,1,2,1
2935,28.0,1,0,3,4.0,72389.0,3,7,2,0,0
2936,42.0,0,2,44,14.0,163978.0,4,5,4,2,0
2937,46.0,1,0,158,25.0,166958.0,0,9,1,3,1
2938,38.0,0,3,177,15.0,145052.0,0,2,4,2,1
2939,54.0,1,2,168,32.0,195270.0,3,1,1,3,1
2940,33.0,0,2,44,8.0,122970.0,0,9,3,0,0
2941,27.0,1,1,3,4.0,80247.0,3,1,2,0,0
2942,50.0,0,0,158,25.0,177862.0,4,0,1,3,1
2943,26.0,1,2,44,4.0,91062.0,1,3,2,0,0
2944,31.0,0,2,168,6.0,114290.0,0,9,3,0,1
2945,35.0,1,0,43,10.0,128999.0,1,3,3,0,0
2946,44.0,0,3,177,18.0,162454.0,3,8,4,2,1
2947,32.0,1,2,158,8.0,122354.0,2,6,3,0,1
2948,54.0,1,0,44,25.0,179756.0,4,0,1,3,0
2949,26.0,0,2,43,3.0,73218.0,4,5,2,0,0
2950,23.0,1,3,177,0.0,52612.0,4,0,0,4,1
2951,48.0,0,2,168,24.0,184480.0,0,9,1,3,1
2952,38.0,1,0,3,12.0,132442.0,3,1,4,2,0
2953,30.0,0,2,44,5.0,102828.0,1,9,2,0,0
2954,40.0,1,2,177,16.0,150301.0,0,2,4,2,1
2955,45.0,0,0,158,22.0,171468.0,0,1,1,2,1
2956,36.0,1,2,44,13.0,147326.0,2,9,4,2,0
2957,52.0,1,3,177,26.0,185982.0,2,4,1,3,1
2958,31.0,0,0,168,7.0,108267.0,3,8,3,0,1
2959,26.0,1,2,44,4.0,91397.0,0,2,2,0,0
2960,30.0,0,2,158,5.0,100867.0,0,2,2,0,1
2961,24.0,1,0,3,2.0,64182.0,4,5,0,4,0
2962,45.0,1,2,168,22.0,182506.0,3,9,1,2,1
2963,33.0,0,2,44,9.0,136986.0,3,7,3,0,0
2964,38.0,1,0,43,11.0,136662.0,0,9,4,2,0
2965,54.0,0,3,177,32.0,191510.0,3,8,1,3,1
2966,42.0,1,2,44,19.0,177347.0,1,1,4,2,0
2967,28.0,0,0,158,3.0,70397.0,4,1,2,0,1
2968,34.0,1,2,177,9.0,146075.0,2,9,3,0,1
2969,46.0,0,0,3,18.0,155795.0,1,1,4,3,0
2970,35.0,1,2,44,9.0,132638.0,2,6,3,0,0
2971,49.0,0,3,177,22.0,178684.0,0,9,1,3,1
2972,32.0,1,0,168,7.0,106218.0,0,1,3,0,1
2973,54.0,1,2,44,28.0,191239.0,1,9,1,3,0
2974,26.0,0,2,43,2.0,65840.0,4,1,0,0,0
2975,23.0,1,3,177,0.0,52779.0,3,1,0,4,1
2976,48.0,0,2,168,23.0,185038.0,0,1,1,3,1
2977,38.0,1,0,3,14.0,136449.0,2,6,4,2,0
2978,30.0,0,2,44,6.0,110707.0,2,4,3,0,0
2979,40.0,1,2,177,17.0,151670.0,4,0,4,2,1
2980,45.0,0,0,158,21.0,167015.0,3,9,1,2,1
2981,36.0,1,2,44,13.0,146508.0,0,1,4,2,0
2982,52.0,1,3,177,27.0,190596.0,2,4,1,3,1
2983,31.0,0,0,168,6.0,104378.0,4,0,3,0,1
2984,26.0,1,2,44,3.0,70216.0,2,6,2,0,0
2985,30.0,0,2,158,5.0,101733.0,2,4,2,0,1
2986,24.0,1,0,3,1.0,55935.0,3,9,0,4,0
2987,45.0,1,2,168,21.0,180367.0,3,1,1,2,1
2988,33.0,0,2,44,9.0,135596.0,3,8,3,0,0
2989,38.0,1,0,43,11.0,136062.0,3,1,4,2,0
2990,54.0,0,3,177,32.0,191267.0,0,9,1,3,1
2991,42.0,1,2,44,19.0,177347.0,3,1,4,2,0
2992,28.0,0,0,158,3.0,70397.0,2,6,2,0,1
2993,34.0,1,2,177,9.0,146075.0,4,5,3,0,1
2994,46.0,0,0,3,18.0,155795.0,4,9,4,3,0
2995,35.0,1,2,44,9.0,132638.0,3,9,3,0,0
2996,49.0,0,3,177,22.0,178684.0,2,4,1,3,1
2997,32.0,1,0,168,7.0,106218.0,1,9,3,0,1
2998,54.0,1,2,44,28.0,191239.0,0,2,1,3,0
2999,26.0,0,2,43,2.0,65840.0,0,2,0,0,0
3000,23.0,1,3,177,0.0,52779.0,0,9,0,4,1
3001,48.0,0,2,168,23.0,185038.0,4,9,1,3,1
3002,38.0,1,0,3,14.0,136449.0,1,9,4,2,0
3003,30.0,0,2,44,6.0,110707.0,1,1,3,0,0
3004,40.0,1,2,177,17.0,151670.0,4,0,4,2,1
3005,45.0,0,0,158,21.0,167015.0,1,9,1,2,1
3006,36.0,1,2,44,13.0,146508.0,2,6,4,2,0
3007,52.0,1,3,177,27.0,190596.0,4,0,1,3,1
3008,31.0,0,0,168,6.0,104378.0,4,1,3,0,1
3009,26.0,1,2,44,3.0,70216.0,4,0,2,0,0
3010,30.0,0,2,158,5.0,101733.0,0,2,2,0,1
3011,24.0,1,0,3,1.0,55935.0,2,6,0,4,0
3012,45.0,1,2,168,21.0,180367.0,3,7,1,2,1
3013,33.0,0,2,44,9.0,135596.0,0,2,3,0,0
3014,38.0,1,0,43,11.0,136062.0,2,9,4,2,0
3015,54.0,0,3,177,32.0,191267.0,0,2,1,3,1
3016,42.0,1,2,44,19.0,177347.0,0,9,4,2,0
3017,29.0,0,0,44,6.0,103579.0,0,2,3,0,0
3018,45.0,1,2,177,19.0,163780.0,2,6,4,2,1
3019,36.0,1,0,43,12.0,137878.0,3,7,4,2,0
3020,30.0,0,2,158,4.0,92438.0,4,5,2,0,1
3021,28.0,1,2,44,5.0,84181.0,3,9,2,0,0
3022,46.0,0,3,177,21.0,174821.0,3,9,1,3,1
3023,34.0,1,0,3,10.0,126520.0,4,0,3,0,0
3024,44.0,1,2,168,18.0,152168.0,3,8,4,2,1
3025,55.0,0,3,177,29.0,190543.0,4,9,1,3,1
3026,35.0,1,2,44,9.0,131547.0,2,4,3,0,0
3027,54.0,1,0,158,28.0,192292.0,3,7,1,3,1
3028,23.0,0,1,3,1.0,52807.0,0,9,0,4,0
3029,46.0,1,2,168,20.0,174938.0,2,9,4,3,1
3030,33.0,0,0,44,8.0,124071.0,2,6,3,0,0
3031,26.0,1,2,43,3.0,73640.0,3,1,2,0,0
3032,43.0,0,3,177,19.0,156486.0,4,0,4,2,1
3033,36.0,1,2,44,11.0,138859.0,1,9,4,2,0
3034,23.0,0,0,158,0.0,52831.0,4,1,0,4,1
3035,49.0,1,2,177,23.0,182392.0,3,1,1,3,1
3036,35.0,0,2,44,11.0,151078.0,1,9,4,0,0
3037,31.0,1,0,3,8.0,100679.0,1,9,3,0,0
3038,54.0,2,1,168,29.0,158966.0,3,1,1,3,1
3039,43.0,1,2,44,20.0,167924.0,3,1,4,2,0
3040,33.0,0,2,158,10.0,113334.0,1,9,3,0,1
3041,52.0,0,3,177,29.0,194778.0,3,8,1,3,1
3042,28.0,1,0,44,4.0,77606.0,3,7,2,0,0
3043,36.0,0,2,168,13.0,140010.0,4,1,4,2,1
3044,43.0,1,0,158,20.0,142421.0,1,3,4,2,1
3045,50.0,0,2,44,24.0,192756.0,1,1,1,3,0
3046,24.0,1,3,177,1.0,106686.0,0,1,0,4,1
3047,52.0,1,2,168,27.0,186794.0,2,9,1,3,1
3048,46.0,0,0,3,19.0,150729.0,4,1,4,3,0
3049,38.0,1,2,44,15.0,171652.0,3,8,4,2,0
3050,29.0,1,0,158,6.0,88552.0,4,5,3,0,1
3051,33.0,0,2,43,9.0,119918.0,4,1,3,0,0
3052,47.0,1,3,177,21.0,174985.0,3,7,1,3,1
3053,45.0,0,2,168,23.0,174336.0,0,1,1,2,1
3054,28.0,1,0,3,4.0,72389.0,2,4,2,0,0
3055,42.0,0,2,44,14.0,163978.0,1,3,4,2,0
3056,46.0,1,0,158,25.0,166958.0,3,1,1,3,1
3057,38.0,0,3,177,15.0,145052.0,3,8,4,2,1
3058,54.0,1,2,168,32.0,195270.0,1,1,1,3,1
3059,33.0,0,2,44,8.0,122970.0,0,9,3,0,0
3060,27.0,1,1,3,4.0,80247.0,0,2,2,0,0
3061,50.0,0,0,158,25.0,177862.0,1,9,1,3,1
3062,26.0,1,2,44,4.0,91062.0,2,6,2,0,0
3063,31.0,0,2,168,6.0,114290.0,1,1,3,0,1
3064,35.0,1,0,43,10.0,128999.0,4,1,3,0,0
3065,44.0,0,3,177,18.0,162454.0,4,0,4,2,1
3066,32.0,1,2,158,8.0,122354.0,1,9,3,0,1
3067,54.0,1,0,44,25.0,179756.0,3,7,1,3,0
3068,26.0,0,2,43,3.0,73218.0,1,9,2,0,0
3069,23.0,1,3,177,0.0,52612.0,3,9,0,4,1
3070,48.0,0,2,168,23.0,185038.0,1,9,1,3,1
3071,38.0,1,0,3,12.0,132442.0,3,1,4,2,0
3072,30.0,0,2,44,5.0,102828.0,4,5,2,0,0
3073,40.0,1,2,177,16.0,150301.0,1,3,4,2,1
3074,45.0,0,0,158,22.0,171468.0,1,3,1,2,1
3075,36.0,1,2,44,13.0,147326.0,0,2,4,2,0
3076,52.0,1,3,177,26.0,185982.0,1,1,1,3,1
3077,31.0,0,0,168,7.0,108267.0,0,2,3,0,1
3078,26.0,1,2,44,3.0,91397.0,1,3,2,0,0
3079,30.0,0,2,158,5.0,100867.0,1,3,2,0,1
3080,24.0,1,0,3,2.0,64182.0,3,1,0,4,0
3081,45.0,1,2,168,22.0,182506.0,4,0,1,2,1
3082,33.0,0,2,44,9.0,136986.0,0,1,3,0,0
3083,38.0,1,0,43,11.0,136662.0,4,5,4,2,0
3084,54.0,0,3,177,32.0,191510.0,2,4,1,3,1
3085,42.0,1,2,44,19.0,177347.0,3,8,4,2,0
3086,28.0,0,0,158,4.0,82944.0,2,4,2,0,1
3087,48.0,1,3,177,23.0,188288.0,1,3,1,3,1
3088,36.0,0,2,168,14.0,141090.0,3,7,4,2,1
3089,43.0,1,0,44,19.0,152726.0,0,2,4,2,0
3090,33.0,0,2,3,9.0,124141.0,0,2,3,0,0
3091,26.0,1,0,43,3.0,67556.0,1,1,2,0,0
3092,50.0,0,2,158,22.0,182768.0,2,4,1,3,1
3093,41.0,1,3,177,15.0,148727.0,3,1,4,2,1
3094,29.0,0,0,44,6.0,91903.0,4,1,3,0,0
3095,38.0,1,2,168,14.0,147708.0,4,9,4,2,1
3096,48.0,0,0,158,21.0,163209.0,0,2,1,3,1
3097,31.0,1,2,44,8.0,120288.0,2,9,3,0,0
3098,45.0,1,3,177,21.0,170226.0,3,8,1,2,1
3099,35.0,0,2,168,11.0,134979.0,2,4,4,0,1
3100,42.0,1,0,3,16.0,137489.0,3,7,4,2,0
3101,27.0,0,2,44,4.0,83577.0,2,6,2,0,0
3102,33.0,1,0,43,9.0,117904.0,1,9,3,0,0
3103,36.0,0,2,158,11.0,134482.0,2,6,4,2,1
3104,54.0,1,3,177,30.0,184660.0,0,2,1,3,1
3105,30.0,0,0,168,5.0,100151.0,3,7,2,0,1
3106,26.0,1,2,44,3.0,88678.0,4,1,2,0,0
3107,45.0,0,3,158,21.0,181285.0,1,9,1,2,1
3108,38.0,1,2,177,16.0,154990.0,4,9,4,2,1
3109,31.0,0,0,44,7.0,108204.0,1,3,3,0,0
3110,42.0,1,2,168,19.0,175684.0,1,3,4,2,1
3111,28.0,0,0,3,5.0,77766.0,4,5,2,0,0
3112,48.0,1,3,177,24.0,192211.0,2,4,1,3,1
3113,36.0,0,2,44,13.0,144647.0,1,3,4,2,0
3114,43.0,1,0,158,20.0,162231.0,2,4,4,2,1
3115,33.0,0,2,43,9.0,121120.0,1,1,3,0,0
3116,26.0,1,0,44,4.0,79652.0,1,9,2,0,0
3117,50.0,0,2,168,21.0,177002.0,1,3,1,3,1
3118,27.0,1,2,3,5.0,87584.0,3,9,2,0,0
3119,38.0,0,0,158,13.0,131860.0,2,4,4,2,1
3120,54.0,1,3,177,28.0,182013.0,4,0,1,3,1
3121,31.0,0,2,44,7.0,108799.0,2,9,3,0,0
3122,36.0,1,0,168,13.0,135378.0,1,3,4,2,1
3123,45.0,0,2,177,22.0,183530.0,4,1,1,2,1
3124,42.0,1,0,3,18.0,150901.0,3,8,4,2,0
3125,28.0,0,2,44,4.0,82697.0,3,9,2,0,0
3126,48.0,1,3,168,26.0,194638.0,3,1,1,3,1
3127,36.0,0,2,158,12.0,130356.0,0,1,4,2,1
3128,43.0,1,0,44,18.0,152560.0,0,2,4,2,0
3129,33.0,0,2,43,9.0,121432.0,1,9,3,0,0
3130,26.0,1,0,3,2.0,63789.0,1,3,0,0,0
3131,50.0,0,2,168,23.0,183690.0,2,6,1,3,1
3132,41.0,1,3,177,16.0,151310.0,0,1,4,2,1
3133,29.0,0,0,44,6.0,100358.0,1,9,3,0,0
3134,38.0,1,2,168,15.0,148437.0,3,9,4,2,1
3135,48.0,0,0,158,22.0,168691.0,0,1,1,3,1
3136,31.0,1,2,44,8.0,115000.0,1,9,3,0,0
3137,28.0,1,0,175,1.0,50000.0,4,9,0,0,0
3138,32.0,0,2,106,5.0,100000.0,0,1,2,0,1
3139,26.0,1,0,176,2.0,60000.0,1,9,0,0,0
3140,33.0,0,2,18,6.0,90000.0,4,0,3,0,0
3141,29.0,1,0,43,3.0,70000.0,4,0,2,0,0
3142,42.0,1,3,28,12.0,170000.0,0,9,4,2,1
3143,36.0,0,2,20,8.0,130000.0,1,9,3,2,0
3144,27.0,1,0,175,1.0,50000.0,2,4,0,0,0
3145,34.0,0,2,106,7.0,120000.0,0,1,3,0,1
3146,29.0,1,0,176,4.0,80000.0,0,2,2,0,0
3147,41.0,0,3,129,16.0,200000.0,1,9,4,2,1
3148,34.0,1,2,18,8.0,100000.0,4,5,3,0,0
3149,24.0,0,0,175,2.0,55000.0,1,1,0,4,0
3150,36.0,1,3,28,12.0,170000.0,4,9,4,2,1
3151,30.0,0,0,176,5.0,90000.0,1,1,2,0,0
3152,29.0,1,0,43,4.0,80000.0,0,1,2,0,0
3153,42.0,1,2,106,14.0,180000.0,0,9,4,2,1
3154,26.0,1,0,175,2.0,60000.0,4,0,0,0,0
3155,35.0,0,2,18,9.0,120000.0,0,9,3,0,0
3156,27.0,0,0,176,3.0,70000.0,1,9,2,0,0
3157,48.0,1,3,28,18.0,210000.0,3,7,4,3,1
3158,34.0,1,2,20,9.0,140000.0,1,9,3,0,0
3159,23.0,0,0,176,1.0,50000.0,0,1,0,4,0
3160,32.0,1,2,106,7.0,110000.0,1,3,3,0,1
3161,25.0,0,2,176,2.0,60000.0,0,1,0,4,0
3162,37.0,1,0,18,11.0,160000.0,3,9,4,2,0
3163,28.0,1,0,176,4.0,75000.0,2,9,2,0,0
3164,41.0,0,3,28,16.0,200000.0,0,9,4,2,1
3165,34.0,1,2,18,8.0,100000.0,4,0,3,0,0
3166,24.0,0,0,175,2.0,55000.0,3,7,0,4,0
3167,36.0,1,3,129,12.0,170000.0,1,9,4,2,1
3168,30.0,0,0,176,5.0,90000.0,4,0,2,0,0
3169,29.0,1,0,43,4.0,80000.0,0,9,2,0,0
3170,42.0,1,2,106,14.0,180000.0,3,7,4,2,1
3171,26.0,1,0,175,2.0,60000.0,4,1,0,0,0
3172,35.0,0,2,18,9.0,120000.0,0,1,3,0,0
3173,27.0,0,0,176,3.0,70000.0,0,2,2,0,0
3174,48.0,1,3,28,18.0,210000.0,1,9,4,3,1
3175,34.0,1,2,20,9.0,140000.0,1,1,3,0,0
3176,23.0,0,0,176,1.0,50000.0,3,8,0,4,0
3177,32.0,1,2,106,7.0,110000.0,0,9,3,0,1
3178,25.0,0,2,176,2.0,60000.0,3,8,0,4,0
3179,37.0,1,0,18,11.0,160000.0,3,9,4,2,0
3180,28.0,1,0,176,4.0,75000.0,2,9,2,0,0
3181,41.0,0,3,28,16.0,200000.0,2,4,4,2,1
3182,34.0,1,2,18,8.0,100000.0,3,7,3,0,0
3183,24.0,0,0,175,2.0,55000.0,3,7,0,4,0
3184,36.0,1,3,129,12.0,170000.0,0,1,4,2,1
3185,30.0,0,0,176,5.0,90000.0,4,1,2,0,0
3186,29.0,1,0,43,4.0,80000.0,1,1,2,0,0
3187,42.0,1,2,106,14.0,180000.0,0,1,4,2,1
3188,26.0,1,0,175,2.0,60000.0,0,1,0,0,0
3189,35.0,0,2,18,9.0,120000.0,4,5,3,0,0
3190,27.0,0,0,176,3.0,70000.0,2,4,2,0,0
3191,48.0,1,3,28,18.0,210000.0,3,7,4,3,1
3192,34.0,1,2,20,9.0,140000.0,4,1,3,0,0
3193,23.0,0,0,176,1.0,50000.0,2,6,0,4,0
3194,32.0,1,2,106,7.0,110000.0,1,1,3,0,1
3195,25.0,0,2,176,2.0,60000.0,2,6,0,4,0
3196,37.0,1,0,18,11.0,160000.0,1,9,4,2,0
3197,28.0,1,0,176,4.0,75000.0,3,1,2,0,0
3198,41.0,0,3,28,16.0,200000.0,4,9,4,2,1
3199,34.0,1,2,18,8.0,100000.0,1,1,3,0,0
3200,24.0,0,0,175,2.0,55000.0,4,9,0,4,0
3201,36.0,1,3,129,12.0,170000.0,1,3,4,2,1
3202,30.0,0,0,176,5.0,90000.0,4,1,2,0,0
3203,29.0,1,0,43,4.0,80000.0,2,4,2,0,0
3204,42.0,1,2,106,14.0,180000.0,4,1,4,2,1
3205,26.0,1,0,175,2.0,60000.0,0,9,0,0,0
3206,35.0,0,2,18,9.0,120000.0,3,1,3,0,0
3207,27.0,0,0,176,3.0,70000.0,3,8,2,0,0
3208,48.0,1,3,28,18.0,210000.0,0,1,4,3,1
3209,34.0,1,2,20,9.0,140000.0,0,2,3,0,0
3210,23.0,0,0,176,1.0,50000.0,3,7,0,4,0
3211,32.0,1,2,106,7.0,110000.0,1,9,3,0,1
3212,25.0,0,2,176,2.0,60000.0,4,0,0,4,0
3213,37.0,1,0,18,11.0,160000.0,2,9,4,2,0
3214,28.0,1,0,176,4.0,75000.0,1,1,2,0,0
3215,41.0,0,3,28,16.0,200000.0,3,9,4,2,1
3216,34.0,1,2,18,8.0,100000.0,0,2,3,0,0
3217,24.0,0,0,175,2.0,55000.0,2,4,0,4,0
3218,36.0,1,3,129,12.0,170000.0,1,3,4,2,1
3219,30.0,0,0,176,5.0,90000.0,4,9,2,0,0
3220,29.0,1,0,43,4.0,80000.0,2,4,2,0,0
3221,42.0,1,2,106,14.0,180000.0,4,9,4,2,1
3222,26.0,1,0,175,2.0,60000.0,4,0,0,0,0
3223,35.0,0,2,18,9.0,120000.0,4,1,3,0,0
3224,27.0,0,0,176,3.0,70000.0,3,1,2,0,0
3225,48.0,1,3,28,18.0,210000.0,3,9,4,3,1
3226,34.0,1,2,20,9.0,140000.0,3,8,3,0,0
3227,23.0,0,0,176,1.0,50000.0,2,4,0,4,0
3228,32.0,1,2,106,7.0,110000.0,1,3,3,0,1
3229,25.0,0,2,176,2.0,60000.0,4,9,0,4,0
3230,37.0,1,0,18,11.0,160000.0,1,3,4,2,0
3231,28.0,1,0,176,4.0,75000.0,2,6,2,0,0
3232,41.0,0,3,28,16.0,200000.0,1,9,4,2,1
3233,34.0,1,2,18,8.0,100000.0,1,3,3,0,0
3234,24.0,0,0,175,2.0,55000.0,1,1,0,4,0
3235,36.0,1,3,129,12.0,170000.0,0,9,4,2,1
3236,30.0,0,0,176,5.0,90000.0,0,9,2,0,0
3237,29.0,1,0,43,4.0,80000.0,3,1,2,0,0
3238,42.0,1,2,106,14.0,180000.0,1,1,4,2,1
3239,26.0,1,0,175,2.0,60000.0,2,9,0,0,0
3240,35.0,0,2,18,9.0,120000.0,1,9,3,0,0
3241,27.0,0,0,176,3.0,70000.0,1,9,2,0,0
3242,48.0,1,3,28,18.0,210000.0,4,9,4,3,1
3243,34.0,1,2,20,9.0,140000.0,3,9,3,0,0
3244,23.0,0,0,176,1.0,50000.0,4,5,0,4,0
3245,32.0,1,2,106,7.0,110000.0,4,0,3,0,1
3246,25.0,0,2,176,2.0,60000.0,3,8,0,4,0
3247,37.0,1,0,18,11.0,160000.0,2,6,4,2,0
3248,28.0,1,0,176,4.0,75000.0,0,2,2,0,0
3249,41.0,0,3,28,16.0,200000.0,0,1,4,2,1
3250,34.0,1,2,18,8.0,100000.0,1,9,3,0,0
3251,24.0,0,0,175,2.0,55000.0,0,1,0,4,0
3252,36.0,1,3,129,12.0,170000.0,1,3,4,2,1
3253,30.0,0,0,176,5.0,90000.0,4,9,2,0,0
3254,29.0,1,0,43,4.0,80000.0,4,0,2,0,0
3255,42.0,1,2,106,14.0,180000.0,1,9,4,2,1
3256,26.0,1,0,175,2.0,60000.0,0,2,0,0,0
3257,35.0,0,2,18,9.0,120000.0,1,9,3,0,0
3258,27.0,0,0,176,3.0,70000.0,3,8,2,0,0
3259,48.0,1,3,28,18.0,210000.0,4,9,4,3,1
3260,34.0,1,2,20,9.0,140000.0,3,8,3,0,0
3261,30.0,0,0,176,4.0,80000.0,4,1,2,0,0
3262,29.0,1,0,43,3.0,70000.0,3,8,2,0,0
3263,42.0,1,2,106,14.0,180000.0,4,5,4,2,1
3264,26.0,1,0,175,2.0,60000.0,4,0,0,0,0
3265,35.0,0,2,18,9.0,120000.0,3,9,3,0,0
3266,27.0,0,0,176,3.0,70000.0,4,1,2,0,0
3267,48.0,1,3,28,18.0,210000.0,3,8,4,3,1
3268,34.0,1,2,20,9.0,140000.0,2,4,3,0,0
3269,23.0,0,0,176,1.0,50000.0,1,1,0,4,0
3270,32.0,1,2,106,7.0,110000.0,4,0,3,0,1
3271,25.0,0,2,176,2.0,60000.0,1,1,0,4,0
3272,37.0,1,0,18,11.0,160000.0,3,7,4,2,0
3273,28.0,1,0,176,4.0,75000.0,3,1,2,0,0
3274,41.0,0,3,28,16.0,200000.0,0,1,4,2,1
3275,34.0,1,2,18,8.0,100000.0,0,1,3,0,0
3276,24.0,0,0,175,2.0,55000.0,0,9,0,4,0
3277,36.0,1,3,129,12.0,170000.0,3,9,4,2,1
3278,30.0,0,0,176,5.0,90000.0,2,9,2,0,0
3279,29.0,1,0,43,4.0,80000.0,1,3,2,0,0
3280,42.0,1,2,106,14.0,180000.0,0,2,4,2,1
3281,26.0,1,0,175,2.0,60000.0,3,9,0,0,0
3282,35.0,0,2,18,9.0,120000.0,0,9,3,0,0
3283,27.0,0,0,176,3.0,70000.0,4,0,2,0,0
3284,48.0,1,3,28,18.0,210000.0,0,2,4,3,1
3285,34.0,1,2,20,9.0,140000.0,0,9,3,0,0
3286,23.0,0,0,176,1.0,50000.0,0,2,0,4,0
3287,32.0,1,2,106,7.0,110000.0,2,6,3,0,1
3288,25.0,0,2,176,2.0,60000.0,3,9,0,4,0
3289,37.0,1,0,18,11.0,160000.0,3,9,4,2,0
3290,28.0,1,0,176,4.0,75000.0,4,0,2,0,0
3291,41.0,0,3,28,16.0,200000.0,2,6,4,2,1
3292,34.0,1,2,18,8.0,100000.0,4,1,3,0,0
3293,24.0,0,0,175,2.0,55000.0,3,9,0,4,0
3294,36.0,1,3,129,12.0,170000.0,0,9,4,2,1
3295,30.0,0,0,176,5.0,90000.0,4,9,2,0,0
3296,29.0,1,0,43,4.0,80000.0,1,9,2,0,0
3297,42.0,1,2,106,14.0,180000.0,0,9,4,2,1
3298,26.0,1,0,175,2.0,60000.0,0,2,0,0,0
3299,35.0,0,2,18,9.0,120000.0,2,6,3,0,0
3300,27.0,0,0,176,3.0,70000.0,0,1,2,0,0
3301,48.0,1,3,28,18.0,210000.0,4,9,4,3,1
3302,34.0,1,2,20,9.0,140000.0,2,4,3,0,0
3303,23.0,0,0,176,1.0,50000.0,1,9,0,4,0
3304,32.0,1,2,106,7.0,110000.0,0,1,3,0,1
3305,25.0,0,2,176,2.0,60000.0,2,4,0,4,0
3306,37.0,1,0,18,11.0,160000.0,2,9,4,2,0
3307,28.0,1,0,176,4.0,75000.0,1,1,2,0,0
3308,41.0,0,3,28,16.0,200000.0,3,7,4,2,1
3309,34.0,1,2,18,8.0,100000.0,3,8,3,0,0
3310,24.0,0,0,175,2.0,55000.0,1,9,0,4,0
3311,36.0,1,3,129,12.0,170000.0,4,1,4,2,1
3312,30.0,0,0,176,5.0,90000.0,1,1,2,0,0
3313,29.0,1,0,43,4.0,80000.0,4,1,2,0,0
3314,42.0,1,2,106,14.0,180000.0,3,9,4,2,1
3315,26.0,1,0,175,2.0,60000.0,3,8,0,0,0
3316,35.0,0,2,18,9.0,120000.0,4,9,3,0,0
3317,27.0,0,0,176,3.0,70000.0,4,1,2,0,0
3318,48.0,1,3,28,18.0,210000.0,2,4,4,3,1
3319,34.0,1,2,20,9.0,140000.0,4,5,3,0,0
3320,23.0,0,0,176,1.0,50000.0,1,3,0,4,0
3321,32.0,1,2,106,7.0,110000.0,1,3,3,0,1
3322,25.0,0,2,176,2.0,60000.0,1,3,0,4,0
3323,37.0,1,0,18,11.0,160000.0,1,3,4,2,0
3324,28.0,1,0,176,4.0,75000.0,0,2,2,0,0
3325,41.0,0,3,28,16.0,200000.0,1,9,4,2,1
3326,34.0,1,2,18,8.0,100000.0,0,2,3,0,0
3327,24.0,0,0,175,2.0,55000.0,3,8,0,4,0
3328,36.0,1,3,129,12.0,170000.0,1,1,4,2,1
3329,30.0,0,0,176,5.0,90000.0,0,9,2,0,0
3330,29.0,1,0,43,4.0,80000.0,3,1,2,0,0
3331,42.0,1,2,106,14.0,180000.0,3,8,4,2,1
3332,26.0,1,0,175,2.0,60000.0,0,9,0,0,0
3333,35.0,0,2,18,9.0,120000.0,3,1,3,0,0
3334,27.0,0,0,176,3.0,70000.0,0,1,2,0,0
3335,48.0,1,3,28,18.0,210000.0,1,9,4,3,1
3336,34.0,1,2,20,9.0,140000.0,1,3,3,0,0
3337,23.0,0,0,176,1.0,50000.0,3,1,0,4,0
3338,32.0,1,2,106,7.0,110000.0,3,9,3,0,1
3339,25.0,0,2,176,2.0,60000.0,2,6,0,4,0
3340,37.0,1,0,18,11.0,160000.0,4,0,4,2,0
3341,28.0,1,0,176,4.0,75000.0,4,5,2,0,0
3342,41.0,0,3,28,16.0,200000.0,2,6,4,2,1
3343,34.0,1,2,18,8.0,100000.0,4,0,3,0,0
3344,24.0,0,0,175,2.0,55000.0,0,2,0,4,0
3345,36.0,1,3,129,12.0,170000.0,2,9,4,2,1
3346,30.0,0,0,176,5.0,90000.0,4,5,2,0,0
3347,29.0,1,0,43,4.0,80000.0,4,1,2,0,0
3348,42.0,1,2,106,14.0,180000.0,0,9,4,2,1
3349,26.0,1,0,175,2.0,60000.0,1,1,0,0,0
3350,35.0,0,2,18,9.0,120000.0,2,9,3,0,0
3351,27.0,0,0,176,3.0,70000.0,0,9,2,0,0
3352,48.0,1,3,28,18.0,210000.0,1,3,4,3,1
3353,34.0,1,2,20,9.0,140000.0,3,7,3,0,0
3354,23.0,0,0,176,1.0,50000.0,0,9,0,4,0
3355,32.0,1,2,106,7.0,110000.0,0,2,3,0,1
3356,25.0,0,2,176,2.0,60000.0,4,9,0,4,0
3357,37.0,1,0,18,11.0,160000.0,0,2,4,2,0
3358,28.0,1,0,176,4.0,75000.0,4,5,2,0,0
3359,41.0,0,3,28,16.0,200000.0,4,0,4,2,1
3360,34.0,1,2,18,8.0,100000.0,2,6,3,0,0
3361,24.0,0,0,175,2.0,55000.0,0,1,0,4,0
3362,36.0,1,3,129,12.0,170000.0,3,1,4,2,1
3363,30.0,0,0,176,5.0,90000.0,1,9,2,0,0
3364,29.0,1,0,43,4.0,80000.0,2,4,2,0,0
3365,42.0,1,2,106,14.0,180000.0,4,9,4,2,1
3366,26.0,1,0,175,2.0,60000.0,3,7,0,0,0
3367,35.0,0,2,18,9.0,120000.0,2,9,3,0,0
3368,27.0,0,0,176,3.0,70000.0,1,9,2,0,0
3369,48.0,1,3,28,18.0,210000.0,1,1,4,3,1
3370,34.0,1,2,20,9.0,140000.0,0,1,3,0,0
3371,23.0,0,0,176,1.0,50000.0,2,9,0,4,0
3372,32.0,1,2,106,7.0,110000.0,4,5,3,0,1
3373,25.0,0,2,176,2.0,60000.0,3,9,0,4,0
3374,37.0,1,0,18,11.0,160000.0,4,0,4,2,0
3375,28.0,1,0,176,4.0,75000.0,2,4,2,0,0
3376,41.0,0,3,28,16.0,200000.0,1,9,4,2,1
3377,34.0,1,2,18,8.0,100000.0,4,5,3,0,0
3378,24.0,0,0,175,2.0,55000.0,1,3,0,4,0
3379,36.0,1,3,129,12.0,170000.0,2,4,4,2,1
3380,30.0,0,0,176,5.0,90000.0,4,0,2,0,0
3381,29.0,1,0,43,4.0,80000.0,1,9,2,0,0
3382,42.0,1,2,106,14.0,180000.0,4,9,4,2,1
3383,26.0,1,0,175,2.0,60000.0,2,4,0,0,0
3384,35.0,0,2,18,9.0,120000.0,4,9,3,0,0
3385,28.0,1,2,191,5.0,80000.0,3,1,2,0,0
3386,30.0,0,0,69,4.0,60000.0,1,9,2,0,0
3387,25.0,1,0,90,2.0,50000.0,2,9,0,4,0
3388,45.0,0,2,139,18.0,160000.0,1,1,4,2,1
3389,33.0,1,3,31,9.0,120000.0,0,1,3,0,1
3390,22.0,0,1,70,0.0,40000.0,4,5,0,4,0
3391,36.0,1,0,191,10.0,100000.0,0,2,3,2,0
3392,29.0,0,2,135,4.0,75000.0,1,3,2,0,1
3393,42.0,1,3,31,16.0,140000.0,0,2,4,2,1
3394,27.0,0,0,69,2.0,50000.0,0,2,0,0,0
3395,38.0,1,2,139,11.0,110000.0,3,1,4,2,1
3396,24.0,0,0,191,1.0,45000.0,4,5,0,4,0
3397,31.0,1,1,90,4.0,55000.0,3,7,2,0,0
3398,39.0,0,3,31,13.0,130000.0,4,1,4,2,1
3399,26.0,1,0,70,2.0,50000.0,2,9,0,0,0
3400,32.0,0,2,135,7.0,80000.0,4,9,3,0,1
3401,32.0,1,0,90,2.0,45000.0,2,9,0,0,0
3402,24.0,0,1,70,1.0,32000.0,4,5,0,4,0
3403,45.0,1,3,139,12.0,120000.0,4,1,4,2,1
3404,29.0,0,2,191,4.0,65000.0,4,9,2,0,0
3405,38.0,1,0,135,8.0,95000.0,2,9,3,2,1
3406,27.0,0,2,31,5.0,80000.0,4,9,2,0,1
3407,31.0,0,1,69,3.0,38000.0,1,9,2,0,0
3408,42.0,1,2,191,10.0,110000.0,1,9,3,2,0
3409,26.0,0,0,90,2.0,45000.0,4,9,0,0,0
3410,36.0,1,2,135,7.0,89000.0,1,3,3,2,1
3411,28.0,1,1,70,1.0,32000.0,4,5,0,0,0
3412,33.0,0,0,191,5.0,70000.0,3,8,2,0,0
3413,46.0,1,3,31,15.0,150000.0,0,2,4,3,1
3414,25.0,0,0,90,1.0,40000.0,0,2,0,4,0
3415,37.0,0,2,139,9.0,105000.0,0,9,3,2,1
3416,30.0,1,2,191,4.0,65000.0,4,9,2,0,0
3417,43.0,0,3,31,14.0,140000.0,3,8,4,2,1
3418,34.0,1,0,90,3.0,50000.0,0,1,2,0,0
3419,26.0,0,1,70,2.0,35000.0,4,9,0,0,0
3420,41.0,1,2,135,11.0,115000.0,2,4,4,2,1
3421,29.0,0,2,191,5.0,70000.0,0,9,2,0,0
3422,35.0,1,0,191,6.0,80000.0,4,9,3,0,0
3423,27.0,0,1,69,1.0,30000.0,0,2,0,0,0
3424,40.0,1,3,31,13.0,135000.0,1,3,4,2,1
3425,23.0,0,0,90,1.0,40000.0,0,9,0,4,0
3426,39.0,1,2,135,10.0,105000.0,4,1,3,2,1
3427,31.0,1,1,70,2.0,35000.0,1,9,0,0,0
3428,44.0,0,3,139,12.0,120000.0,2,4,4,2,1
3429,28.0,1,2,191,3.0,55000.0,3,9,2,0,0
3430,32.0,0,0,90,2.0,45000.0,1,1,0,0,0
3431,45.0,1,2,31,14.0,140000.0,1,1,4,2,1
3432,26.0,0,0,191,3.0,55000.0,0,1,2,0,0
3433,38.0,1,3,139,11.0,115000.0,0,9,4,2,1
3434,27.0,0,2,135,4.0,70000.0,1,9,2,0,1
3435,33.0,1,1,69,3.0,38000.0,0,2,2,0,0
3436,42.0,0,2,31,13.0,135000.0,2,4,4,2,1
3437,29.0,1,0,90,2.0,45000.0,1,9,0,0,0
3438,36.0,0,2,191,7.0,85000.0,1,3,3,2,0
3439,30.0,1,1,70,1.0,32000.0,4,1,0,0,0
3440,43.0,0,3,139,15.0,150000.0,3,8,4,2,1
3441,34.0,1,0,191,4.0,65000.0,1,9,2,0,0
3442,25.0,0,2,70,1.0,32000.0,4,1,0,4,0
3443,37.0,1,3,31,12.0,120000.0,3,1,4,2,1
3444,24.0,0,0,90,1.0,40000.0,0,2,0,4,0
3445,39.0,1,2,135,9.0,95000.0,2,9,3,2,1
3446,31.0,1,1,70,2.0,35000.0,4,0,0,0,0
3447,44.0,0,3,31,14.0,140000.0,0,9,4,2,1
3448,28.0,1,0,191,3.0,55000.0,2,6,2,0,0
3449,32.0,0,2,139,6.0,80000.0,2,6,3,0,1
3450,45.0,1,3,31,13.0,135000.0,3,1,4,2,1
3451,26.0,0,0,90,2.0,45000.0,1,1,0,0,0
3452,38.0,1,2,135,8.0,95000.0,4,5,3,2,1
3453,27.0,0,1,70,1.0,32000.0,3,9,0,0,0
3454,33.0,1,0,191,5.0,70000.0,2,4,2,0,0
3455,42.0,0,2,31,12.0,120000.0,1,1,4,2,1
3456,29.0,1,2,139,4.0,70000.0,1,1,2,0,1
3457,36.0,0,2,191,7.0,85000.0,4,0,3,2,0
3458,30.0,1,1,69,2.0,33000.0,0,1,0,0,0
3459,43.0,0,3,139,15.0,150000.0,0,1,4,2,1
3460,34.0,1,0,90,3.0,50000.0,3,7,2,0,0
3461,25.0,0,2,70,1.0,32000.0,3,7,0,4,0
3462,37.0,1,3,31,11.0,115000.0,3,1,4,2,1
3463,24.0,0,0,191,1.0,40000.0,0,2,0,4,0
3464,39.0,1,2,135,10.0,105000.0,3,8,3,2,1
3465,31.0,1,1,70,2.0,35000.0,3,7,0,0,0
3466,44.0,0,3,31,13.0,135000.0,2,9,4,2,1
3467,28.0,1,0,191,4.0,65000.0,3,9,2,0,0
3468,32.0,0,2,139,6.0,80000.0,0,9,3,0,1
3469,45.0,1,3,31,14.0,140000.0,4,0,4,2,1
3470,26.0,0,0,90,2.0,45000.0,2,6,0,0,0
3471,38.0,1,2,135,8.0,95000.0,3,8,3,2,1
3472,27.0,0,1,70,1.0,32000.0,1,1,0,0,0
3473,33.0,1,0,191,5.0,70000.0,3,7,2,0,0
3474,42.0,0,2,31,12.0,120000.0,1,9,4,2,1
3475,29.0,1,2,139,4.0,70000.0,2,9,2,0,1
3476,36.0,0,2,191,7.0,85000.0,3,1,3,2,0
3477,30.0,1,1,69,2.0,33000.0,0,2,0,0,0
3478,43.0,0,3,139,15.0,150000.0,3,9,4,2,1
3479,34.0,1,0,90,3.0,50000.0,0,2,2,0,0
3480,25.0,0,2,70,1.0,32000.0,2,4,0,4,0
3481,37.0,1,3,31,11.0,115000.0,1,3,4,2,1
3482,24.0,0,0,191,1.0,40000.0,4,5,0,4,0
3483,39.0,1,2,135,10.0,105000.0,0,9,3,2,1
3484,31.0,1,1,70,2.0,35000.0,1,9,0,0,0
3485,44.0,0,3,31,13.0,135000.0,3,8,4,2,1
3486,28.0,1,0,191,4.0,65000.0,1,9,2,0,0
3487,32.0,0,2,139,6.0,80000.0,0,2,3,0,1
3488,45.0,1,3,31,14.0,140000.0,3,1,4,2,1
3489,26.0,0,0,90,2.0,45000.0,2,6,0,0,0
3490,38.0,1,2,135,8.0,95000.0,3,1,3,2,1
3491,27.0,0,1,70,1.0,32000.0,0,2,0,0,0
3492,33.0,1,0,191,5.0,70000.0,3,1,2,0,0
3493,42.0,0,2,31,12.0,120000.0,0,1,4,2,1
3494,29.0,1,2,139,4.0,70000.0,3,7,2,0,1
3495,36.0,0,2,191,7.0,85000.0,0,1,3,2,0
3496,30.0,1,1,69,2.0,33000.0,4,5,0,0,0
3497,43.0,0,3,139,15.0,150000.0,1,1,4,2,1
3498,34.0,1,0,90,3.0,50000.0,2,4,2,0,0
3499,25.0,0,2,70,1.0,32000.0,4,5,0,4,0
3500,37.0,1,3,31,11.0,115000.0,2,9,4,2,1
3501,24.0,0,0,191,1.0,40000.0,2,4,0,4,0
3502,39.0,1,2,135,10.0,105000.0,0,1,3,2,1
3503,31.0,1,1,70,2.0,35000.0,0,9,0,0,0
3504,44.0,0,3,31,13.0,135000.0,3,9,4,2,1
3505,28.0,1,0,191,4.0,65000.0,1,1,2,0,0
3506,32.0,0,2,139,6.0,80000.0,0,1,3,0,1
3507,45.0,1,3,31,14.0,140000.0,4,9,4,2,1
3508,26.0,0,0,90,2.0,45000.0,0,2,0,0,0
3509,38.0,1,2,135,8.0,95000.0,4,9,3,2,1
3510,27.0,0,1,70,1.0,32000.0,2,4,0,0,0
3511,33.0,1,0,191,5.0,70000.0,1,9,2,0,0
3512,42.0,0,2,31,12.0,120000.0,2,6,4,2,1
3513,29.0,1,2,139,4.0,70000.0,1,3,2,0,1
3514,36.0,0,2,191,7.0,85000.0,4,1,3,2,0
3515,30.0,1,1,69,2.0,33000.0,3,1,0,0,0
3516,43.0,0,3,139,15.0,150000.0,3,7,4,2,1
3517,34.0,1,0,90,3.0,50000.0,0,2,2,0,0
3518,25.0,0,2,70,1.0,32000.0,1,1,0,4,0
3519,37.0,1,3,31,11.0,115000.0,1,1,4,2,1
3520,32.0,1,0,90,2.0,45000.0,2,6,0,0,0
3521,24.0,0,1,70,1.0,32000.0,2,6,0,4,0
3522,45.0,1,3,139,12.0,120000.0,1,3,4,2,1
3523,29.0,0,2,191,4.0,65000.0,2,4,2,0,0
3524,38.0,1,0,135,8.0,95000.0,3,9,3,2,1
3525,27.0,0,2,31,5.0,80000.0,3,9,2,0,1
3526,31.0,0,1,69,3.0,38000.0,3,7,2,0,0
3527,42.0,1,2,191,10.0,110000.0,3,7,3,2,0
3528,26.0,0,0,90,2.0,45000.0,4,9,0,0,0
3529,36.0,1,2,135,7.0,89000.0,3,9,3,2,1
3530,28.0,1,1,70,1.0,32000.0,0,9,0,0,0
3531,33.0,0,0,191,5.0,70000.0,0,2,2,0,0
3532,46.0,1,3,31,15.0,150000.0,3,8,4,3,1
3533,25.0,0,0,90,1.0,40000.0,1,9,0,4,0
3534,37.0,0,2,139,9.0,105000.0,2,6,3,2,1
3535,30.0,1,2,191,4.0,65000.0,0,9,2,0,0
3536,43.0,0,3,31,14.0,140000.0,2,9,4,2,1
3537,34.0,1,0,90,3.0,50000.0,4,1,2,0,0
3538,26.0,0,1,70,2.0,35000.0,3,7,0,0,0
3539,41.0,1,2,135,11.0,115000.0,4,1,4,2,1
3540,29.0,0,2,191,5.0,70000.0,0,9,2,0,0
3541,35.0,1,0,191,6.0,80000.0,0,2,3,0,0
3542,27.0,0,1,69,1.0,30000.0,2,9,0,0,0
3543,40.0,1,3,31,13.0,135000.0,4,0,4,2,1
3544,23.0,0,0,90,1.0,40000.0,4,1,0,4,0
3545,39.0,1,2,135,10.0,105000.0,3,1,3,2,1
3546,31.0,1,1,70,2.0,35000.0,2,9,0,0,0
3547,44.0,0,3,139,12.0,120000.0,0,9,4,2,1
3548,28.0,1,2,191,3.0,55000.0,1,1,2,0,0
3549,32.0,0,0,90,2.0,45000.0,4,0,0,0,0
3550,45.0,1,2,31,14.0,140000.0,3,1,4,2,1
3551,26.0,0,0,191,3.0,55000.0,1,9,2,0,0
3552,38.0,1,3,139,11.0,115000.0,2,4,4,2,1
3553,27.0,0,2,135,4.0,70000.0,4,5,2,0,1
3554,33.0,1,1,69,3.0,38000.0,2,6,2,0,0
3555,42.0,0,2,31,13.0,135000.0,4,1,4,2,1
3556,29.0,1,0,90,2.0,45000.0,1,9,0,0,0
3557,36.0,0,2,191,7.0,85000.0,3,9,3,2,0
3558,30.0,1,1,70,1.0,32000.0,2,6,0,0,0
3559,43.0,0,3,139,15.0,150000.0,1,1,4,2,1
3560,34.0,1,0,191,4.0,65000.0,4,9,2,0,0
3561,25.0,0,2,70,1.0,32000.0,0,1,0,4,0
3562,37.0,1,3,31,12.0,120000.0,0,9,4,2,1
3563,24.0,0,0,90,1.0,40000.0,3,8,0,4,0
3564,39.0,1,2,135,9.0,95000.0,1,9,3,2,1
3565,31.0,1,1,70,2.0,35000.0,1,3,0,0,0
3566,44.0,0,3,31,14.0,140000.0,4,1,4,2,1
3567,28.0,1,0,191,3.0,55000.0,3,8,2,0,0
3568,32.0,0,2,139,6.0,80000.0,1,1,3,0,1
3569,45.0,1,3,31,13.0,135000.0,2,6,4,2,1
3570,26.0,0,0,90,2.0,45000.0,3,9,0,0,0
3571,38.0,1,2,135,8.0,95000.0,0,1,3,2,1
3572,27.0,0,1,70,1.0,32000.0,3,7,0,0,0
3573,33.0,1,0,191,5.0,70000.0,1,9,2,0,0
3574,42.0,0,2,31,12.0,120000.0,4,0,4,2,1
3575,29.0,1,2,139,4.0,70000.0,2,9,2,0,1
3576,36.0,0,2,191,7.0,85000.0,2,4,3,2,0
3577,30.0,1,1,69,2.0,33000.0,3,7,0,0,0
3578,43.0,0,3,139,15.0,150000.0,4,0,4,2,1
3579,34.0,1,0,90,3.0,50000.0,2,4,2,0,0
3580,25.0,0,2,70,1.0,32000.0,4,5,0,4,0
3581,37.0,1,3,31,11.0,115000.0,4,9,4,2,1
3582,24.0,0,0,191,1.0,40000.0,2,4,0,4,0
3583,39.0,1,2,135,10.0,105000.0,4,1,3,2,1
3584,31.0,1,1,70,2.0,35000.0,0,9,0,0,0
3585,44.0,0,3,31,13.0,135000.0,4,0,4,2,1
3586,28.0,1,0,191,4.0,65000.0,1,3,2,0,0
3587,32.0,0,2,139,6.0,80000.0,1,1,3,0,1
3588,45.0,1,3,31,14.0,140000.0,0,2,4,2,1
3589,26.0,0,0,90,2.0,45000.0,0,9,0,0,0
3590,38.0,1,2,135,8.0,95000.0,4,9,3,2,1
3591,27.0,0,1,70,1.0,32000.0,0,9,0,0,0
3592,33.0,1,0,191,5.0,70000.0,3,9,2,0,0
3593,42.0,0,2,31,12.0,120000.0,1,3,4,2,1
3594,29.0,1,2,139,4.0,70000.0,3,7,2,0,1
3595,36.0,0,2,191,7.0,85000.0,0,1,3,2,0
3596,30.0,1,1,69,2.0,33000.0,0,2,0,0,0
3597,43.0,0,3,139,15.0,150000.0,0,1,4,2,1
3598,34.0,1,0,90,3.0,50000.0,0,2,2,0,0
3599,25.0,0,2,70,1.0,32000.0,1,9,0,4,0
3600,37.0,1,3,31,11.0,115000.0,0,9,4,2,1
3601,24.0,0,0,191,1.0,40000.0,1,3,0,4,0
3602,39.0,1,2,135,10.0,105000.0,0,1,3,2,1
3603,31.0,1,1,70,2.0,35000.0,1,9,0,0,0
3604,44.0,0,3,31,13.0,135000.0,2,6,4,2,1
3605,28.0,1,0,191,4.0,65000.0,4,5,2,0,0
3606,32.0,0,2,139,6.0,80000.0,2,9,3,0,1
3607,45.0,1,3,31,14.0,140000.0,2,4,4,2,1
3608,26.0,0,0,90,2.0,45000.0,0,1,0,0,0
3609,38.0,1,2,135,8.0,95000.0,3,8,3,2,1
3610,27.0,0,1,70,1.0,32000.0,4,1,0,0,0
3611,33.0,1,0,191,5.0,70000.0,0,1,2,0,0
3612,42.0,0,2,31,12.0,120000.0,4,0,4,2,1
3613,29.0,1,2,139,4.0,70000.0,3,9,2,0,1
3614,36.0,0,2,191,7.0,85000.0,3,1,3,2,0
3615,30.0,1,1,69,2.0,33000.0,1,1,0,0,0
3616,43.0,0,3,139,15.0,150000.0,4,9,4,2,1
3617,34.0,1,0,90,3.0,50000.0,3,8,2,0,0
3618,25.0,0,2,70,1.0,32000.0,1,1,0,4,0
3619,37.0,1,3,31,11.0,115000.0,2,9,4,2,1
3620,24.0,0,0,191,1.0,40000.0,2,9,0,4,0
3621,39.0,1,2,135,10.0,105000.0,2,9,3,2,1
3622,31.0,1,1,70,2.0,35000.0,2,4,0,0,0
3623,44.0,0,3,31,13.0,135000.0,3,1,4,2,1
3624,28.0,1,0,191,4.0,65000.0,3,9,2,0,0
3625,32.0,0,2,139,6.0,80000.0,0,1,3,0,1
3626,45.0,1,3,31,14.0,140000.0,4,9,4,2,1
3627,26.0,0,0,90,2.0,45000.0,3,8,0,0,0
3628,38.0,1,2,135,8.0,95000.0,0,2,3,2,1
3629,27.0,0,1,70,1.0,32000.0,3,7,0,0,0
3630,33.0,1,0,191,5.0,70000.0,2,9,2,0,0
3631,42.0,0,2,31,12.0,120000.0,2,4,4,2,1
3632,29.0,1,2,139,4.0,70000.0,4,5,2,0,1
3633,36.0,0,2,191,7.0,85000.0,4,9,3,2,0
3634,30.0,1,1,69,2.0,33000.0,1,1,0,0,0
3635,43.0,0,3,139,15.0,150000.0,4,5,4,2,1
3636,34.0,1,0,90,3.0,50000.0,3,7,2,0,0
3637,25.0,0,2,70,1.0,32000.0,3,9,0,4,0
3638,37.0,1,3,31,11.0,115000.0,0,9,4,2,1
3639,28.0,1,0,176,3.0,60000.0,2,6,2,0,0
3640,37.0,0,2,96,9.0,100000.0,2,6,3,2,1
3641,43.0,1,3,20,15.0,150000.0,1,3,4,2,0
3642,31.0,0,0,49,4.0,55000.0,2,9,2,0,0
3643,24.0,1,1,82,1.0,30000.0,2,6,0,4,0
3644,29.0,0,2,175,5.0,70000.0,3,8,2,0,0
3645,35.0,1,0,102,8.0,90000.0,3,1,3,0,1
3646,26.0,0,2,94,2.0,40000.0,1,9,0,0,0
3647,42.0,1,3,20,12.0,130000.0,0,9,4,2,0
3648,34.0,0,0,51,6.0,75000.0,0,1,3,0,1
3649,27.0,1,1,82,2.0,35000.0,2,9,0,0,0
3650,38.0,0,2,96,10.0,110000.0,1,3,3,2,1
3651,30.0,1,0,176,4.0,65000.0,1,3,2,0,0
3652,45.0,1,3,20,18.0,180000.0,2,4,4,2,0
3653,25.0,0,0,86,1.0,35000.0,0,9,0,4,0
3654,40.0,0,2,51,11.0,120000.0,2,4,4,2,1
3655,33.0,1,0,102,6.0,75000.0,4,5,3,0,1
3656,29.0,0,1,82,1.0,30000.0,4,0,0,0,0
3657,44.0,1,3,20,16.0,160000.0,4,5,4,2,0
3658,26.0,1,0,175,3.0,60000.0,0,1,2,0,0
3659,36.0,0,2,94,8.0,85000.0,2,9,3,2,0
3660,31.0,1,0,102,5.0,70000.0,2,4,2,0,1
3661,27.0,0,2,49,3.0,50000.0,0,2,2,0,0
3662,42.0,1,3,20,13.0,140000.0,0,1,4,2,0
3663,34.0,0,0,51,6.0,75000.0,3,1,3,0,1
3664,28.0,1,1,82,2.0,35000.0,2,4,0,0,0
3665,39.0,0,2,96,10.0,110000.0,3,8,3,2,1
3666,31.0,1,0,176,4.0,65000.0,1,9,2,0,0
3667,45.0,1,3,20,18.0,180000.0,1,9,4,2,0
3668,25.0,0,0,86,1.0,35000.0,2,4,0,4,0
3669,40.0,0,2,51,11.0,120000.0,2,4,4,2,1
3670,33.0,1,0,102,6.0,75000.0,3,7,3,0,1
3671,29.0,0,1,82,1.0,30000.0,4,0,0,0,0
3672,44.0,1,3,20,16.0,160000.0,1,1,4,2,0
3673,26.0,1,0,175,3.0,60000.0,2,4,2,0,0
3674,36.0,0,2,94,8.0,85000.0,4,0,3,2,0
3675,31.0,1,0,102,5.0,70000.0,3,8,2,0,1
3676,27.0,0,2,49,3.0,50000.0,1,3,2,0,0
3677,42.0,1,3,20,13.0,140000.0,2,9,4,2,0
3678,34.0,0,0,51,6.0,75000.0,0,1,3,0,1
3679,28.0,1,1,82,2.0,35000.0,0,9,0,0,0
3680,39.0,0,2,96,10.0,110000.0,3,8,3,2,1
3681,31.0,1,0,176,4.0,65000.0,0,9,2,0,0
3682,45.0,1,3,20,18.0,180000.0,3,9,4,2,0
3683,25.0,0,0,86,1.0,35000.0,0,9,0,4,0
3684,40.0,0,2,51,11.0,120000.0,3,9,4,2,1
3685,33.0,1,0,102,6.0,75000.0,2,6,3,0,1
3686,29.0,0,1,82,1.0,30000.0,0,1,0,0,0
3687,44.0,1,3,20,16.0,160000.0,0,9,4,2,0
3688,26.0,1,0,175,3.0,60000.0,1,9,2,0,0
3689,36.0,0,2,94,8.0,85000.0,2,6,3,2,0
3690,31.0,1,0,102,5.0,70000.0,3,1,2,0,1
3691,27.0,0,2,49,3.0,50000.0,2,4,2,0,0
3692,42.0,1,3,20,13.0,140000.0,2,4,4,2,0
3693,34.0,0,0,51,6.0,75000.0,1,3,3,0,1
3694,28.0,1,1,82,2.0,35000.0,3,9,0,0,0
3695,39.0,0,2,96,10.0,110000.0,3,7,3,2,1
3696,31.0,1,0,176,4.0,65000.0,2,4,2,0,0
3697,45.0,1,3,20,18.0,180000.0,1,3,4,2,0
3698,25.0,0,0,86,1.0,35000.0,4,1,0,4,0
3699,40.0,0,2,51,11.0,120000.0,0,9,4,2,1
3700,33.0,1,0,102,6.0,75000.0,2,4,3,0,1
3701,29.0,0,1,82,1.0,30000.0,0,2,0,0,0
3702,44.0,1,3,20,16.0,160000.0,1,9,4,2,0
3703,26.0,1,0,175,3.0,60000.0,0,1,2,0,0
3704,36.0,0,2,94,8.0,85000.0,2,6,3,2,0
3705,31.0,1,0,102,5.0,70000.0,2,6,2,0,1
3706,27.0,0,2,49,3.0,50000.0,3,1,2,0,0
3707,42.0,1,3,20,13.0,140000.0,0,2,4,2,0
3708,34.0,0,0,51,6.0,75000.0,0,9,3,0,1
3709,28.0,1,1,82,2.0,35000.0,0,9,0,0,0
3710,39.0,0,2,96,10.0,110000.0,3,1,3,2,1
3711,31.0,1,0,176,4.0,65000.0,4,0,2,0,0
3712,45.0,1,3,20,18.0,180000.0,3,1,4,2,0
3713,25.0,0,0,86,1.0,35000.0,0,9,0,4,0
3714,40.0,0,2,51,11.0,120000.0,0,9,4,2,1
3715,33.0,1,0,102,6.0,75000.0,0,9,3,0,1
3716,29.0,0,1,82,1.0,30000.0,0,2,0,0,0
3717,44.0,1,3,20,16.0,160000.0,1,3,4,2,0
3718,26.0,1,0,175,3.0,60000.0,4,0,2,0,0
3719,36.0,0,2,94,8.0,85000.0,1,9,3,2,0
3720,31.0,1,0,102,5.0,70000.0,2,9,2,0,1
3721,27.0,0,2,49,3.0,50000.0,0,1,2,0,0
3722,42.0,1,3,20,13.0,140000.0,4,0,4,2,0
3723,34.0,0,0,51,6.0,75000.0,2,6,3,0,1
3724,28.0,1,1,82,2.0,35000.0,3,9,0,0,0
3725,39.0,0,2,96,10.0,110000.0,2,4,3,2,1
3726,31.0,1,0,176,4.0,65000.0,3,7,2,0,0
3727,45.0,1,3,20,18.0,180000.0,2,9,4,2,0
3728,25.0,0,0,86,1.0,35000.0,4,1,0,4,0
3729,40.0,0,2,51,11.0,120000.0,1,1,4,2,1
3730,33.0,1,0,102,6.0,75000.0,0,1,3,0,1
3731,29.0,0,1,82,1.0,30000.0,0,1,0,0,0
3732,44.0,1,3,20,16.0,160000.0,2,9,4,2,0
3733,26.0,1,0,175,3.0,60000.0,0,1,2,0,0
3734,36.0,0,2,94,8.0,85000.0,1,9,3,2,0
3735,31.0,1,0,102,5.0,70000.0,4,0,2,0,1
3736,27.0,0,2,49,3.0,50000.0,1,9,2,0,0
3737,42.0,1,3,20,13.0,140000.0,4,9,4,2,0
3738,34.0,0,0,51,6.0,75000.0,3,9,3,0,1
3739,28.0,1,1,82,2.0,35000.0,0,2,0,0,0
3740,39.0,0,2,96,10.0,110000.0,2,9,3,2,1
3741,31.0,1,0,176,4.0,65000.0,2,9,2,0,0
3742,45.0,1,3,20,18.0,180000.0,1,9,4,2,0
3743,25.0,0,0,86,1.0,35000.0,3,7,0,4,0
3744,40.0,0,2,51,11.0,120000.0,1,9,4,2,1
3745,33.0,1,0,102,6.0,75000.0,4,9,3,0,1
3746,29.0,0,1,82,1.0,30000.0,2,9,0,0,0
3747,44.0,1,3,20,16.0,160000.0,0,2,4,2,0
3748,26.0,1,0,175,3.0,60000.0,4,0,2,0,0
3749,36.0,0,2,94,8.0,85000.0,0,2,3,2,0
3750,31.0,1,0,102,5.0,70000.0,1,9,2,0,1
3751,27.0,0,2,49,3.0,50000.0,3,8,2,0,0
3752,42.0,1,3,20,13.0,140000.0,4,0,4,2,0
3753,34.0,0,0,51,6.0,75000.0,0,2,3,0,1
3754,28.0,1,1,82,2.0,35000.0,3,8,0,0,0
3755,39.0,0,2,96,10.0,110000.0,0,9,3,2,1
3756,31.0,1,0,176,4.0,65000.0,0,2,2,0,0
3757,45.0,1,3,20,18.0,180000.0,1,3,4,2,0
3758,25.0,0,0,86,1.0,35000.0,1,3,0,4,0
3759,40.0,0,2,51,11.0,120000.0,2,9,4,2,1
3760,33.0,1,0,102,6.0,75000.0,0,2,3,0,1
3761,29.0,0,1,82,1.0,30000.0,3,8,0,0,0
3762,44.0,1,3,20,16.0,160000.0,3,9,4,2,0
3763,26.0,1,0,175,3.0,60000.0,0,9,2,0,0
3764,27.0,1,0,176,3.0,60000.0,3,1,2,0,0
3765,38.0,0,2,96,9.0,100000.0,3,8,3,2,1
3766,44.0,1,3,20,15.0,150000.0,4,1,4,2,0
3767,30.0,0,0,49,4.0,55000.0,1,1,2,0,0
3768,23.0,1,1,82,1.0,30000.0,1,1,0,4,0
3769,28.0,0,2,175,5.0,70000.0,2,4,2,0,0
3770,34.0,1,0,102,8.0,90000.0,2,9,3,0,1
3771,25.0,0,2,94,2.0,40000.0,1,3,0,4,0
3772,41.0,1,3,20,12.0,130000.0,4,9,4,2,0
3773,33.0,0,0,51,6.0,75000.0,4,5,3,0,1
3774,26.0,1,1,82,2.0,35000.0,0,1,0,0,0
3775,37.0,0,2,96,10.0,110000.0,2,9,3,2,1
3776,29.0,1,0,176,4.0,65000.0,1,9,2,0,0
3777,46.0,1,3,20,18.0,180000.0,3,9,4,3,0
3778,26.0,0,0,86,1.0,35000.0,4,5,0,0,0
3779,39.0,0,2,51,11.0,120000.0,4,9,4,2,1
3780,32.0,1,0,102,6.0,75000.0,2,9,3,0,1
3781,28.0,0,1,82,1.0,30000.0,4,5,0,0,0
3782,43.0,1,3,20,16.0,160000.0,0,1,4,2,0
3783,27.0,1,0,175,3.0,60000.0,1,1,2,0,0
3784,35.0,0,2,94,8.0,85000.0,3,8,3,0,0
3785,30.0,1,0,102,5.0,70000.0,4,1,2,0,1
3786,26.0,0,2,49,3.0,50000.0,4,0,2,0,0
3787,41.0,1,3,20,13.0,140000.0,3,8,4,2,0
3788,33.0,0,0,51,6.0,75000.0,3,9,3,0,1
3789,27.0,1,1,82,2.0,35000.0,2,9,0,0,0
3790,38.0,0,2,96,10.0,110000.0,4,9,3,2,1
3791,29.0,1,0,176,4.0,65000.0,1,1,2,0,0
3792,46.0,1,3,20,18.0,180000.0,1,9,4,3,0
3793,26.0,0,0,86,1.0,35000.0,0,9,0,0,0
3794,39.0,0,2,51,11.0,120000.0,4,9,4,2,1
3795,32.0,1,0,102,6.0,75000.0,2,4,3,0,1
3796,28.0,0,1,82,1.0,30000.0,2,4,0,0,0
3797,43.0,1,3,20,16.0,160000.0,0,2,4,2,0
3798,27.0,1,0,175,3.0,60000.0,3,8,2,0,0
3799,35.0,0,2,94,8.0,85000.0,4,1,3,0,0
3800,30.0,1,0,102,5.0,70000.0,4,0,2,0,1
3801,26.0,0,2,49,3.0,50000.0,3,8,2,0,0
3802,41.0,1,3,20,13.0,140000.0,4,5,4,2,0
3803,33.0,0,0,51,6.0,75000.0,4,1,3,0,1
3804,27.0,1,1,82,2.0,35000.0,4,0,0,0,0
3805,38.0,0,2,96,10.0,110000.0,4,0,3,2,1
3806,29.0,1,0,176,4.0,65000.0,3,7,2,0,0
3807,46.0,1,3,20,18.0,180000.0,1,3,4,3,0
3808,26.0,0,0,86,1.0,35000.0,2,4,0,0,0
3809,39.0,0,2,51,11.0,120000.0,4,0,4,2,1
3810,32.0,1,0,102,6.0,75000.0,3,8,3,0,1
3811,28.0,0,1,82,1.0,30000.0,2,9,0,0,0
3812,43.0,1,3,20,16.0,160000.0,1,9,4,2,0
3813,27.0,1,0,175,3.0,60000.0,2,6,2,0,0
3814,35.0,0,2,94,8.0,85000.0,2,6,3,0,0
3815,30.0,1,0,102,5.0,70000.0,3,7,2,0,1
3816,26.0,0,2,49,3.0,50000.0,4,1,2,0,0
3817,41.0,1,3,20,13.0,140000.0,3,8,4,2,0
3818,33.0,0,0,51,6.0,75000.0,0,2,3,0,1
3819,27.0,1,1,82,2.0,35000.0,4,9,0,0,0
3820,38.0,0,2,96,10.0,110000.0,0,2,3,2,1
3821,29.0,1,0,176,4.0,65000.0,1,1,2,0,0
3822,46.0,1,3,20,18.0,180000.0,3,8,4,3,0
3823,26.0,0,0,86,1.0,35000.0,0,1,0,0,0
3824,39.0,0,2,51,11.0,120000.0,1,1,4,2,1
3825,32.0,1,0,102,6.0,75000.0,2,4,3,0,1
3826,28.0,0,1,82,1.0,30000.0,2,4,0,0,0
3827,43.0,1,3,20,16.0,160000.0,1,1,4,2,0
3828,27.0,1,0,175,3.0,60000.0,2,9,2,0,0
3829,35.0,0,2,94,8.0,85000.0,1,3,3,0,0
3830,30.0,1,0,102,5.0,70000.0,1,9,2,0,1
3831,26.0,0,2,49,3.0,50000.0,2,6,2,0,0
3832,41.0,1,3,20,13.0,140000.0,3,8,4,2,0
3833,33.0,0,0,51,6.0,75000.0,1,9,3,0,1
3834,27.0,1,1,82,2.0,35000.0,0,2,0,0,0
3835,38.0,0,2,96,10.0,110000.0,4,0,3,2,1
3836,29.0,1,0,176,4.0,65000.0,0,1,2,0,0
3837,46.0,1,3,20,18.0,180000.0,0,9,4,3,0
3838,26.0,0,0,86,1.0,35000.0,4,1,0,0,0
3839,39.0,0,2,51,11.0,120000.0,1,3,4,2,1
3840,32.0,1,0,102,6.0,75000.0,4,1,3,0,1
3841,28.0,0,1,82,1.0,30000.0,0,2,0,0,0
3842,43.0,1,3,20,16.0,160000.0,0,9,4,2,0
3843,27.0,1,0,175,3.0,60000.0,1,1,2,0,0
3844,35.0,0,2,94,8.0,85000.0,3,1,3,0,0
3845,30.0,1,0,102,5.0,70000.0,0,2,2,0,1
3846,26.0,0,2,49,3.0,50000.0,4,9,2,0,0
3847,41.0,1,3,20,13.0,140000.0,0,1,4,2,0
3848,33.0,0,0,51,6.0,75000.0,1,1,3,0,1
3849,27.0,1,1,82,2.0,35000.0,1,1,0,0,0
3850,38.0,0,2,96,10.0,110000.0,3,8,3,2,1
3851,29.0,1,0,176,4.0,65000.0,3,9,2,0,0
3852,46.0,1,3,20,18.0,180000.0,3,1,4,3,0
3853,26.0,0,0,86,1.0,35000.0,0,9,0,0,0
3854,39.0,0,2,51,11.0,120000.0,3,1,4,2,1
3855,32.0,1,0,102,6.0,75000.0,4,0,3,0,1
3856,28.0,0,1,82,1.0,30000.0,3,8,0,0,0
3857,43.0,1,3,20,16.0,160000.0,3,8,4,2,0
3858,27.0,1,0,175,3.0,60000.0,2,4,2,0,0
3859,35.0,0,2,94,8.0,85000.0,2,9,3,0,0
3860,30.0,1,0,102,5.0,70000.0,2,4,2,0,1
3861,26.0,0,2,49,3.0,50000.0,1,3,2,0,0
3862,41.0,1,3,20,13.0,140000.0,1,3,4,2,0
3863,33.0,0,0,51,6.0,75000.0,0,2,3,0,1
3864,27.0,1,1,82,2.0,35000.0,0,1,0,0,0
3865,38.0,0,2,96,10.0,110000.0,1,3,3,2,1
3866,29.0,1,0,176,4.0,65000.0,2,4,2,0,0
3867,46.0,1,3,20,18.0,180000.0,3,1,4,3,0
3868,26.0,0,0,86,1.0,35000.0,1,9,0,0,0
3869,39.0,0,2,51,11.0,120000.0,2,6,4,2,1
3870,32.0,1,0,102,6.0,75000.0,4,1,3,0,1
3871,28.0,0,1,82,1.0,30000.0,4,0,0,0,0
3872,43.0,1,3,20,16.0,160000.0,1,1,4,2,0
3873,27.0,1,0,175,3.0,60000.0,3,1,2,0,0
3874,35.0,0,2,94,8.0,85000.0,3,8,3,0,0
3875,30.0,1,0,102,5.0,70000.0,3,8,2,0,1
3876,26.0,0,2,49,3.0,50000.0,2,9,2,0,0
3877,41.0,1,3,20,13.0,140000.0,1,3,4,2,0
3878,33.0,0,0,51,6.0,75000.0,1,9,3,0,1
3879,27.0,1,1,82,2.0,35000.0,3,9,0,0,0
3880,38.0,0,2,96,10.0,110000.0,3,7,3,2,1
3881,29.0,1,0,176,4.0,65000.0,1,1,2,0,0
3882,46.0,1,3,20,18.0,180000.0,2,9,4,3,0
3883,26.0,0,0,86,1.0,35000.0,0,9,0,0,0
3884,39.0,0,2,51,11.0,120000.0,0,2,4,2,1
3885,32.0,1,0,102,6.0,75000.0,1,3,3,0,1
3886,28.0,0,1,82,1.0,30000.0,1,9,0,0,0
3887,43.0,1,3,20,16.0,160000.0,0,9,4,2,0
3888,27.0,1,0,175,3.0,60000.0,2,6,2,0,0
3889,24.0,1,0,176,2.0,55000.0,1,1,0,4,0
3890,32.0,0,2,96,7.0,90000.0,3,1,3,0,1
3891,45.0,1,3,20,16.0,160000.0,0,1,4,2,0
3892,28.0,0,0,49,4.0,60000.0,1,9,2,0,0
3893,22.0,1,1,82,1.0,25000.0,4,0,0,4,0
3894,29.0,0,2,175,5.0,70000.0,0,1,2,0,0
3895,36.0,1,0,102,8.0,100000.0,0,1,3,2,1
3896,27.0,0,0,94,3.0,45000.0,3,1,2,0,0
3897,42.0,1,3,20,14.0,140000.0,0,1,4,2,0
3898,34.0,0,0,51,6.0,75000.0,1,3,3,0,1
3899,25.0,1,1,82,2.0,30000.0,4,0,0,4,0
3900,39.0,0,2,96,11.0,120000.0,1,3,4,2,1
3901,30.0,1,0,176,4.0,65000.0,1,9,2,0,0
3902,47.0,1,3,20,19.0,190000.0,0,2,4,3,0
3903,25.0,0,0,86,1.0,35000.0,2,6,0,4,0
3904,40.0,0,2,51,12.0,130000.0,2,4,4,2,1
3905,33.0,1,0,102,7.0,85000.0,0,1,3,0,1
3906,29.0,0,1,82,1.0,25000.0,0,1,0,0,0
3907,44.0,1,3,20,15.0,150000.0,2,9,4,2,0
3908,28.0,1,0,175,3.0,60000.0,0,2,2,0,0
3909,36.0,0,2,94,9.0,100000.0,4,1,3,2,0
3910,31.0,1,0,102,6.0,75000.0,1,9,3,0,1
3911,27.0,0,2,49,3.0,50000.0,0,9,2,0,0
3912,42.0,1,3,20,14.0,140000.0,2,6,4,2,0
3913,34.0,0,0,51,6.0,75000.0,1,3,3,0,1
3914,26.0,1,1,82,2.0,30000.0,2,4,0,0,0
3915,39.0,0,2,96,11.0,120000.0,3,9,4,2,1
3916,30.0,1,0,176,4.0,65000.0,2,6,2,0,0
3917,47.0,1,3,20,19.0,190000.0,0,9,4,3,0
3918,25.0,0,0,86,1.0,35000.0,0,2,0,4,0
3919,40.0,0,2,51,12.0,130000.0,2,9,4,2,1
3920,33.0,1,0,102,7.0,85000.0,3,8,3,0,1
3921,29.0,0,1,82,1.0,25000.0,0,2,0,0,0
3922,44.0,1,3,20,15.0,150000.0,1,9,4,2,0
3923,28.0,1,0,175,3.0,60000.0,2,4,2,0,0
3924,36.0,0,2,94,9.0,100000.0,2,4,3,2,0
3925,31.0,1,0,102,6.0,75000.0,4,1,3,0,1
3926,27.0,0,2,49,3.0,50000.0,4,5,2,0,0
3927,42.0,1,3,20,14.0,140000.0,1,9,4,2,0
3928,34.0,0,0,51,6.0,75000.0,0,9,3,0,1
3929,26.0,1,1,82,2.0,30000.0,4,9,0,0,0
3930,39.0,0,2,96,11.0,120000.0,2,6,4,2,1
3931,30.0,1,0,176,4.0,65000.0,2,9,2,0,0
3932,47.0,1,3,20,19.0,190000.0,0,2,4,3,0
3933,25.0,0,0,86,1.0,35000.0,0,1,0,4,0
3934,40.0,0,2,51,12.0,130000.0,2,4,4,2,1
3935,33.0,1,0,102,7.0,85000.0,1,1,3,0,1
3936,29.0,0,1,82,1.0,25000.0,1,1,0,0,0
3937,44.0,1,3,20,15.0,150000.0,2,9,4,2,0
3938,28.0,1,0,175,3.0,60000.0,4,5,2,0,0
3939,36.0,0,2,94,9.0,100000.0,3,1,3,2,0
3940,31.0,1,0,102,6.0,75000.0,2,6,3,0,1
3941,27.0,0,2,49,3.0,50000.0,1,3,2,0,0
3942,42.0,1,3,20,14.0,140000.0,1,3,4,2,0
3943,34.0,0,0,51,6.0,75000.0,4,1,3,0,1
3944,26.0,1,1,82,2.0,30000.0,0,2,0,0,0
3945,39.0,0,2,96,11.0,120000.0,4,5,4,2,1
3946,30.0,1,0,176,4.0,65000.0,3,1,2,0,0
3947,47.0,1,3,20,19.0,190000.0,1,1,4,3,0
3948,25.0,0,0,86,1.0,35000.0,4,5,0,4,0
3949,40.0,0,2,51,12.0,130000.0,3,9,4,2,1
3950,33.0,1,0,102,7.0,85000.0,1,1,3,0,1
3951,29.0,0,1,82,1.0,25000.0,3,9,0,0,0
3952,44.0,1,3,20,15.0,150000.0,4,0,4,2,0
3953,28.0,1,0,175,3.0,60000.0,2,9,2,0,0
3954,36.0,0,2,94,9.0,100000.0,4,9,3,2,0
3955,31.0,1,0,102,6.0,75000.0,0,1,3,0,1
3956,27.0,0,2,49,3.0,50000.0,0,2,2,0,0
3957,42.0,1,3,20,14.0,140000.0,4,9,4,2,0
3958,34.0,0,0,51,6.0,75000.0,1,3,3,0,1
3959,26.0,1,1,82,2.0,30000.0,0,2,0,0,0
3960,39.0,0,2,96,11.0,120000.0,4,9,4,2,1
3961,30.0,1,0,176,4.0,65000.0,3,7,2,0,0
3962,47.0,1,3,20,19.0,190000.0,1,1,4,3,0
3963,25.0,0,0,86,1.0,35000.0,1,1,0,4,0
3964,40.0,0,2,51,12.0,130000.0,2,6,4,2,1
3965,33.0,1,0,102,7.0,85000.0,4,9,3,0,1
3966,29.0,0,1,82,1.0,25000.0,0,2,0,0,0
3967,44.0,1,3,20,15.0,150000.0,4,5,4,2,0
3968,28.0,1,0,175,3.0,60000.0,0,9,2,0,0
3969,36.0,0,2,94,9.0,100000.0,1,1,3,2,0
3970,31.0,1,0,102,6.0,75000.0,0,2,3,0,1
3971,27.0,0,2,49,3.0,50000.0,4,9,2,0,0
3972,42.0,1,3,20,14.0,140000.0,1,3,4,2,0
3973,34.0,0,0,51,6.0,75000.0,3,1,3,0,1
3974,26.0,1,1,82,2.0,30000.0,4,0,0,0,0
3975,39.0,0,2,96,11.0,120000.0,2,4,4,2,1
3976,30.0,1,0,176,4.0,65000.0,2,4,2,0,0
3977,47.0,1,3,20,19.0,190000.0,3,9,4,3,0
3978,25.0,0,0,86,1.0,35000.0,3,1,0,4,0
3979,40.0,0,2,51,12.0,130000.0,4,9,4,2,1
3980,33.0,1,0,102,7.0,85000.0,3,8,3,0,1
3981,29.0,0,1,82,1.0,25000.0,4,9,0,0,0
3982,44.0,1,3,20,15.0,150000.0,0,2,4,2,0
3983,28.0,1,0,175,3.0,60000.0,2,4,2,0,0
3984,36.0,0,2,94,9.0,100000.0,4,1,3,2,0
3985,31.0,1,0,102,6.0,75000.0,2,4,3,0,1
3986,27.0,0,2,49,3.0,50000.0,0,2,2,0,0
3987,42.0,1,3,20,14.0,140000.0,0,9,4,2,0
3988,34.0,0,0,51,6.0,75000.0,2,6,3,0,1
3989,26.0,1,1,82,2.0,30000.0,3,8,0,0,0
3990,39.0,0,2,96,11.0,120000.0,2,9,4,2,1
3991,30.0,1,0,176,4.0,65000.0,2,9,2,0,0
3992,47.0,1,3,20,19.0,190000.0,0,9,4,3,0
3993,25.0,0,0,86,1.0,35000.0,0,9,0,4,0
3994,40.0,0,2,51,12.0,130000.0,3,1,4,2,1
3995,33.0,1,0,102,7.0,85000.0,4,1,3,0,1
3996,29.0,0,1,82,1.0,25000.0,4,0,0,0,0
3997,44.0,1,3,20,15.0,150000.0,0,9,4,2,0
3998,28.0,1,0,175,3.0,60000.0,3,7,2,0,0
3999,36.0,0,2,94,9.0,100000.0,2,4,3,2,0
4000,31.0,1,0,102,6.0,75000.0,4,9,3,0,1
4001,27.0,0,2,49,3.0,50000.0,0,1,2,0,0
4002,42.0,1,3,20,14.0,140000.0,4,0,4,2,0
4003,34.0,0,0,51,6.0,75000.0,2,4,3,0,1
4004,26.0,1,1,82,2.0,30000.0,1,9,0,0,0
4005,39.0,0,2,96,11.0,120000.0,4,0,4,2,1
4006,30.0,1,0,176,4.0,65000.0,4,1,2,0,0
4007,47.0,1,3,20,19.0,190000.0,0,9,4,3,0
4008,25.0,0,0,86,1.0,35000.0,1,9,0,4,0
4009,40.0,0,2,51,12.0,130000.0,2,9,4,2,1
4010,33.0,1,0,102,7.0,85000.0,0,1,3,0,1
4011,29.0,0,1,82,1.0,25000.0,4,9,0,0,0
4012,44.0,1,3,20,15.0,150000.0,4,0,4,2,0
4013,28.0,1,0,175,3.0,60000.0,2,6,2,0,0
4014,31.0,1,0,176,5.0,80000.0,3,7,2,0,0
4015,27.0,0,2,96,3.0,60000.0,3,9,2,0,1
4016,38.0,1,3,20,12.0,130000.0,2,6,4,2,0
4017,29.0,0,0,49,2.0,45000.0,2,4,0,0,0
4018,23.0,1,1,82,1.0,25000.0,4,1,0,4,0
4019,32.0,0,2,175,7.0,90000.0,4,0,3,0,0
4020,44.0,1,0,102,18.0,170000.0,4,5,4,2,1
4021,26.0,0,0,94,2.0,40000.0,1,1,0,0,0
4022,40.0,1,3,20,15.0,150000.0,3,7,4,2,0
4023,33.0,0,0,51,8.0,95000.0,0,2,3,0,1
4024,24.0,1,1,82,1.0,25000.0,4,5,0,4,0
4025,35.0,0,2,96,10.0,110000.0,1,1,3,0,1
4026,29.0,1,0,176,4.0,70000.0,0,2,2,0,0
4027,49.0,1,3,20,22.0,220000.0,3,9,1,3,0
4028,26.0,0,0,86,2.0,35000.0,4,0,0,0,0
4029,41.0,0,2,51,13.0,140000.0,2,4,4,2,1
4030,36.0,1,0,102,9.0,110000.0,3,1,3,2,1
4031,28.0,0,1,82,1.0,25000.0,2,9,0,0,0
4032,43.0,1,3,20,16.0,160000.0,4,9,4,2,0
4033,29.0,1,0,175,5.0,80000.0,3,9,2,0,0
4034,39.0,0,2,94,11.0,120000.0,1,3,4,2,0
4035,32.0,1,0,102,6.0,90000.0,3,1,3,0,1
4036,28.0,0,2,49,2.0,45000.0,4,1,0,0,0
4037,40.0,1,3,20,15.0,150000.0,3,8,4,2,0
4038,33.0,0,0,51,8.0,95000.0,4,5,3,0,1
4039,24.0,1,1,82,1.0,25000.0,3,1,0,4,0
4040,35.0,0,2,96,10.0,110000.0,0,9,3,0,1
4041,29.0,1,0,176,4.0,70000.0,3,7,2,0,0
4042,49.0,1,3,20,22.0,220000.0,3,7,1,3,0
4043,26.0,0,0,86,2.0,35000.0,4,1,0,0,0
4044,41.0,0,2,51,13.0,140000.0,0,9,4,2,1
4045,36.0,1,0,102,9.0,110000.0,2,6,3,2,1
4046,28.0,0,1,82,1.0,25000.0,2,4,0,0,0
4047,43.0,1,3,20,16.0,160000.0,3,8,4,2,0
4048,29.0,1,0,175,5.0,80000.0,2,4,2,0,0
4049,39.0,0,2,94,11.0,120000.0,2,6,4,2,0
4050,32.0,1,0,102,6.0,90000.0,0,2,3,0,1
4051,28.0,0,2,49,2.0,45000.0,4,5,0,0,0
4052,40.0,1,3,20,15.0,150000.0,4,1,4,2,0
4053,33.0,0,0,51,8.0,95000.0,1,1,3,0,1
4054,24.0,1,1,82,1.0,25000.0,0,2,0,4,0
4055,35.0,0,2,96,10.0,110000.0,0,1,3,0,1
4056,29.0,1,0,176,4.0,70000.0,1,1,2,0,0
4057,49.0,1,3,20,22.0,220000.0,2,9,1,3,0
4058,26.0,0,0,86,2.0,35000.0,2,4,0,0,0
4059,41.0,0,2,51,13.0,140000.0,4,0,4,2,1
4060,36.0,1,0,102,9.0,110000.0,4,0,3,2,1
4061,28.0,0,1,82,1.0,25000.0,0,1,0,0,0
4062,43.0,1,3,20,16.0,160000.0,0,2,4,2,0
4063,29.0,1,0,175,5.0,80000.0,2,9,2,0,0
4064,39.0,0,2,94,11.0,120000.0,4,5,4,2,0
4065,32.0,1,0,102,6.0,90000.0,4,0,3,0,1
4066,28.0,0,2,49,2.0,45000.0,0,2,0,0,0
4067,40.0,1,3,20,15.0,150000.0,0,2,4,2,0
4068,33.0,0,0,51,8.0,95000.0,3,9,3,0,1
4069,24.0,1,1,82,1.0,25000.0,1,1,0,4,0
4070,35.0,0,2,96,10.0,110000.0,3,8,3,0,1
4071,29.0,1,0,176,4.0,70000.0,2,4,2,0,0
4072,49.0,1,3,20,22.0,220000.0,0,1,1,3,0
4073,26.0,0,0,86,2.0,35000.0,0,1,0,0,0
4074,41.0,0,2,51,13.0,140000.0,3,1,4,2,1
4075,36.0,1,0,102,9.0,110000.0,0,1,3,2,1
4076,28.0,0,1,82,1.0,25000.0,3,9,0,0,0
4077,43.0,1,3,20,16.0,160000.0,3,7,4,2,0
4078,29.0,1,0,175,5.0,80000.0,0,2,2,0,0
4079,39.0,0,2,94,11.0,120000.0,2,4,4,2,0
4080,32.0,1,0,102,6.0,90000.0,4,9,3,0,1
4081,28.0,0,2,49,2.0,45000.0,4,9,0,0,0
4082,40.0,1,3,20,15.0,150000.0,1,1,4,2,0
4083,33.0,0,0,51,8.0,95000.0,2,4,3,0,1
4084,24.0,1,1,82,1.0,25000.0,1,3,0,4,0
4085,35.0,0,2,96,10.0,110000.0,4,9,3,0,1
4086,29.0,1,0,176,4.0,70000.0,2,9,2,0,0
4087,49.0,1,3,20,22.0,220000.0,1,9,1,3,0
4088,26.0,0,0,86,2.0,35000.0,2,9,0,0,0
4089,41.0,0,2,51,13.0,140000.0,4,5,4,2,1
4090,36.0,1,0,102,9.0,110000.0,4,5,3,2,1
4091,28.0,0,1,82,1.0,25000.0,4,0,0,0,0
4092,43.0,1,3,20,16.0,160000.0,1,3,4,2,0
4093,29.0,1,0,175,5.0,80000.0,0,2,2,0,0
4094,39.0,0,2,94,11.0,120000.0,2,4,4,2,0
4095,32.0,1,0,102,6.0,90000.0,2,9,3,0,1
4096,28.0,0,2,49,2.0,45000.0,2,6,0,0,0
4097,40.0,1,3,20,15.0,150000.0,4,0,4,2,0
4098,33.0,0,0,51,8.0,95000.0,1,9,3,0,1
4099,24.0,1,1,82,1.0,25000.0,4,1,0,4,0
4100,35.0,0,2,96,10.0,110000.0,4,5,3,0,1
4101,29.0,1,0,176,4.0,70000.0,4,1,2,0,0
4102,49.0,1,3,20,22.0,220000.0,4,5,1,3,0
4103,26.0,0,0,86,2.0,35000.0,1,1,0,0,0
4104,41.0,0,2,51,13.0,140000.0,4,9,4,2,1
4105,36.0,1,0,102,9.0,110000.0,3,7,3,2,1
4106,28.0,0,1,82,1.0,25000.0,1,1,0,0,0
4107,43.0,1,3,20,16.0,160000.0,2,9,4,2,0
4108,29.0,1,0,175,5.0,80000.0,0,1,2,0,0
4109,39.0,0,2,94,11.0,120000.0,2,6,4,2,0
4110,32.0,1,0,102,6.0,90000.0,2,9,3,0,1
4111,28.0,0,2,49,2.0,45000.0,0,9,0,0,0
4112,40.0,1,3,20,15.0,150000.0,4,5,4,2,0
4113,33.0,0,0,51,8.0,95000.0,3,1,3,0,1
4114,24.0,1,1,82,1.0,25000.0,1,9,0,4,0
4115,35.0,0,2,96,10.0,110000.0,4,0,3,0,1
4116,29.0,1,0,176,4.0,70000.0,0,1,2,0,0
4117,49.0,1,3,20,22.0,220000.0,0,1,1,3,0
4118,26.0,0,0,86,2.0,35000.0,0,2,0,0,0
4119,41.0,0,2,51,13.0,140000.0,3,7,4,2,1
4120,36.0,1,0,102,9.0,110000.0,2,6,3,2,1
4121,28.0,0,1,82,1.0,25000.0,1,3,0,0,0
4122,43.0,1,3,20,16.0,160000.0,2,6,4,2,0
4123,29.0,1,0,175,5.0,80000.0,2,9,2,0,0
4124,39.0,0,2,94,11.0,120000.0,1,1,4,2,0
4125,32.0,1,0,102,6.0,90000.0,2,9,3,0,1
4126,28.0,0,2,49,2.0,45000.0,4,9,0,0,0
4127,40.0,1,3,20,15.0,150000.0,1,1,4,2,0
4128,33.0,0,0,51,8.0,95000.0,2,6,3,0,1
4129,24.0,1,1,82,1.0,25000.0,0,9,0,4,0
4130,35.0,0,2,96,10.0,110000.0,0,1,3,0,1
4131,29.0,1,0,176,4.0,70000.0,1,3,2,0,0
4132,49.0,1,3,20,22.0,220000.0,2,9,1,3,0
4133,26.0,0,0,86,2.0,35000.0,0,9,0,0,0
4134,41.0,0,2,51,13.0,140000.0,3,8,4,2,1
4135,36.0,1,0,102,9.0,110000.0,3,8,3,2,1
4136,28.0,0,1,82,1.0,25000.0,1,9,0,0,0
4137,43.0,1,3,20,16.0,160000.0,0,1,4,2,0
4138,29.0,1,0,175,5.0,80000.0,4,5,2,0,0
4139,34.0,1,0,176,6.0,85000.0,1,9,3,0,0
4140,31.0,0,2,96,4.0,62000.0,2,6,2,0,1
4141,41.0,1,3,20,13.0,138000.0,2,6,4,2,0
4142,27.0,0,0,49,2.0,47000.0,2,6,0,0,0
4143,25.0,1,1,82,1.0,26000.0,0,2,0,4,0
4144,33.0,0,2,175,8.0,95000.0,3,1,3,0,0
4145,45.0,1,0,102,19.0,174000.0,1,1,4,2,1
4146,28.0,0,0,94,2.0,41000.0,2,4,0,0,0
4147,42.0,1,3,20,16.0,162000.0,0,9,4,2,0
4148,34.0,0,0,51,9.0,99000.0,1,3,3,0,1
4149,23.0,1,1,82,1.0,26000.0,1,9,0,4,0
4150,36.0,0,2,96,11.0,117000.0,3,9,4,2,1
4151,30.0,1,0,176,5.0,75000.0,0,2,2,0,0
4152,50.0,1,3,20,23.0,225000.0,3,1,1,3,0
4153,27.0,0,0,86,2.0,36000.0,3,1,0,0,0
4154,43.0,0,2,51,14.0,146000.0,4,9,4,2,1
4155,37.0,1,0,102,10.0,113000.0,0,1,3,2,1
4156,29.0,0,1,82,1.0,26000.0,1,1,0,0,0
4157,44.0,1,3,20,17.0,168000.0,4,1,4,2,0
4158,30.0,1,0,175,6.0,85000.0,4,1,3,0,0
4159,40.0,0,2,94,12.0,122000.0,0,2,4,2,0
4160,33.0,1,0,102,7.0,96000.0,0,2,3,0,1
4161,29.0,0,2,49,3.0,49000.0,0,1,2,0,0
4162,43.0,1,3,20,16.0,162000.0,2,4,4,2,0
4163,34.0,0,0,51,9.0,99000.0,3,8,3,0,1
4164,23.0,1,1,82,1.0,26000.0,0,1,0,4,0
4165,36.0,0,2,96,11.0,117000.0,4,1,4,2,1
4166,30.0,1,0,176,5.0,75000.0,4,0,2,0,0
4167,50.0,1,3,20,23.0,225000.0,4,5,1,3,0
4168,27.0,0,0,86,2.0,36000.0,4,1,0,0,0
4169,43.0,0,2,51,14.0,146000.0,0,2,4,2,1
4170,37.0,1,0,102,10.0,113000.0,3,1,3,2,1
4171,29.0,0,1,82,1.0,26000.0,0,9,0,0,0
4172,44.0,1,3,20,17.0,168000.0,1,3,4,2,0
4173,30.0,1,0,175,6.0,85000.0,4,0,3,0,0
4174,40.0,0,2,94,12.0,122000.0,0,1,4,2,0
4175,33.0,1,0,102,7.0,96000.0,4,5,3,0,1
4176,29.0,0,2,49,3.0,49000.0,1,3,2,0,0
4177,43.0,1,3,20,16.0,162000.0,1,3,4,2,0
4178,34.0,0,0,51,9.0,99000.0,3,7,3,0,1
4179,23.0,1,1,82,1.0,26000.0,1,9,0,4,0
4180,36.0,0,2,96,11.0,117000.0,4,5,4,2,1
4181,30.0,1,0,176,5.0,75000.0,0,1,2,0,0
4182,50.0,1,3,20,23.0,225000.0,0,2,1,3,0
4183,27.0,0,0,86,2.0,36000.0,3,7,0,0,0
4184,43.0,0,2,51,14.0,146000.0,3,9,4,2,1
4185,37.0,1,0,102,10.0,113000.0,4,9,3,2,1
4186,29.0,0,1,82,1.0,26000.0,3,8,0,0,0
4187,44.0,1,3,20,17.0,168000.0,4,9,4,2,0
4188,30.0,1,0,175,6.0,85000.0,0,1,3,0,0
4189,40.0,0,2,94,12.0,122000.0,3,8,4,2,0
4190,33.0,1,0,102,7.0,96000.0,0,1,3,0,1
4191,29.0,0,2,49,3.0,49000.0,2,6,2,0,0
4192,43.0,1,3,20,16.0,162000.0,0,2,4,2,0
4193,34.0,0,0,51,9.0,99000.0,0,1,3,0,1
4194,23.0,1,1,82,1.0,26000.0,4,5,0,4,0
4195,36.0,0,2,96,11.0,117000.0,0,1,4,2,1
4196,30.0,1,0,176,5.0,75000.0,4,9,2,0,0
4197,50.0,1,3,20,23.0,225000.0,0,2,1,3,0
4198,27.0,0,0,86,2.0,36000.0,0,1,0,0,0
4199,43.0,0,2,51,14.0,146000.0,0,9,4,2,1
4200,37.0,1,0,102,10.0,113000.0,0,1,3,2,1
4201,29.0,0,1,82,1.0,26000.0,2,4,0,0,0
4202,44.0,1,3,20,17.0,168000.0,3,1,4,2,0
4203,30.0,1,0,175,6.0,85000.0,4,9,3,0,0
4204,40.0,0,2,94,12.0,122000.0,3,1,4,2,0
4205,33.0,1,0,102,7.0,96000.0,3,1,3,0,1
4206,29.0,0,2,49,3.0,49000.0,2,4,2,0,0
4207,43.0,1,3,20,16.0,162000.0,1,1,4,2,0
4208,34.0,0,0,51,9.0,99000.0,2,9,3,0,1
4209,23.0,1,1,82,1.0,26000.0,3,8,0,4,0
4210,36.0,0,2,96,11.0,117000.0,1,1,4,2,1
4211,30.0,1,0,176,5.0,75000.0,2,9,2,0,0
4212,50.0,1,3,20,23.0,225000.0,0,9,1,3,0
4213,27.0,0,0,86,2.0,36000.0,0,2,0,0,0
4214,43.0,0,2,51,14.0,146000.0,4,0,4,2,1
4215,37.0,1,0,102,10.0,113000.0,2,9,3,2,1
4216,29.0,0,1,82,1.0,26000.0,1,9,0,0,0
4217,44.0,1,3,20,17.0,168000.0,1,3,4,2,0
4218,30.0,1,0,175,6.0,85000.0,3,9,3,0,0
4219,40.0,0,2,94,12.0,122000.0,3,7,4,2,0
4220,33.0,1,0,102,7.0,96000.0,2,4,3,0,1
4221,29.0,0,2,49,3.0,49000.0,1,1,2,0,0
4222,43.0,1,3,20,16.0,162000.0,2,9,4,2,0
4223,34.0,0,0,51,9.0,99000.0,3,1,3,0,1
4224,23.0,1,1,82,1.0,26000.0,4,5,0,4,0
4225,36.0,0,2,96,11.0,117000.0,1,1,4,2,1
4226,30.0,1,0,176,5.0,75000.0,1,3,2,0,0
4227,50.0,1,3,20,23.0,225000.0,3,9,1,3,0
4228,27.0,0,0,86,2.0,36000.0,0,9,0,0,0
4229,43.0,0,2,51,14.0,146000.0,1,9,4,2,1
4230,37.0,1,0,102,10.0,113000.0,1,3,3,2,1
4231,29.0,0,1,82,1.0,26000.0,3,8,0,0,0
4232,44.0,1,3,20,17.0,168000.0,1,9,4,2,0
4233,30.0,1,0,175,6.0,85000.0,3,9,3,0,0
4234,40.0,0,2,94,12.0,122000.0,1,3,4,2,0
4235,33.0,1,0,102,7.0,96000.0,2,9,3,0,1
4236,29.0,0,2,49,3.0,49000.0,4,5,2,0,0
4237,43.0,1,3,20,16.0,162000.0,4,1,4,2,0
4238,34.0,0,0,51,9.0,99000.0,2,4,3,0,1
4239,23.0,1,1,82,1.0,26000.0,1,9,0,4,0
4240,36.0,0,2,96,11.0,117000.0,4,0,4,2,1
4241,30.0,1,0,176,5.0,75000.0,3,1,2,0,0
4242,50.0,1,3,20,23.0,225000.0,0,9,1,3,0
4243,27.0,0,0,86,2.0,36000.0,3,7,0,0,0
4244,43.0,0,2,51,14.0,146000.0,3,9,4,2,1
4245,37.0,1,0,102,10.0,113000.0,1,3,3,2,1
4246,29.0,0,1,82,1.0,26000.0,1,1,0,0,0
4247,44.0,1,3,20,17.0,168000.0,4,5,4,2,0
4248,30.0,1,0,175,6.0,85000.0,1,9,3,0,0
4249,40.0,0,2,94,12.0,122000.0,0,2,4,2,0
4250,33.0,1,0,102,7.0,96000.0,2,4,3,0,1
4251,29.0,0,2,49,3.0,49000.0,0,1,2,0,0
4252,43.0,1,3,20,16.0,162000.0,4,0,4,2,0
4253,34.0,0,0,51,9.0,99000.0,4,9,3,0,1
4254,23.0,1,1,82,1.0,26000.0,4,5,0,4,0
4255,36.0,0,2,96,11.0,117000.0,4,9,4,2,1
4256,30.0,1,0,176,5.0,75000.0,3,7,2,0,0
4257,50.0,1,3,20,23.0,225000.0,3,8,1,3,0
4258,27.0,0,0,86,2.0,36000.0,0,1,0,0,0
4259,43.0,0,2,51,14.0,146000.0,4,0,4,2,1
4260,37.0,1,0,102,10.0,113000.0,2,9,3,2,1
4261,29.0,0,1,82,1.0,26000.0,4,9,0,0,0
4262,44.0,1,3,20,17.0,168000.0,3,7,4,2,0
4263,30.0,1,0,175,6.0,85000.0,0,2,3,0,0
4264,32.0,0,2,175,8.0,95000.0,4,9,3,0,0
4265,46.0,1,3,20,18.0,180000.0,3,1,4,3,0
4266,28.0,0,0,94,2.0,41000.0,3,8,0,0,0
4267,24.0,1,1,82,1.0,26000.0,4,9,0,4,0
4268,31.0,0,2,96,5.0,68000.0,3,1,2,0,1
4269,39.0,1,0,102,13.0,127000.0,3,1,4,2,1
4270,25.0,0,0,49,2.0,47000.0,1,9,0,4,0
4271,41.0,1,3,20,15.0,155000.0,1,1,4,2,0
4272,35.0,0,0,51,8.0,92000.0,2,6,3,0,1
4273,26.0,1,1,82,1.0,26000.0,0,9,0,0,0
4274,37.0,0,2,96,12.0,125000.0,0,2,4,2,1
4275,29.0,1,0,176,4.0,71000.0,3,7,2,0,0
4276,51.0,1,3,20,24.0,240000.0,1,3,1,3,0
4277,28.0,0,0,86,2.0,36000.0,1,9,0,0,0
4278,44.0,0,2,51,15.0,152000.0,2,4,4,2,1
4279,38.0,1,0,102,11.0,119000.0,0,1,4,2,1
4280,30.0,0,1,82,1.0,26000.0,4,0,0,0,0
4281,45.0,1,3,20,19.0,190000.0,0,1,4,2,0
4282,31.0,1,0,175,6.0,85000.0,4,5,3,0,0
4283,41.0,0,2,94,13.0,131000.0,3,9,4,2,0
4284,34.0,1,0,102,8.0,101000.0,4,9,3,0,1
4285,30.0,0,2,49,3.0,49000.0,3,1,2,0,0
4286,44.0,1,3,20,18.0,182000.0,4,1,4,2,0
4287,35.0,0,0,51,8.0,92000.0,2,4,3,0,1
4288,26.0,1,1,82,1.0,26000.0,2,9,0,0,0
4289,37.0,0,2,96,12.0,125000.0,2,6,4,2,1
4290,29.0,1,0,176,4.0,71000.0,1,3,2,0,0
4291,51.0,1,3,20,24.0,240000.0,3,8,1,3,0
4292,28.0,0,0,86,2.0,36000.0,4,1,0,0,0
4293,44.0,0,2,51,15.0,152000.0,0,9,4,2,1
4294,38.0,1,0,102,11.0,119000.0,4,5,4,2,1
4295,30.0,0,1,82,1.0,26000.0,2,4,0,0,0
4296,45.0,1,3,20,19.0,190000.0,1,1,4,2,0
4297,31.0,1,0,175,6.0,85000.0,3,9,3,0,0
4298,41.0,0,2,94,13.0,131000.0,4,1,4,2,0
4299,34.0,1,0,102,8.0,101000.0,4,0,3,0,1
4300,30.0,0,2,49,3.0,49000.0,3,8,2,0,0
4301,44.0,1,3,20,18.0,182000.0,4,0,4,2,0
4302,35.0,0,0,51,8.0,92000.0,1,9,3,0,1
4303,26.0,1,1,82,1.0,26000.0,1,1,0,0,0
4304,37.0,0,2,96,12.0,125000.0,1,9,4,2,1
4305,29.0,1,0,176,4.0,71000.0,0,9,2,0,0
4306,51.0,1,3,20,24.0,240000.0,2,6,1,3,0
4307,28.0,0,0,86,2.0,36000.0,4,0,0,0,0
4308,44.0,0,2,51,15.0,152000.0,0,9,4,2,1
4309,38.0,1,0,102,11.0,119000.0,4,0,4,2,1
4310,30.0,0,1,82,1.0,26000.0,0,1,0,0,0
4311,45.0,1,3,20,19.0,190000.0,2,6,4,2,0
4312,31.0,1,0,175,6.0,85000.0,2,4,3,0,0
4313,41.0,0,2,94,13.0,131000.0,2,9,4,2,0
4314,34.0,1,0,102,8.0,101000.0,2,6,3,0,1
4315,30.0,0,2,49,3.0,49000.0,3,9,2,0,0
4316,44.0,1,3,20,18.0,182000.0,0,9,4,2,0
4317,35.0,0,0,51,8.0,92000.0,4,1,3,0,1
4318,26.0,1,1,82,1.0,26000.0,4,9,0,0,0
4319,37.0,0,2,96,12.0,125000.0,3,7,4,2,1
4320,29.0,1,0,176,4.0,71000.0,1,1,2,0,0
4321,51.0,1,3,20,24.0,240000.0,2,4,1,3,0
4322,28.0,0,0,86,2.0,36000.0,3,1,0,0,0
4323,44.0,0,2,51,15.0,152000.0,3,7,4,2,1
4324,38.0,1,0,102,11.0,119000.0,4,0,4,2,1
4325,30.0,0,1,82,1.0,26000.0,3,7,0,0,0
4326,45.0,1,3,20,19.0,190000.0,3,7,4,2,0
4327,31.0,1,0,175,6.0,85000.0,3,1,3,0,0
4328,41.0,0,2,94,13.0,131000.0,3,8,4,2,0
4329,34.0,1,0,102,8.0,101000.0,4,0,3,0,1
4330,30.0,0,2,49,3.0,49000.0,1,9,2,0,0
4331,44.0,1,3,20,18.0,182000.0,3,8,4,2,0
4332,35.0,0,0,51,8.0,92000.0,3,7,3,0,1
4333,26.0,1,1,82,1.0,26000.0,0,9,0,0,0
4334,37.0,0,2,96,12.0,125000.0,3,9,4,2,1
4335,29.0,1,0,176,4.0,71000.0,4,9,2,0,0
4336,51.0,1,3,20,24.0,240000.0,4,9,1,3,0
4337,28.0,0,0,86,2.0,36000.0,2,4,0,0,0
4338,44.0,0,2,51,15.0,152000.0,3,9,4,2,1
4339,38.0,1,0,102,11.0,119000.0,4,5,4,2,1
4340,30.0,0,1,82,1.0,26000.0,2,4,0,0,0
4341,45.0,1,3,20,19.0,190000.0,4,5,4,2,0
4342,31.0,1,0,175,6.0,85000.0,2,4,3,0,0
4343,41.0,0,2,94,13.0,131000.0,1,3,4,2,0
4344,34.0,1,0,102,8.0,101000.0,0,9,3,0,1
4345,30.0,0,2,49,3.0,49000.0,0,1,2,0,0
4346,44.0,1,3,20,18.0,182000.0,0,2,4,2,0
4347,35.0,0,0,51,8.0,92000.0,1,1,3,0,1
4348,26.0,1,1,82,1.0,26000.0,0,9,0,0,0
4349,37.0,0,2,96,12.0,125000.0,2,6,4,2,1
4350,29.0,1,0,176,4.0,71000.0,0,1,2,0,0
4351,51.0,1,3,20,24.0,240000.0,1,3,1,3,0
4352,28.0,0,0,86,2.0,36000.0,0,1,0,0,0
4353,44.0,0,2,51,15.0,152000.0,0,9,4,2,1
4354,38.0,1,0,102,11.0,119000.0,1,1,4,2,1
4355,30.0,0,1,82,1.0,26000.0,3,7,0,0,0
4356,45.0,1,3,20,19.0,190000.0,0,1,4,2,0
4357,31.0,1,0,175,6.0,85000.0,1,3,3,0,0
4358,41.0,0,2,94,13.0,131000.0,0,1,4,2,0
4359,34.0,1,0,102,8.0,101000.0,4,0,3,0,1
4360,30.0,0,2,49,3.0,49000.0,4,5,2,0,0
4361,44.0,1,3,20,18.0,182000.0,2,4,4,2,0
4362,35.0,0,0,51,8.0,92000.0,0,9,3,0,1
4363,26.0,1,1,82,1.0,26000.0,1,3,0,0,0
4364,37.0,0,2,96,12.0,125000.0,2,9,4,2,1
4365,29.0,1,0,176,4.0,71000.0,4,1,2,0,0
4366,51.0,1,3,20,24.0,240000.0,1,9,1,3,0
4367,28.0,0,0,86,2.0,36000.0,1,9,0,0,0
4368,44.0,0,2,51,15.0,152000.0,2,6,4,2,1
4369,38.0,1,0,102,11.0,119000.0,2,4,4,2,1
4370,30.0,0,1,82,1.0,26000.0,2,9,0,0,0
4371,45.0,1,3,20,19.0,190000.0,4,5,4,2,0
4372,31.0,1,0,175,6.0,85000.0,0,1,3,0,0
4373,41.0,0,2,94,13.0,131000.0,3,8,4,2,0
4374,34.0,1,0,102,8.0,101000.0,1,3,3,0,1
4375,30.0,0,2,49,3.0,49000.0,3,7,2,0,0
4376,44.0,1,3,20,18.0,182000.0,1,3,4,2,0
4377,35.0,0,0,51,8.0,92000.0,0,2,3,0,1
4378,26.0,1,1,82,1.0,26000.0,3,9,0,0,0
4379,37.0,0,2,96,12.0,125000.0,2,9,4,2,1
4380,29.0,1,0,176,4.0,71000.0,1,1,2,0,0
4381,51.0,1,3,20,24.0,240000.0,1,1,1,3,0
4382,28.0,0,0,86,2.0,36000.0,1,9,0,0,0
4383,44.0,0,2,51,15.0,152000.0,3,8,4,2,1
4384,38.0,1,0,102,11.0,119000.0,0,1,4,2,1
4385,30.0,0,1,82,1.0,26000.0,2,4,0,0,0
4386,45.0,1,3,20,19.0,190000.0,0,9,4,2,0
4387,31.0,1,0,175,6.0,85000.0,3,8,3,0,0
4388,41.0,0,2,94,13.0,131000.0,2,6,4,2,0
4389,27.0,1,0,175,3.0,62000.0,1,9,2,0,0
4390,42.0,0,2,96,16.0,137000.0,4,1,4,2,1
4391,35.0,1,3,20,9.0,112000.0,3,8,3,0,0
4392,29.0,0,0,49,2.0,45000.0,4,9,0,0,0
4393,33.0,1,1,82,1.0,25000.0,4,5,0,0,0
4394,36.0,0,0,102,7.0,91000.0,4,9,3,2,1
4395,43.0,1,3,20,17.0,179000.0,3,1,4,2,0
4396,31.0,0,0,176,5.0,74000.0,1,9,2,0,0
4397,49.0,1,2,96,23.0,228000.0,1,9,1,3,1
4398,28.0,0,0,86,2.0,37000.0,0,1,0,0,0
4399,45.0,0,3,20,19.0,193000.0,3,1,4,2,0
4400,38.0,1,0,102,11.0,119000.0,1,3,4,2,1
4401,30.0,0,1,82,1.0,25000.0,1,3,0,0,0
4402,45.0,1,2,96,20.0,204000.0,0,9,4,2,1
4403,27.0,0,0,175,3.0,61000.0,3,7,2,0,0
4404,41.0,1,3,20,15.0,157000.0,1,1,4,2,0
4405,35.0,0,2,51,8.0,92000.0,0,2,3,0,1
4406,26.0,1,0,176,1.0,52000.0,4,9,0,0,0
4407,30.0,0,0,94,4.0,58000.0,4,0,2,0,0
4408,48.0,1,3,20,22.0,219000.0,1,1,1,3,0
4409,32.0,0,2,96,6.0,77000.0,1,3,3,0,1
4410,34.0,1,0,102,8.0,104000.0,0,9,3,0,1
4411,31.0,0,1,82,1.0,25000.0,1,1,0,0,0
4412,45.0,1,2,96,20.0,204000.0,3,9,4,2,1
4413,28.0,0,0,86,2.0,37000.0,4,0,0,0,0
4414,44.0,0,3,20,18.0,183000.0,1,1,4,2,0
4415,38.0,1,0,102,11.0,119000.0,0,2,4,2,1
4416,30.0,0,1,82,1.0,25000.0,3,7,0,0,0
4417,45.0,1,2,96,20.0,204000.0,3,7,4,2,1
4418,27.0,0,0,175,3.0,61000.0,2,6,2,0,0
4419,41.0,1,3,20,15.0,157000.0,0,2,4,2,0
4420,35.0,0,2,51,8.0,92000.0,4,9,3,0,1
4421,26.0,1,0,176,1.0,52000.0,0,1,0,0,0
4422,30.0,0,0,94,4.0,58000.0,1,3,2,0,0
4423,48.0,1,3,20,22.0,219000.0,3,7,1,3,0
4424,32.0,0,2,96,6.0,77000.0,0,9,3,0,1
4425,34.0,1,0,102,8.0,104000.0,4,9,3,0,1
4426,31.0,0,1,82,1.0,25000.0,3,9,0,0,0
4427,45.0,1,2,96,20.0,204000.0,4,9,4,2,1
4428,28.0,0,0,86,2.0,37000.0,1,9,0,0,0
4429,44.0,0,3,20,18.0,183000.0,0,9,4,2,0
4430,38.0,1,0,102,11.0,119000.0,3,8,4,2,1
4431,30.0,0,1,82,1.0,25000.0,1,1,0,0,0
4432,45.0,1,2,96,20.0,204000.0,2,6,4,2,1
4433,27.0,0,0,175,3.0,61000.0,4,1,2,0,0
4434,41.0,1,3,20,15.0,157000.0,1,9,4,2,0
4435,35.0,0,2,51,8.0,92000.0,2,6,3,0,1
4436,26.0,1,0,176,1.0,52000.0,2,6,0,0,0
4437,30.0,0,0,94,4.0,58000.0,4,5,2,0,0
4438,48.0,1,3,20,22.0,219000.0,0,2,1,3,0
4439,32.0,0,2,96,6.0,77000.0,3,9,3,0,1
4440,34.0,1,0,102,8.0,104000.0,1,9,3,0,1
4441,31.0,0,1,82,1.0,25000.0,1,9,0,0,0
4442,45.0,1,2,96,20.0,204000.0,2,6,4,2,1
4443,28.0,0,0,86,2.0,37000.0,1,3,0,0,0
4444,44.0,0,3,20,18.0,183000.0,2,4,4,2,0
4445,38.0,1,0,102,11.0,119000.0,2,4,4,2,1
4446,30.0,0,1,82,1.0,25000.0,1,1,0,0,0
4447,45.0,1,2,96,20.0,204000.0,1,9,4,2,1
4448,27.0,0,0,175,3.0,61000.0,0,9,2,0,0
4449,41.0,1,3,20,15.0,157000.0,3,8,4,2,0
4450,35.0,0,2,51,8.0,92000.0,2,4,3,0,1
4451,26.0,1,0,176,1.0,52000.0,2,4,0,0,0
4452,30.0,0,0,94,4.0,58000.0,4,0,2,0,0
4453,48.0,1,3,20,22.0,219000.0,3,7,1,3,0
4454,32.0,0,2,96,6.0,77000.0,1,9,3,0,1
4455,34.0,1,0,102,8.0,104000.0,1,1,3,0,1
4456,31.0,0,1,82,1.0,25000.0,0,9,0,0,0
4457,45.0,1,2,96,20.0,204000.0,2,4,4,2,1
4458,28.0,0,0,86,2.0,37000.0,2,9,0,0,0
4459,44.0,0,3,20,18.0,183000.0,3,7,4,2,0
4460,38.0,1,0,102,11.0,119000.0,4,0,4,2,1
4461,30.0,0,1,82,1.0,25000.0,3,7,0,0,0
4462,45.0,1,2,96,20.0,204000.0,0,2,4,2,1
4463,27.0,0,0,175,3.0,61000.0,2,6,2,0,0
4464,41.0,1,3,20,15.0,157000.0,1,1,4,2,0
4465,35.0,0,2,51,8.0,92000.0,4,5,3,0,1
4466,26.0,1,0,176,1.0,52000.0,1,3,0,0,0
4467,30.0,0,0,94,4.0,58000.0,2,6,2,0,0
4468,48.0,1,3,20,22.0,219000.0,3,7,1,3,0
4469,32.0,0,2,96,6.0,77000.0,0,2,3,0,1
4470,34.0,1,0,102,8.0,104000.0,4,5,3,0,1
4471,31.0,0,1,82,1.0,25000.0,3,9,0,0,0
4472,45.0,1,2,96,20.0,204000.0,3,1,4,2,1
4473,28.0,0,0,86,2.0,37000.0,0,2,0,0,0
4474,44.0,0,3,20,18.0,183000.0,0,1,4,2,0
4475,38.0,1,0,102,11.0,119000.0,1,1,4,2,1
4476,30.0,0,1,82,1.0,25000.0,2,9,0,0,0
4477,45.0,1,2,96,20.0,204000.0,1,1,4,2,1
4478,27.0,0,0,175,3.0,61000.0,4,0,2,0,0
4479,41.0,1,3,20,15.0,157000.0,2,4,4,2,0
4480,35.0,0,2,51,8.0,92000.0,4,9,3,0,1
4481,26.0,1,0,176,1.0,52000.0,0,2,0,0,0
4482,30.0,0,0,94,4.0,58000.0,0,9,2,0,0
4483,48.0,1,3,20,22.0,219000.0,3,1,1,3,0
4484,32.0,0,2,96,6.0,77000.0,4,1,3,0,1
4485,34.0,1,0,102,8.0,104000.0,2,6,3,0,1
4486,31.0,0,1,82,1.0,25000.0,1,1,0,0,0
4487,45.0,1,2,96,20.0,204000.0,4,0,4,2,1
4488,28.0,0,0,86,2.0,37000.0,3,9,0,0,0
4489,44.0,0,3,20,18.0,183000.0,1,9,4,2,0
4490,38.0,1,0,102,11.0,119000.0,2,9,4,2,1
4491,30.0,0,1,82,1.0,25000.0,3,9,0,0,0
4492,45.0,1,2,96,20.0,204000.0,1,1,4,2,1
4493,27.0,0,0,175,3.0,61000.0,0,1,2,0,0
4494,41.0,1,3,20,15.0,157000.0,1,9,4,2,0
4495,35.0,0,2,51,8.0,92000.0,3,1,3,0,1
4496,26.0,1,0,176,1.0,52000.0,2,4,0,0,0
4497,30.0,0,0,94,4.0,58000.0,3,7,2,0,0
4498,48.0,1,3,20,22.0,219000.0,0,9,1,3,0
4499,32.0,0,2,96,6.0,77000.0,3,9,3,0,1
4500,34.0,1,0,102,8.0,104000.0,1,1,3,0,1
4501,31.0,0,1,82,1.0,25000.0,1,1,0,0,0
4502,45.0,1,2,96,20.0,204000.0,4,9,4,2,1
4503,28.0,0,0,86,2.0,37000.0,0,1,0,0,0
4504,44.0,0,3,20,18.0,183000.0,1,9,4,2,0
4505,38.0,1,0,102,11.0,119000.0,4,5,4,2,1
4506,30.0,0,1,82,1.0,25000.0,3,1,0,0,0
4507,45.0,1,2,96,20.0,204000.0,1,9,4,2,1
4508,27.0,0,0,175,3.0,61000.0,4,0,2,0,0
4509,41.0,1,3,20,15.0,157000.0,0,1,4,2,0
4510,35.0,0,2,51,8.0,92000.0,2,6,3,0,1
4511,26.0,1,0,176,1.0,52000.0,3,7,0,0,0
4512,30.0,0,0,94,4.0,58000.0,2,6,2,0,0
4513,48.0,1,3,20,22.0,219000.0,4,1,1,3,0
4514,32.0,0,2,96,6.0,77000.0,4,0,3,0,1
4515,31.0,0,2,31,6.0,95000.0,1,1,3,0,1
4516,28.0,1,0,90,2.0,45000.0,2,9,0,0,0
4517,29.0,0,2,135,4.0,70000.0,0,9,2,0,1
4518,35.0,1,3,139,10.0,110000.0,2,9,3,0,1
4519,26.0,0,1,191,1.0,35000.0,1,9,0,0,0
4520,32.0,1,0,70,5.0,60000.0,0,9,2,0,0
4521,27.0,0,2,191,2.0,50000.0,1,9,0,0,0
4522,39.0,1,2,31,12.0,120000.0,1,9,4,2,1
4523,23.0,0,0,70,1.0,32000.0,2,4,0,4,0
4524,30.0,1,0,191,4.0,65000.0,2,9,2,0,0
4525,26.0,0,0,69,1.0,35000.0,1,9,0,0,0
4526,42.0,1,3,139,14.0,130000.0,3,1,4,2,1
4527,34.0,0,2,31,9.0,95000.0,2,6,3,0,1
4528,28.0,1,1,92,2.0,43000.0,3,8,0,0,0
4529,31.0,0,0,69,4.0,50000.0,2,6,2,0,0
4530,29.0,1,0,191,3.0,60000.0,1,3,2,0,0
4531,35.0,0,2,135,8.0,80000.0,3,9,3,0,1
4532,26.0,1,2,90,2.0,48000.0,0,2,0,0,0
4533,40.0,0,3,31,13.0,125000.0,4,9,4,2,1
4534,34.0,1,0,191,7.0,85000.0,4,1,3,0,0
4535,26.0,0,0,70,2.0,42000.0,3,9,0,0,0
4536,29.0,1,2,135,4.0,70000.0,4,5,2,0,1
4537,25.0,0,1,91,1.0,32000.0,2,9,0,4,0
4538,33.0,1,2,191,6.0,80000.0,2,9,3,0,0
4539,27.0,0,0,70,2.0,42000.0,1,1,0,0,0
4540,31.0,1,3,139,7.0,90000.0,3,8,3,0,1
4541,29.0,0,2,191,4.0,65000.0,3,7,2,0,0
4542,24.0,1,0,90,1.0,40000.0,0,9,0,4,0
4543,42.0,0,2,135,12.0,110000.0,3,8,4,2,1
4544,34.0,1,2,31,10.0,105000.0,0,2,3,0,1
4545,28.0,0,0,70,3.0,50000.0,0,2,2,0,0
4546,33.0,1,3,31,8.0,95000.0,0,1,3,0,1
4547,29.0,0,0,191,3.0,60000.0,0,1,2,0,0
4548,25.0,1,1,70,2.0,40000.0,3,1,0,4,0
4549,26.0,0,2,135,2.0,55000.0,2,6,0,0,1
4550,30.0,1,0,191,5.0,70000.0,4,1,2,0,0
4551,24.0,0,1,91,1.0,32000.0,1,3,0,4,0
4552,31.0,1,2,31,7.0,90000.0,2,9,3,0,1
4553,27.0,0,0,191,2.0,50000.0,3,7,0,0,0
4554,35.0,1,3,139,10.0,110000.0,4,9,3,0,1
4555,26.0,0,0,70,1.0,32000.0,0,2,0,0,0
4556,32.0,1,2,191,6.0,80000.0,3,9,3,0,0
4557,29.0,0,2,135,4.0,70000.0,3,8,2,0,1
4558,25.0,1,1,191,2.0,45000.0,4,9,0,4,0
4559,33.0,0,0,70,7.0,65000.0,2,9,3,0,0
4560,27.0,1,2,191,2.0,50000.0,2,9,0,0,0
4561,28.0,0,0,69,3.0,45000.0,0,9,2,0,0
4562,34.0,1,3,31,9.0,95000.0,4,9,3,0,1
4563,30.0,0,0,191,4.0,65000.0,0,9,2,0,0
4564,26.0,1,0,69,2.0,38000.0,4,9,0,0,0
4565,42.0,0,2,139,13.0,125000.0,3,1,4,2,1
4566,34.0,1,2,191,8.0,90000.0,0,9,3,0,0
4567,28.0,0,1,92,2.0,43000.0,2,4,0,0,0
4568,31.0,1,0,70,5.0,60000.0,1,3,2,0,0
4569,29.0,0,2,191,3.0,60000.0,2,6,2,0,0
4570,35.0,1,3,139,10.0,110000.0,3,7,3,0,1
4571,26.0,0,0,191,1.0,35000.0,3,9,0,0,0
4572,32.0,1,2,31,6.0,95000.0,0,1,3,0,1
4573,27.0,0,2,70,2.0,42000.0,4,0,0,0,0
4574,39.0,1,2,135,11.0,100000.0,0,9,4,2,1
4575,23.0,0,0,69,1.0,32000.0,3,8,0,4,0
4576,30.0,1,0,191,4.0,65000.0,4,1,2,0,0
4577,26.0,0,0,70,2.0,42000.0,4,0,0,0,0
4578,42.0,1,3,31,14.0,130000.0,2,6,4,2,1
4579,34.0,0,2,31,9.0,95000.0,2,6,3,0,1
4580,28.0,1,1,90,2.0,43000.0,0,1,0,0,0
4581,31.0,0,0,69,4.0,50000.0,0,2,2,0,0
4582,29.0,1,0,191,3.0,60000.0,4,5,2,0,0
4583,35.0,0,2,135,8.0,80000.0,1,3,3,0,1
4584,26.0,1,2,90,2.0,48000.0,0,9,0,0,0
4585,40.0,0,3,31,13.0,125000.0,4,1,4,2,1
4586,34.0,1,0,191,7.0,85000.0,3,8,3,0,0
4587,26.0,0,0,70,2.0,42000.0,2,9,0,0,0
4588,29.0,1,2,135,4.0,70000.0,4,5,2,0,1
4589,25.0,0,1,69,1.0,32000.0,0,1,0,4,0
4590,33.0,1,2,191,6.0,80000.0,2,6,3,0,0
4591,27.0,0,0,70,2.0,42000.0,1,3,0,0,0
4592,31.0,1,3,139,7.0,90000.0,0,2,3,0,1
4593,29.0,0,2,191,4.0,65000.0,2,4,2,0,0
4594,24.0,1,0,90,1.0,40000.0,4,1,0,4,0
4595,42.0,0,2,135,12.0,110000.0,3,1,4,2,1
4596,34.0,1,2,31,10.0,105000.0,3,9,3,0,1
4597,28.0,0,0,70,3.0,50000.0,1,1,2,0,0
4598,33.0,1,3,31,8.0,95000.0,2,4,3,0,1
4599,29.0,0,0,191,3.0,60000.0,0,9,2,0,0
4600,25.0,1,1,70,2.0,40000.0,0,1,0,4,0
4601,26.0,0,2,135,2.0,55000.0,2,4,0,0,1
4602,30.0,1,0,191,5.0,70000.0,1,3,2,0,0
4603,24.0,0,1,91,1.0,32000.0,1,9,0,4,0
4604,31.0,1,2,31,7.0,90000.0,0,1,3,0,1
4605,27.0,0,0,191,2.0,50000.0,0,1,0,0,0
4606,35.0,1,3,139,10.0,110000.0,2,4,3,0,1
4607,26.0,0,0,70,1.0,32000.0,2,4,0,0,0
4608,32.0,1,2,191,6.0,80000.0,0,9,3,0,0
4609,29.0,0,2,135,4.0,70000.0,0,1,2,0,1
4610,25.0,1,1,191,2.0,45000.0,2,4,0,4,0
4611,33.0,0,0,70,7.0,65000.0,4,0,3,0,0
4612,27.0,1,2,191,2.0,50000.0,1,1,0,0,0
4613,28.0,0,0,69,3.0,45000.0,1,9,2,0,0
4614,34.0,1,3,31,9.0,95000.0,4,0,3,0,1
4615,30.0,0,0,191,4.0,65000.0,1,3,2,0,0
4616,26.0,1,0,69,2.0,38000.0,1,9,0,0,0
4617,42.0,0,2,139,13.0,125000.0,4,1,4,2,1
4618,34.0,1,2,191,8.0,90000.0,1,1,3,0,0
4619,28.0,0,1,92,2.0,43000.0,2,9,0,0,0
4620,31.0,1,0,70,5.0,60000.0,3,1,2,0,0
4621,29.0,0,2,191,3.0,60000.0,4,9,2,0,0
4622,35.0,1,3,139,10.0,110000.0,4,5,3,0,1
4623,26.0,0,0,191,1.0,35000.0,3,7,0,0,0
4624,32.0,1,2,31,6.0,95000.0,3,8,3,0,1
4625,27.0,0,2,70,2.0,42000.0,0,9,0,0,0
4626,39.0,1,2,135,11.0,100000.0,2,9,4,2,1
4627,23.0,0,0,69,1.0,32000.0,2,6,0,4,0
4628,30.0,1,0,191,4.0,65000.0,2,6,2,0,0
4629,26.0,0,0,70,2.0,42000.0,1,9,0,0,0
4630,42.0,1,3,31,14.0,130000.0,0,2,4,2,1
4631,34.0,0,2,31,9.0,95000.0,0,9,3,0,1
4632,28.0,1,1,90,2.0,43000.0,4,0,0,0,0
4633,31.0,0,0,69,4.0,500.0,4,1,2,0,0
4634,27.0,0,0,87,1.0,45000.0,4,9,0,0,0
4635,33.0,1,2,129,8.0,120000.0,2,6,3,0,1
4636,29.0,0,0,94,3.0,55000.0,4,0,2,0,0
4637,31.0,1,0,73,5.0,70000.0,3,9,2,0,1
4638,38.0,0,3,161,12.0,140000.0,2,4,4,2,1
4639,25.0,1,1,82,1.0,30000.0,0,1,0,4,0
4640,32.0,0,2,168,7.0,100000.0,1,9,3,0,1
4641,27.0,1,0,63,2.0,50000.0,1,3,0,0,0
4642,29.0,0,0,73,3.0,55000.0,2,4,2,0,1
4643,35.0,1,3,161,10.0,130000.0,3,9,3,0,1
4644,26.0,0,0,87,1.0,45000.0,0,2,0,0,0
4645,33.0,1,2,129,8.0,120000.0,2,6,3,0,1
4646,29.0,0,0,94,3.0,55000.0,1,9,2,0,0
4647,31.0,1,0,73,5.0,70000.0,3,7,2,0,1
4648,38.0,0,3,161,12.0,140000.0,2,6,4,2,1
4649,25.0,1,1,82,1.0,30000.0,2,6,0,4,0
4650,32.0,0,2,168,7.0,100000.0,0,9,3,0,1
4651,27.0,1,0,63,2.0,50000.0,4,0,0,0,0
4652,29.0,0,0,73,3.0,55000.0,1,3,2,0,1
4653,35.0,1,3,161,10.0,130000.0,1,9,3,0,1
4654,26.0,0,0,87,1.0,45000.0,3,9,0,0,0
4655,33.0,1,2,129,8.0,120000.0,4,1,3,0,1
4656,29.0,0,0,94,3.0,55000.0,1,1,2,0,0
4657,31.0,1,0,73,5.0,70000.0,4,9,2,0,1
4658,38.0,0,3,161,12.0,140000.0,0,2,4,2,1
4659,25.0,1,1,82,1.0,30000.0,2,4,0,4,0
4660,32.0,0,2,168,7.0,100000.0,4,1,3,0,1
4661,27.0,1,0,63,2.0,50000.0,3,8,0,0,0
4662,29.0,0,0,73,3.0,55000.0,4,1,2,0,1
4663,35.0,1,3,161,10.0,130000.0,0,2,3,0,1
4664,26.0,0,0,87,1.0,45000.0,3,8,0,0,0
4665,33.0,1,2,129,8.0,120000.0,1,9,3,0,1
4666,29.0,0,0,94,3.0,55000.0,2,6,2,0,0
4667,31.0,1,0,73,5.0,70000.0,2,6,2,0,1
4668,38.0,0,3,161,12.0,140000.0,0,9,4,2,1
4669,25.0,1,1,82,1.0,30000.0,0,2,0,4,0
4670,32.0,0,2,168,7.0,100000.0,2,6,3,0,1
4671,27.0,1,0,63,2.0,50000.0,1,3,0,0,0
4672,29.0,0,0,73,3.0,55000.0,2,9,2,0,1
4673,35.0,1,3,161,10.0,130000.0,0,2,3,0,1
4674,26.0,0,0,87,1.0,45000.0,4,1,0,0,0
4675,33.0,1,2,129,8.0,120000.0,3,1,3,0,1
4676,29.0,0,0,94,3.0,55000.0,1,9,2,0,0
4677,31.0,1,0,73,5.0,70000.0,3,7,2,0,1
4678,38.0,0,3,161,12.0,140000.0,2,6,4,2,1
4679,25.0,1,1,82,1.0,30000.0,0,1,0,4,0
4680,32.0,0,2,168,7.0,100000.0,2,9,3,0,1
4681,27.0,1,0,63,2.0,50000.0,4,5,0,0,0
4682,29.0,0,0,73,3.0,55000.0,2,4,2,0,1
4683,35.0,1,3,161,10.0,130000.0,4,0,3,0,1
4684,26.0,0,0,87,1.0,45000.0,4,1,0,0,0
4685,33.0,1,2,129,8.0,120000.0,3,1,3,0,1
4686,29.0,0,0,94,3.0,55000.0,2,6,2,0,0
4687,31.0,1,0,73,5.0,70000.0,0,1,2,0,1
4688,38.0,0,3,161,12.0,140000.0,3,7,4,2,1
4689,25.0,1,1,82,1.0,30000.0,1,9,0,4,0
4690,32.0,0,2,168,7.0,100000.0,1,9,3,0,1
4691,27.0,1,0,63,2.0,50000.0,4,5,0,0,0
4692,29.0,0,0,73,3.0,55000.0,0,2,2,0,1
4693,35.0,1,3,161,10.0,130000.0,1,1,3,0,1
4694,26.0,0,0,87,1.0,45000.0,4,9,0,0,0
4695,33.0,1,2,129,8.0,120000.0,4,5,3,0,1
4696,29.0,0,0,94,3.0,55000.0,1,3,2,0,0
4697,31.0,1,0,73,5.0,70000.0,3,7,2,0,1
4698,38.0,0,3,161,12.0,140000.0,0,9,4,2,1
4699,25.0,1,1,82,1.0,30000.0,3,7,0,4,0
4700,32.0,0,2,168,7.0,100000.0,1,1,3,0,1
4701,27.0,1,0,63,2.0,50000.0,4,0,0,0,0
4702,29.0,0,0,73,3.0,55000.0,3,7,2,0,1
4703,35.0,1,3,161,10.0,130000.0,4,9,3,0,1
4704,26.0,0,0,87,1.0,45000.0,0,1,0,0,0
4705,33.0,1,2,129,8.0,120000.0,3,7,3,0,1
4706,29.0,0,0,94,3.0,55000.0,4,9,2,0,0
4707,31.0,1,0,73,5.0,70000.0,1,1,2,0,1
4708,38.0,0,3,161,12.0,140000.0,4,5,4,2,1
4709,25.0,1,1,82,1.0,30000.0,4,9,0,4,0
4710,32.0,0,2,168,7.0,100000.0,0,1,3,0,1
4711,27.0,1,0,63,2.0,50000.0,3,8,0,0,0
4712,29.0,0,0,73,3.0,55000.0,4,9,2,0,1
4713,35.0,1,3,161,10.0,130000.0,0,1,3,0,1
4714,26.0,0,0,87,1.0,45000.0,0,2,0,0,0
4715,33.0,1,2,129,8.0,120000.0,2,4,3,0,1
4716,29.0,0,0,94,3.0,55000.0,1,1,2,0,0
4717,31.0,1,0,73,5.0,70000.0,4,5,2,0,1
4718,38.0,0,3,161,12.0,140000.0,2,6,4,2,1
4719,25.0,1,1,82,1.0,30000.0,4,5,0,4,0
4720,32.0,0,2,168,7.0,100000.0,3,9,3,0,1
4721,27.0,1,0,63,2.0,50000.0,0,1,0,0,0
4722,29.0,0,0,73,3.0,55000.0,4,5,2,0,1
4723,35.0,1,3,161,10.0,130000.0,4,0,3,0,1
4724,26.0,0,0,87,1.0,45000.0,0,1,0,0,0
4725,33.0,1,2,129,8.0,120000.0,2,9,3,0,1
4726,29.0,0,0,94,3.0,55000.0,1,9,2,0,0
4727,31.0,1,0,73,5.0,70000.0,2,4,2,0,1
4728,38.0,0,3,161,12.0,140000.0,2,9,4,2,1
4729,25.0,1,1,82,1.0,30000.0,3,7,0,4,0
4730,32.0,0,2,168,7.0,100000.0,4,0,3,0,1
4731,27.0,1,0,63,2.0,50000.0,2,9,0,0,0
4732,29.0,0,0,73,3.0,55000.0,4,5,2,0,1
4733,35.0,1,3,161,10.0,130000.0,3,9,3,0,1
4734,26.0,0,0,87,1.0,45000.0,3,9,0,0,0
4735,33.0,1,2,129,8.0,120000.0,1,1,3,0,1
4736,29.0,0,0,94,3.0,55000.0,4,0,2,0,0
4737,31.0,1,0,73,5.0,70000.0,0,1,2,0,1
4738,38.0,0,3,161,12.0,140000.0,3,8,4,2,1
4739,25.0,1,1,82,1.0,30000.0,4,9,0,4,0
4740,32.0,0,2,168,7.0,100000.0,2,4,3,0,1
4741,27.0,1,0,63,2.0,50000.0,2,4,0,0,0
4742,29.0,0,0,73,3.0,55000.0,4,1,2,0,1
4743,35.0,1,3,161,10.0,130000.0,4,9,3,0,1
4744,26.0,0,0,87,1.0,45000.0,2,9,0,0,0
4745,33.0,1,2,129,8.0,120000.0,0,2,3,0,1
4746,29.0,0,0,94,3.0,55000.0,4,1,2,0,0
4747,31.0,1,0,73,5.0,70000.0,2,4,2,0,1
4748,38.0,0,3,161,12.0,140000.0,4,9,4,2,1
4749,25.0,1,1,82,1.0,30000.0,0,9,0,4,0
4750,32.0,0,2,168,7.0,100000.0,4,0,3,0,1
4751,27.0,1,0,63,2.0,50000.0,1,1,0,0,0
4752,29.0,0,0,73,3.0,55000.0,0,2,2,0,1
4753,35.0,1,3,161,10.0,130000.0,2,9,3,0,1
4754,26.0,0,0,87,1.0,45000.0,0,9,0,0,0
4755,28.0,0,0,87,2.0,48000.0,0,9,0,0,0
4756,36.0,1,2,129,9.0,125000.0,2,4,3,2,1
4757,30.0,0,0,94,4.0,57000.0,4,1,2,0,0
4758,32.0,1,0,73,6.0,72000.0,3,7,3,0,1
4759,39.0,0,3,161,13.0,145000.0,3,9,4,2,1
4760,26.0,1,1,82,2.0,31000.0,0,9,0,0,0
4761,33.0,0,2,168,8.0,105000.0,2,9,3,0,1
4762,28.0,1,0,63,3.0,52000.0,2,9,2,0,0
4763,30.0,0,0,73,4.0,57000.0,1,3,2,0,1
4764,36.0,1,3,161,11.0,135000.0,2,6,4,2,1
4765,27.0,0,0,87,2.0,48000.0,4,1,0,0,0
4766,34.0,1,2,129,9.0,125000.0,2,9,3,0,1
4767,30.0,0,0,94,4.0,57000.0,2,4,2,0,0
4768,32.0,1,0,73,6.0,72000.0,0,2,3,0,1
4769,39.0,0,3,161,13.0,145000.0,0,9,4,2,1
4770,26.0,1,1,82,2.0,31000.0,1,1,0,0,0
4771,33.0,0,2,168,8.0,105000.0,0,1,3,0,1
4772,28.0,1,0,63,3.0,52000.0,1,3,2,0,0
4773,30.0,0,0,73,4.0,57000.0,4,9,2,0,1
4774,36.0,1,3,161,11.0,135000.0,1,3,4,2,1
4775,27.0,0,0,87,2.0,48000.0,1,1,0,0,0
4776,34.0,1,2,129,9.0,125000.0,1,3,3,0,1
4777,30.0,0,0,94,4.0,57000.0,3,9,2,0,0
4778,32.0,1,0,73,6.0,72000.0,1,9,3,0,1
4779,39.0,0,3,161,13.0,145000.0,2,9,4,2,1
4780,26.0,1,1,82,2.0,31000.0,4,9,0,0,0
4781,33.0,0,2,168,8.0,105000.0,3,7,3,0,1
4782,28.0,1,0,63,3.0,52000.0,3,1,2,0,0
4783,30.0,0,0,73,4.0,57000.0,2,6,2,0,1
4784,36.0,1,3,161,11.0,135000.0,1,3,4,2,1
4785,27.0,0,0,87,2.0,48000.0,4,9,0,0,0
4786,34.0,1,2,129,9.0,125000.0,0,1,3,0,1
4787,30.0,0,0,94,4.0,57000.0,2,9,2,0,0
4788,32.0,1,0,73,6.0,72000.0,2,6,3,0,1
4789,39.0,0,3,161,13.0,145000.0,2,4,4,2,1
4790,26.0,1,1,82,2.0,31000.0,0,2,0,0,0
4791,33.0,0,2,168,8.0,105000.0,1,9,3,0,1
4792,28.0,1,0,63,3.0,52000.0,0,2,2,0,0
4793,30.0,0,0,73,4.0,57000.0,3,1,2,0,1
4794,36.0,1,3,161,11.0,135000.0,0,2,4,2,1
4795,27.0,0,0,87,2.0,48000.0,3,1,0,0,0
4796,34.0,1,2,129,9.0,125000.0,3,7,3,0,1
4797,30.0,0,0,94,4.0,57000.0,4,1,2,0,0
4798,32.0,1,0,73,6.0,72000.0,0,9,3,0,1
4799,39.0,0,3,161,13.0,145000.0,4,1,4,2,1
4800,26.0,1,1,82,2.0,31000.0,2,6,0,0,0
4801,33.0,0,2,168,8.0,105000.0,3,9,3,0,1
4802,28.0,1,0,63,3.0,52000.0,2,6,2,0,0
4803,30.0,0,0,73,4.0,57000.0,3,1,2,0,1
4804,36.0,1,3,161,11.0,135000.0,3,9,4,2,1
4805,27.0,0,0,87,2.0,48000.0,2,9,0,0,0
4806,34.0,1,2,129,9.0,125000.0,2,6,3,0,1
4807,30.0,0,0,94,4.0,57000.0,4,1,2,0,0
4808,32.0,1,0,73,6.0,72000.0,2,9,3,0,1
4809,39.0,0,3,161,13.0,145000.0,2,4,4,2,1
4810,26.0,1,1,82,2.0,31000.0,1,9,0,0,0
4811,33.0,0,2,168,8.0,105000.0,4,0,3,0,1
4812,28.0,1,0,63,3.0,52000.0,1,3,2,0,0
4813,30.0,0,0,73,4.0,57000.0,3,8,2,0,1
4814,36.0,1,3,161,11.0,135000.0,1,3,4,2,1
4815,27.0,0,0,87,2.0,48000.0,0,2,0,0,0
4816,34.0,1,2,129,9.0,125000.0,2,4,3,0,1
4817,30.0,0,0,94,4.0,57000.0,1,1,2,0,0
4818,32.0,1,0,73,6.0,72000.0,2,6,3,0,1
4819,39.0,0,3,161,13.0,145000.0,2,9,4,2,1
4820,26.0,1,1,82,2.0,31000.0,4,5,0,0,0
4821,33.0,0,2,168,8.0,105000.0,4,9,3,0,1
4822,28.0,1,0,63,3.0,52000.0,0,1,2,0,0
4823,30.0,0,0,73,4.0,57000.0,2,9,2,0,1
4824,36.0,1,3,161,11.0,135000.0,3,7,4,2,1
4825,27.0,0,0,87,2.0,48000.0,3,8,0,0,0
4826,34.0,1,2,129,9.0,125000.0,4,9,3,0,1
4827,30.0,0,0,94,4.0,57000.0,4,9,2,0,0
4828,32.0,1,0,73,6.0,72000.0,3,9,3,0,1
4829,39.0,0,3,161,13.0,145000.0,3,8,4,2,1
4830,26.0,1,1,82,2.0,31000.0,3,9,0,0,0
4831,33.0,0,2,168,8.0,105000.0,4,5,3,0,1
4832,28.0,1,0,63,3.0,52000.0,4,5,2,0,0
4833,30.0,0,0,73,4.0,57000.0,0,1,2,0,1
4834,36.0,1,3,161,11.0,135000.0,0,1,4,2,1
4835,27.0,0,0,87,2.0,48000.0,3,9,0,0,0
4836,34.0,1,2,129,9.0,125000.0,1,1,3,0,1
4837,30.0,0,0,94,4.0,57000.0,4,5,2,0,0
4838,32.0,1,0,73,6.0,72000.0,1,9,3,0,1
4839,39.0,0,3,161,13.0,145000.0,3,7,4,2,1
4840,26.0,1,1,82,2.0,31000.0,4,1,0,0,0
4841,33.0,0,2,168,8.0,105000.0,0,1,3,0,1
4842,28.0,1,0,63,3.0,52000.0,0,1,2,0,0
4843,30.0,0,0,73,4.0,57000.0,0,2,2,0,1
4844,36.0,1,3,161,11.0,135000.0,2,6,4,2,1
4845,27.0,0,0,87,2.0,48000.0,3,1,0,0,0
4846,34.0,1,2,129,9.0,125000.0,2,4,3,0,1
4847,30.0,0,0,94,4.0,57000.0,2,9,2,0,0
4848,32.0,1,0,73,6.0,72000.0,2,6,3,0,1
4849,39.0,0,3,161,13.0,145000.0,4,0,4,2,1
4850,26.0,1,1,82,2.0,31000.0,4,1,0,0,0
4851,33.0,0,2,168,8.0,105000.0,3,8,3,0,1
4852,28.0,1,0,63,3.0,52000.0,1,3,2,0,0
4853,30.0,0,0,73,4.0,57000.0,2,9,2,0,1
4854,36.0,1,3,161,11.0,135000.0,3,9,4,2,1
4855,27.0,0,0,87,2.0,48000.0,1,1,0,0,0
4856,34.0,1,2,129,9.0,125000.0,3,7,3,0,1
4857,30.0,0,0,94,4.0,57000.0,1,3,2,0,0
4858,32.0,1,0,73,6.0,72000.0,3,9,3,0,1
4859,39.0,0,3,161,13.0,145000.0,3,7,4,2,1
4860,26.0,1,1,82,2.0,31000.0,3,1,0,0,0
4861,33.0,0,2,168,8.0,105000.0,0,9,3,0,1
4862,28.0,1,0,63,3.0,52000.0,4,1,2,0,0
4863,30.0,0,0,73,4.0,57000.0,4,9,2,0,1
4864,36.0,1,3,161,11.0,135000.0,3,1,4,2,1
4865,27.0,0,0,87,2.0,48000.0,4,9,0,0,0
4866,34.0,1,2,129,9.0,125000.0,3,1,3,0,1
4867,30.0,0,0,94,4.0,57000.0,3,8,2,0,0
4868,32.0,1,0,73,6.0,72000.0,1,1,3,0,1
4869,39.0,0,3,161,13.0,145000.0,0,9,4,2,1
4870,26.0,1,1,82,2.0,31000.0,0,1,0,0,0
4871,33.0,0,2,168,8.0,105000.0,4,0,3,0,1
4872,28.0,1,0,63,3.0,52000.0,4,9,2,0,0
4873,30.0,0,0,73,4.0,57000.0,1,1,2,0,1
4874,36.0,1,3,161,11.0,135000.0,2,4,4,2,1
4875,27.0,0,0,87,2.0,48000.0,3,7,0,0,0
4876,26.0,1,0,156,5.0,85000.0,1,9,2,0,1
4877,28.0,0,2,96,7.0,110000.0,2,4,3,0,1
4878,34.0,1,3,34,12.0,170000.0,3,8,4,0,1
4879,31.0,1,0,116,9.0,140000.0,0,9,3,0,1
4880,24.0,0,1,115,1.0,30000.0,0,2,0,4,0
4881,29.0,1,0,24,6.0,95000.0,3,1,3,0,1
4882,27.0,0,2,10,4.0,80000.0,2,4,2,0,1
4883,33.0,1,3,116,10.0,155000.0,4,1,3,0,1
4884,21.0,0,1,83,0.0,25000.0,2,9,0,4,0
4885,36.0,1,0,118,11.0,160000.0,2,6,4,2,1
4886,25.0,0,0,96,3.0,65000.0,4,0,2,4,1
4887,30.0,1,2,42,7.0,120000.0,0,2,3,0,1
4888,28.0,0,3,34,6.0,105000.0,3,7,3,0,1
4889,26.0,1,0,156,5.0,85000.0,0,1,2,0,1
4890,28.0,0,2,96,7.0,110000.0,4,9,3,0,1
4891,34.0,1,3,34,12.0,170000.0,2,4,4,0,1
4892,31.0,1,0,116,9.0,140000.0,4,9,3,0,1
4893,24.0,0,1,115,1.0,30000.0,3,8,0,4,0
4894,29.0,1,0,24,6.0,95000.0,0,2,3,0,1
4895,27.0,0,2,10,4.0,80000.0,0,1,2,0,1
4896,33.0,1,3,116,10.0,155000.0,4,1,3,0,1
4897,21.0,0,1,83,0.0,25000.0,4,1,0,4,0
4898,36.0,1,0,118,11.0,160000.0,1,9,4,2,1
4899,25.0,0,0,96,3.0,65000.0,4,5,2,4,1
4900,30.0,1,2,42,7.0,120000.0,1,9,3,0,1
4901,28.0,0,3,34,6.0,105000.0,1,3,3,0,1
4902,26.0,1,0,156,5.0,85000.0,1,3,2,0,1
4903,28.0,0,2,96,7.0,110000.0,3,8,3,0,1
4904,34.0,1,3,34,12.0,170000.0,1,1,4,0,1
4905,31.0,1,0,116,9.0,140000.0,4,9,3,0,1
4906,24.0,0,1,115,1.0,30000.0,1,9,0,4,0
4907,29.0,1,0,24,6.0,95000.0,2,4,3,0,1
4908,27.0,0,2,10,4.0,80000.0,1,3,2,0,1
4909,33.0,1,3,116,10.0,155000.0,1,3,3,0,1
4910,21.0,0,1,83,0.0,25000.0,2,9,0,4,0
4911,36.0,1,0,118,11.0,160000.0,0,9,4,2,1
4912,25.0,0,0,96,3.0,65000.0,1,3,2,4,1
4913,30.0,1,2,42,7.0,120000.0,2,6,3,0,1
4914,28.0,0,3,34,6.0,105000.0,0,9,3,0,1
4915,26.0,1,0,156,5.0,85000.0,1,3,2,0,1
4916,28.0,0,2,96,7.0,110000.0,4,5,3,0,1
4917,34.0,1,3,34,12.0,170000.0,0,2,4,0,1
4918,31.0,1,0,116,9.0,140000.0,2,6,3,0,1
4919,24.0,0,1,115,1.0,30000.0,1,3,0,4,0
4920,29.0,1,0,24,6.0,95000.0,4,9,3,0,1
4921,27.0,0,2,10,4.0,80000.0,3,9,2,0,1
4922,33.0,1,3,116,10.0,155000.0,4,9,3,0,1
4923,21.0,0,1,83,0.0,25000.0,4,0,0,4,0
4924,36.0,1,0,118,11.0,160000.0,2,4,4,2,1
4925,25.0,0,0,96,3.0,65000.0,3,8,2,4,1
4926,30.0,1,2,42,7.0,120000.0,1,3,3,0,1
4927,28.0,0,3,34,6.0,105000.0,1,1,3,0,1
4928,26.0,1,0,156,5.0,85000.0,2,4,2,0,1
4929,28.0,0,2,96,7.0,110000.0,1,3,3,0,1
4930,34.0,1,3,34,12.0,170000.0,3,8,4,0,1
4931,31.0,1,0,116,9.0,140000.0,4,0,3,0,1
4932,24.0,0,1,115,1.0,30000.0,3,1,0,4,0
4933,29.0,1,0,24,6.0,95000.0,0,1,3,0,1
4934,27.0,0,2,10,4.0,80000.0,2,9,2,0,1
4935,33.0,1,3,116,10.0,155000.0,2,6,3,0,1
4936,21.0,0,1,83,0.0,25000.0,4,9,0,4,0
4937,36.0,1,0,118,11.0,160000.0,1,9,4,2,1
4938,25.0,0,0,96,3.0,65000.0,1,9,2,4,1
4939,30.0,1,2,42,7.0,120000.0,0,9,3,0,1
4940,28.0,0,3,34,6.0,105000.0,0,2,3,0,1
4941,26.0,1,0,156,5.0,85000.0,2,6,2,0,1
4942,28.0,0,2,96,7.0,110000.0,3,8,3,0,1
4943,34.0,1,3,34,12.0,170000.0,0,2,4,0,1
4944,31.0,1,0,116,9.0,140000.0,2,9,3,0,1
4945,24.0,0,1,115,1.0,30000.0,1,1,0,4,0
4946,29.0,1,0,24,6.0,95000.0,3,8,3,0,1
4947,27.0,0,2,10,4.0,80000.0,0,9,2,0,1
4948,33.0,1,3,116,10.0,155000.0,4,1,3,0,1
4949,21.0,0,1,83,0.0,25000.0,2,4,0,4,0
4950,36.0,1,0,118,11.0,160000.0,0,1,4,2,1
4951,25.0,0,0,96,3.0,65000.0,3,1,2,4,1
4952,30.0,1,2,42,7.0,120000.0,1,3,3,0,1
4953,28.0,0,3,34,6.0,105000.0,3,9,3,0,1
4954,26.0,1,0,156,5.0,85000.0,4,9,2,0,1
4955,28.0,0,2,96,7.0,110000.0,3,1,3,0,1
4956,34.0,1,3,34,12.0,170000.0,2,6,4,0,1
4957,31.0,1,0,116,9.0,140000.0,4,9,3,0,1
4958,24.0,0,1,115,1.0,30000.0,1,1,0,4,0
4959,29.0,1,0,24,6.0,95000.0,3,7,3,0,1
4960,27.0,0,2,10,4.0,80000.0,4,9,2,0,1
4961,33.0,1,3,116,10.0,155000.0,4,1,3,0,1
4962,21.0,0,1,83,0.0,25000.0,0,9,0,4,0
4963,36.0,1,0,118,11.0,160000.0,3,7,4,2,1
4964,25.0,0,0,96,3.0,65000.0,3,9,2,4,1
4965,30.0,1,2,42,7.0,120000.0,4,0,3,0,1
4966,28.0,0,3,34,6.0,105000.0,3,7,3,0,1
4967,26.0,1,0,156,5.0,85000.0,3,9,2,0,1
4968,28.0,0,2,96,7.0,110000.0,3,7,3,0,1
4969,34.0,1,3,34,12.0,170000.0,3,1,4,0,1
4970,31.0,1,0,116,9.0,140000.0,2,6,3,0,1
4971,24.0,0,1,115,1.0,30000.0,4,9,0,4,0
4972,29.0,1,0,24,6.0,95000.0,2,6,3,0,1
4973,27.0,0,2,10,4.0,80000.0,0,2,2,0,1
4974,33.0,1,3,116,10.0,155000.0,1,3,3,0,1
4975,21.0,0,1,83,0.0,25000.0,1,3,0,4,0
4976,36.0,1,0,118,11.0,160000.0,1,3,4,2,1
4977,25.0,0,0,96,3.0,65000.0,2,6,2,4,1
4978,30.0,1,2,42,7.0,120000.0,2,4,3,0,1
4979,28.0,0,3,34,6.0,105000.0,4,9,3,0,1
4980,26.0,1,0,156,5.0,85000.0,2,9,2,0,1
4981,28.0,0,2,96,7.0,110000.0,4,9,3,0,1
4982,34.0,1,3,34,12.0,170000.0,2,9,4,0,1
4983,31.0,1,0,116,9.0,140000.0,4,1,3,0,1
4984,24.0,0,1,115,1.0,30000.0,3,1,0,4,0
4985,29.0,1,0,24,6.0,95000.0,3,1,3,0,1
4986,27.0,0,2,10,4.0,80000.0,3,1,2,0,1
4987,33.0,1,3,116,10.0,155000.0,4,9,3,0,1
4988,21.0,0,1,83,0.0,25000.0,2,6,0,4,0
4989,36.0,1,0,118,11.0,160000.0,1,9,4,2,1
4990,25.0,0,0,96,3.0,65000.0,0,1,2,4,1
4991,30.0,1,2,42,7.0,120000.0,0,1,3,0,1
4992,28.0,0,3,34,6.0,105000.0,2,4,3,0,1
4993,26.0,1,0,156,5.0,85000.0,3,9,2,0,1
4994,28.0,0,2,96,7.0,110000.0,3,9,3,0,1
4995,34.0,1,3,34,12.0,170000.0,4,9,4,0,1
4996,31.0,1,0,116,9.0,140000.0,3,1,3,0,1
4997,24.0,0,1,115,1.0,30000.0,2,6,0,4,0
4998,29.0,1,0,24,6.0,95000.0,2,9,3,0,1
4999,27.0,0,2,10,4.0,80000.0,3,1,2,0,1
5000,22.0,0,1,115,0.0,25000.0,4,1,0,4,0
5001,45.0,1,0,42,21.0,250000.0,1,3,1,2,1
5002,31.0,0,2,10,8.0,120000.0,1,1,3,0,1
5003,28.0,1,0,24,4.0,80000.0,0,1,2,0,1
5004,29.0,1,0,156,6.0,100000.0,1,3,3,0,1
5005,35.0,0,3,34,12.0,170000.0,1,1,4,0,1
5006,27.0,1,1,120,3.0,50000.0,3,7,2,0,0
5007,33.0,0,0,96,9.0,140000.0,4,1,3,0,1
5008,30.0,1,2,42,7.0,120000.0,0,2,3,0,1
5009,25.0,0,0,96,2.0,55000.0,1,1,0,4,1
5010,26.0,1,0,156,5.0,85000.0,2,6,2,0,1
5011,29.0,0,2,10,4.0,80000.0,3,8,2,0,1
5012,34.0,1,3,34,12.0,170000.0,4,5,4,0,1
5013,31.0,1,0,116,9.0,140000.0,4,0,3,0,1
5014,24.0,0,1,115,1.0,30000.0,4,9,0,4,0
5015,29.0,1,0,24,6.0,95000.0,4,0,3,0,1
5016,27.0,0,2,10,4.0,80000.0,3,9,2,0,1
5017,33.0,1,3,116,10.0,155000.0,3,7,3,0,1
5018,21.0,0,1,83,0.0,25000.0,0,9,0,4,0
5019,36.0,1,0,118,11.0,160000.0,0,1,4,2,1
5020,25.0,0,0,96,3.0,65000.0,3,1,2,4,1
5021,30.0,1,2,42,7.0,120000.0,1,1,3,0,1
5022,28.0,0,3,34,6.0,105000.0,2,9,3,0,1
5023,26.0,1,0,156,5.0,85000.0,2,9,2,0,1
5024,28.0,0,2,96,7.0,110000.0,3,9,3,0,1
5025,34.0,1,3,34,12.0,170000.0,1,1,4,0,1
5026,31.0,1,0,116,9.0,140000.0,4,0,3,0,1
5027,24.0,0,1,115,1.0,30000.0,4,0,0,4,0
5028,29.0,1,0,24,6.0,95000.0,4,5,3,0,1
5029,27.0,0,2,10,4.0,80000.0,1,1,2,0,1
5030,33.0,1,3,116,10.0,155000.0,1,9,3,0,1
5031,21.0,0,1,83,0.0,25000.0,3,9,0,4,0
5032,36.0,1,0,118,11.0,160000.0,3,1,4,2,1
5033,25.0,0,0,96,3.0,65000.0,2,6,2,4,1
5034,30.0,1,2,42,7.0,120000.0,0,1,3,0,1
5035,28.0,0,3,34,6.0,105000.0,0,2,3,0,1
5036,26.0,1,0,156,5.0,85000.0,4,0,2,0,1
5037,28.0,0,2,96,7.0,110000.0,0,2,3,0,1
5038,34.0,1,3,34,12.0,170000.0,2,4,4,0,1
5039,31.0,1,0,116,9.0,140000.0,4,1,3,0,1
5040,24.0,0,1,115,1.0,30000.0,1,3,0,4,0
5041,29.0,1,0,24,6.0,95000.0,0,1,3,0,1
5042,27.0,0,2,10,4.0,80000.0,4,9,2,0,1
5043,33.0,1,3,116,10.0,155000.0,1,9,3,0,1
5044,21.0,0,1,83,0.0,25000.0,0,9,0,4,0
5045,36.0,1,0,118,11.0,160000.0,1,3,4,2,1
5046,25.0,0,0,96,3.0,65000.0,4,1,2,4,1
5047,30.0,1,2,42,7.0,120000.0,2,9,3,0,1
5048,28.0,0,3,34,6.0,105000.0,2,6,3,0,1
5049,26.0,1,0,156,5.0,85000.0,1,9,2,0,1
5050,28.0,0,2,96,7.0,110000.0,4,1,3,0,1
5051,34.0,1,3,34,12.0,170000.0,3,7,4,0,1
5052,31.0,1,0,116,9.0,140000.0,0,9,3,0,1
5053,24.0,0,1,115,1.0,30000.0,2,6,0,4,0
5054,29.0,1,0,24,6.0,95000.0,4,5,3,0,1
5055,27.0,0,2,10,4.0,80000.0,1,1,2,0,1
5056,33.0,1,3,116,10.0,155000.0,4,0,3,0,1
5057,21.0,0,1,83,0.0,25000.0,0,2,0,4,0
5058,36.0,1,0,118,11.0,160000.0,1,9,4,2,1
5059,25.0,0,0,96,3.0,65000.0,4,9,2,4,1
5060,30.0,1,2,42,7.0,120000.0,3,7,3,0,1
5061,28.0,0,3,34,6.0,105000.0,4,1,3,0,1
5062,26.0,1,0,156,5.0,85000.0,0,9,2,0,1
5063,28.0,0,2,96,7.0,110000.0,1,1,3,0,1
5064,34.0,1,3,34,12.0,170000.0,2,6,4,0,1
5065,31.0,1,0,116,9.0,140000.0,0,9,3,0,1
5066,24.0,0,1,115,1.0,30000.0,2,6,0,4,0
5067,29.0,1,0,24,6.0,95000.0,2,9,3,0,1
5068,27.0,0,2,10,4.0,80000.0,3,7,2,0,1
5069,33.0,1,3,116,10.0,155000.0,1,9,3,0,1
5070,21.0,0,1,83,0.0,25000.0,2,6,0,4,0
5071,36.0,1,0,118,11.0,160000.0,4,0,4,2,1
5072,25.0,0,0,96,3.0,65000.0,2,9,2,4,1
5073,30.0,1,2,42,7.0,120000.0,2,9,3,0,1
5074,28.0,0,3,34,6.0,105000.0,0,1,3,0,1
5075,26.0,1,0,156,5.0,85000.0,4,5,2,0,1
5076,28.0,0,2,96,7.0,110000.0,4,9,3,0,1
5077,34.0,1,3,34,12.0,170000.0,1,1,4,0,1
5078,31.0,1,0,116,9.0,140000.0,3,1,3,0,1
5079,24.0,0,1,115,1.0,30000.0,2,4,0,4,0
5080,29.0,1,0,24,6.0,95000.0,4,0,3,0,1
5081,27.0,0,2,10,4.0,80000.0,4,1,2,0,1
5082,33.0,1,3,116,10.0,155000.0,2,9,3,0,1
5083,21.0,0,1,83,0.0,25000.0,4,0,0,4,0
5084,36.0,1,0,118,11.0,160000.0,4,1,4,2,1
5085,25.0,0,0,96,3.0,65000.0,1,3,2,4,1
5086,30.0,1,2,42,7.0,120000.0,4,9,3,0,1
5087,28.0,0,3,34,6.0,105000.0,1,1,3,0,1
5088,26.0,1,0,156,5.0,85000.0,3,8,2,0,1
5089,28.0,0,2,96,7.0,110000.0,2,4,3,0,1
5090,34.0,1,3,34,12.0,170000.0,4,1,4,0,1
5091,31.0,1,0,116,9.0,140000.0,2,4,3,0,1
5092,24.0,0,1,115,1.0,30000.0,1,1,0,4,0
5093,29.0,1,0,24,6.0,95000.0,2,6,3,0,1
5094,27.0,0,2,10,4.0,80000.0,1,1,2,0,1
5095,33.0,1,3,116,10.0,155000.0,2,4,3,0,1
5096,21.0,0,1,83,0.0,25000.0,0,1,0,4,0
5097,36.0,1,0,118,11.0,160000.0,1,1,4,2,1
5098,25.0,0,0,96,3.0,65000.0,0,1,2,4,1
5099,30.0,1,2,42,7.0,120000.0,4,9,3,0,1
5100,28.0,0,3,34,6.0,105000.0,0,1,3,0,1
5101,26.0,1,0,156,5.0,85000.0,4,5,2,0,1
5102,28.0,0,2,96,7.0,110000.0,2,6,3,0,1
5103,34.0,1,3,34,12.0,170000.0,1,3,4,0,1
5104,31.0,1,0,116,9.0,140000.0,2,6,3,0,1
5105,24.0,0,1,115,1.0,30000.0,3,7,0,4,0
5106,29.0,1,0,24,6.0,95000.0,0,1,3,0,1
5107,27.0,0,2,10,4.0,80000.0,0,1,2,0,1
5108,33.0,1,3,116,10.0,155000.0,0,9,3,0,1
5109,21.0,0,1,83,0.0,25000.0,0,2,0,4,0
5110,36.0,1,0,118,11.0,160000.0,1,3,4,2,1
5111,25.0,0,0,96,3.0,65000.0,3,8,2,4,1
5112,30.0,1,2,42,7.0,120000.0,2,6,3,0,1
5113,28.0,0,3,34,6.0,105000.0,4,5,3,0,1
5114,26.0,1,0,156,5.0,85000.0,4,0,2,0,1
5115,28.0,0,2,96,7.0,110000.0,3,7,3,0,1
5116,34.0,1,3,34,12.0,170000.0,0,1,4,0,1
5117,31.0,1,0,116,9.0,140000.0,2,4,3,0,1
5118,24.0,0,1,115,1.0,30000.0,0,9,0,4,0
5119,29.0,1,0,24,6.0,95000.0,0,2,3,0,1
5120,27.0,0,2,10,4.0,80000.0,0,9,2,0,1
5121,33.0,1,3,116,10.0,155000.0,4,0,3,0,1
5122,21.0,0,1,83,0.0,25000.0,2,4,0,4,0
5123,36.0,1,0,118,11.0,160000.0,4,1,4,2,1
5124,23.0,1,0,176,1.0,60000.0,2,9,0,4,0
5125,39.0,0,2,96,12.0,150000.0,1,1,4,2,1
5126,28.0,1,0,41,4.0,80000.0,1,9,2,0,0
5127,31.0,0,3,114,8.0,120000.0,1,9,3,0,0
5128,35.0,1,0,109,10.0,130000.0,1,3,3,0,1
5129,27.0,0,0,45,2.0,50000.0,4,5,0,0,0
5130,42.0,1,2,168,18.0,180000.0,2,6,4,2,1
5131,29.0,0,0,25,3.0,60000.0,1,1,2,0,0
5132,33.0,1,0,96,7.0,110000.0,0,1,3,0,1
5133,24.0,0,1,115,0.0,25000.0,3,9,0,4,0
5134,30.0,1,2,41,6.0,100000.0,3,9,3,0,0
5135,26.0,0,0,173,3.0,55000.0,4,0,2,0,1
5136,32.0,1,3,20,9.0,140000.0,3,1,3,0,0
5137,22.0,0,1,111,0.0,25000.0,3,1,0,4,0
5138,37.0,1,0,106,12.0,150000.0,3,8,4,2,1
5139,38.0,0,2,95,14.0,170000.0,0,9,4,2,1
5140,25.0,1,0,87,1.0,55000.0,0,1,0,4,0
5141,29.0,0,0,94,4.0,65000.0,2,6,2,0,0
5142,27.0,1,0,105,3.0,60000.0,4,0,2,0,0
5143,34.0,0,3,113,10.0,150000.0,0,1,3,0,1
5144,26.0,1,0,93,2.0,50000.0,0,9,0,0,0
5145,31.0,0,2,42,7.0,120000.0,3,7,3,0,1
5146,25.0,1,0,87,1.0,55000.0,2,9,0,4,0
5147,29.0,0,0,94,4.0,65000.0,2,4,2,0,0
5148,27.0,1,0,105,3.0,60000.0,1,3,2,0,0
5149,34.0,0,3,113,10.0,150000.0,4,1,3,0,1
5150,26.0,1,0,93,2.0,50000.0,2,9,0,0,0
5151,31.0,0,2,42,7.0,120000.0,0,2,3,0,1
5152,23.0,1,0,176,1.0,60000.0,0,1,0,4,0
5153,39.0,0,2,96,12.0,150000.0,0,2,4,2,1
5154,28.0,1,0,41,4.0,80000.0,2,9,2,0,0
5155,31.0,0,3,114,8.0,120000.0,1,3,3,0,0
5156,35.0,1,0,109,10.0,130000.0,3,1,3,0,1
5157,27.0,0,0,45,2.0,50000.0,3,1,0,0,0
5158,42.0,1,2,168,18.0,180000.0,3,1,4,2,1
5159,29.0,0,0,25,3.0,60000.0,4,5,2,0,0
5160,33.0,1,0,96,7.0,110000.0,1,1,3,0,1
5161,24.0,0,1,115,0.0,25000.0,1,3,0,4,0
5162,30.0,1,2,41,6.0,100000.0,2,9,3,0,0
5163,26.0,0,0,173,3.0,55000.0,4,0,2,0,1
5164,32.0,1,3,20,9.0,140000.0,4,1,3,0,0
5165,22.0,0,1,111,0.0,25000.0,3,9,0,4,0
5166,37.0,1,0,106,12.0,150000.0,1,1,4,2,1
5167,38.0,0,2,95,14.0,170000.0,1,3,4,2,1
5168,25.0,1,0,87,1.0,55000.0,3,7,0,4,0
5169,29.0,0,0,94,4.0,65000.0,1,3,2,0,0
5170,27.0,1,0,105,3.0,60000.0,2,6,2,0,0
5171,34.0,0,3,113,10.0,150000.0,2,9,3,0,1
5172,26.0,1,0,93,2.0,50000.0,0,2,0,0,0
5173,31.0,0,2,42,7.0,120000.0,1,1,3,0,1
5174,25.0,1,0,87,1.0,55000.0,0,2,0,4,0
5175,29.0,0,0,94,4.0,65000.0,0,9,2,0,0
5176,27.0,1,0,105,3.0,60000.0,4,0,2,0,0
5177,34.0,0,3,113,10.0,150000.0,4,1,3,0,1
5178,26.0,1,0,93,2.0,50000.0,3,9,0,0,0
5179,31.0,0,2,42,7.0,120000.0,0,9,3,0,1
5180,23.0,1,0,176,1.0,60000.0,0,2,0,4,0
5181,39.0,0,2,96,12.0,150000.0,2,4,4,2,1
5182,28.0,1,0,41,4.0,80000.0,2,6,2,0,0
5183,31.0,0,3,114,8.0,120000.0,2,9,3,0,0
5184,35.0,1,0,109,10.0,130000.0,4,9,3,0,1
5185,27.0,0,0,45,2.0,50000.0,2,6,0,0,0
5186,42.0,1,2,168,18.0,180000.0,1,1,4,2,1
5187,29.0,0,0,25,3.0,60000.0,1,1,2,0,0
5188,33.0,1,0,96,7.0,110000.0,1,3,3,0,1
5189,24.0,0,1,115,0.0,25000.0,4,5,0,4,0
5190,30.0,1,2,41,6.0,100000.0,1,3,3,0,0
5191,26.0,0,0,173,3.0,55000.0,0,1,2,0,1
5192,32.0,1,3,20,9.0,140000.0,1,9,3,0,0
5193,22.0,0,1,111,0.0,25000.0,4,9,0,4,0
5194,37.0,1,0,106,12.0,150000.0,4,1,4,2,1
5195,38.0,0,2,95,14.0,170000.0,0,9,4,2,1
5196,25.0,1,0,87,1.0,55000.0,2,4,0,4,0
5197,29.0,0,0,94,4.0,65000.0,1,1,2,0,0
5198,27.0,1,0,105,3.0,60000.0,2,6,2,0,0
5199,34.0,0,3,113,10.0,150000.0,3,8,3,0,1
5200,26.0,1,0,93,2.0,50000.0,3,1,0,0,0
5201,31.0,0,2,42,7.0,120000.0,4,1,3,0,1
5202,25.0,1,0,87,1.0,55000.0,2,4,0,4,0
5203,29.0,0,0,94,4.0,65000.0,2,6,2,0,0
5204,27.0,1,0,105,3.0,60000.0,3,1,2,0,0
5205,34.0,0,3,113,10.0,150000.0,2,6,3,0,1
5206,26.0,1,0,93,2.0,50000.0,3,8,0,0,0
5207,31.0,0,2,42,7.0,120000.0,1,3,3,0,1
5208,23.0,1,0,176,1.0,60000.0,4,5,0,4,0
5209,39.0,0,2,96,12.0,150000.0,3,1,4,2,1
5210,28.0,1,0,41,4.0,80000.0,2,6,2,0,0
5211,31.0,0,3,114,8.0,120000.0,0,1,3,0,0
5212,35.0,1,0,109,10.0,130000.0,2,9,3,0,1
5213,27.0,0,0,45,2.0,50000.0,4,5,0,0,0
5214,42.0,1,2,168,18.0,180000.0,4,1,4,2,1
5215,29.0,0,0,25,3.0,60000.0,3,8,2,0,0
5216,33.0,1,0,96,7.0,110000.0,4,1,3,0,1
5217,24.0,0,1,115,0.0,25000.0,1,9,0,4,0
5218,30.0,1,2,41,6.0,100000.0,0,2,3,0,0
5219,26.0,0,0,173,3.0,55000.0,1,9,2,0,1
5220,32.0,1,3,20,9.0,140000.0,2,4,3,0,0
5221,22.0,0,1,111,0.0,25000.0,1,1,0,4,0
5222,37.0,1,0,106,12.0,150000.0,4,9,4,2,1
5223,38.0,0,2,95,14.0,170000.0,4,5,4,2,1
5224,25.0,1,0,87,1.0,55000.0,4,0,0,4,0
5225,29.0,0,0,94,4.0,65000.0,3,8,2,0,0
5226,27.0,1,0,105,3.0,60000.0,3,8,2,0,0
5227,34.0,0,3,113,10.0,150000.0,3,7,3,0,1
5228,26.0,1,0,93,2.0,50000.0,1,1,0,0,0
5229,31.0,0,2,42,7.0,120000.0,2,9,3,0,1
5230,25.0,1,0,87,1.0,55000.0,2,6,0,4,0
5231,29.0,0,0,94,4.0,65000.0,4,5,2,0,0
5232,27.0,1,0,105,3.0,60000.0,0,2,2,0,0
5233,34.0,0,3,113,10.0,150000.0,4,1,3,0,1
5234,26.0,1,0,93,2.0,50000.0,3,9,0,0,0
5235,31.0,0,2,42,7.0,120000.0,1,3,3,0,1
5236,23.0,1,0,176,1.0,60000.0,2,4,0,4,0
5237,39.0,0,2,96,12.0,150000.0,4,1,4,2,1
5238,28.0,1,0,41,4.0,80000.0,1,3,2,0,0
5239,31.0,0,3,114,8.0,120000.0,1,1,3,0,0
5240,35.0,1,0,109,10.0,130000.0,0,2,3,0,1
5241,27.0,0,0,45,2.0,50000.0,3,1,0,0,0
5242,42.0,1,2,168,18.0,180000.0,3,7,4,2,1
5243,29.0,0,0,25,3.0,60000.0,1,9,2,0,0
5244,33.0,1,0,96,7.0,110000.0,0,1,3,0,1
5245,24.0,0,1,115,0.0,25000.0,1,1,0,4,0
5246,30.0,1,2,41,6.0,100000.0,0,1,3,0,0
5247,26.0,0,0,171,8.094687360095508,115000.0,4,9,3,0,0
5248,28.0,1,0,176,3.0,85000.0,1,1,2,0,0
5249,36.0,0,2,95,11.0,160000.0,2,9,4,2,1
5250,25.0,1,0,41,1.0,55000.0,4,5,0,4,0
5251,29.0,0,3,20,5.0,100000.0,2,6,2,0,0
5252,33.0,1,0,109,8.0,120000.0,1,1,3,0,1
5253,27.0,0,0,45,2.0,50000.0,3,8,0,0,0
5254,43.0,1,2,168,19.0,185000.0,3,8,4,2,1
5255,30.0,0,0,25,4.0,65000.0,0,2,2,0,0
5256,34.0,1,0,96,9.0,130000.0,2,6,3,0,1
5257,25.0,0,1,115,0.0,25000.0,1,9,0,4,0
5258,31.0,1,2,41,6.0,100000.0,2,4,3,0,0
5259,27.0,0,0,173,3.0,55000.0,1,3,2,0,1
5260,33.0,1,3,114,10.0,150000.0,0,9,3,0,0
5261,23.0,0,1,111,0.0,25000.0,0,2,0,4,0
5262,38.0,1,0,106,13.0,160000.0,0,1,4,2,1
5263,39.0,0,2,96,14.0,170000.0,1,3,4,2,1
5264,26.0,1,0,87,1.0,55000.0,0,1,0,0,0
5265,30.0,0,0,94,4.0,65000.0,1,9,2,0,0
5266,28.0,1,0,105,3.0,60000.0,3,9,2,0,0
5267,35.0,0,3,113,11.0,160000.0,3,8,4,0,1
5268,27.0,1,0,93,2.0,50000.0,3,9,0,0,0
5269,32.0,0,2,42,8.0,120000.0,3,8,3,0,1
5270,26.0,1,0,87,1.0,55000.0,2,9,0,0,0
5271,30.0,0,0,94,4.0,65000.0,1,3,2,0,0
5272,28.0,1,0,105,3.0,60000.0,4,0,2,0,0
5273,35.0,0,3,113,11.0,160000.0,1,3,4,0,1
5274,27.0,1,0,93,2.0,50000.0,2,4,0,0,0
5275,32.0,0,2,42,8.0,120000.0,0,2,3,0,1
5276,28.0,1,0,176,3.0,85000.0,3,8,2,0,0
5277,36.0,0,2,95,11.0,160000.0,4,9,4,2,1
5278,25.0,1,0,41,1.0,55000.0,1,9,0,4,0
5279,29.0,0,3,20,5.0,100000.0,4,0,2,0,0
5280,33.0,1,0,109,8.0,120000.0,0,1,3,0,1
5281,27.0,0,0,45,2.0,50000.0,2,4,0,0,0
5282,43.0,1,2,168,19.0,185000.0,3,7,4,2,1
5283,30.0,0,0,25,4.0,65000.0,2,4,2,0,0
5284,34.0,1,0,96,9.0,130000.0,3,1,3,0,1
5285,25.0,0,1,115,0.0,25000.0,0,1,0,4,0
5286,31.0,1,2,41,6.0,100000.0,0,9,3,0,0
5287,27.0,0,0,173,3.0,55000.0,4,5,2,0,1
5288,33.0,1,3,114,10.0,150000.0,2,9,3,0,0
5289,23.0,0,1,111,0.0,25000.0,3,9,0,4,0
5290,38.0,1,0,106,13.0,160000.0,1,1,4,2,1
5291,39.0,0,2,96,14.0,170000.0,0,9,4,2,1
5292,26.0,1,0,87,1.0,55000.0,1,1,0,0,0
5293,30.0,0,0,94,4.0,65000.0,2,6,2,0,0
5294,28.0,1,0,105,3.0,60000.0,3,8,2,0,0
5295,35.0,0,3,113,11.0,160000.0,3,8,4,0,1
5296,27.0,1,0,93,2.0,50000.0,4,5,0,0,0
5297,32.0,0,2,42,8.0,120000.0,0,2,3,0,1
5298,26.0,1,0,87,1.0,55000.0,2,9,0,0,0
5299,30.0,0,0,94,4.0,65000.0,1,9,2,0,0
5300,28.0,1,0,105,3.0,60000.0,3,9,2,0,0
5301,35.0,0,3,113,11.0,160000.0,2,4,4,0,1
5302,27.0,1,0,93,2.0,50000.0,4,1,0,0,0
5303,32.0,0,2,42,8.0,120000.0,3,8,3,0,1
5304,28.0,1,0,176,3.0,85000.0,1,1,2,0,0
5305,36.0,0,2,95,11.0,160000.0,1,3,4,2,1
5306,25.0,1,0,41,1.0,55000.0,4,0,0,4,0
5307,29.0,0,3,20,5.0,100000.0,4,0,2,0,0
5308,33.0,1,0,109,8.0,120000.0,1,9,3,0,1
5309,27.0,0,0,45,2.0,50000.0,1,1,0,0,0
5310,43.0,1,2,168,19.0,185000.0,2,4,4,2,1
5311,30.0,0,0,25,4.0,65000.0,0,2,2,0,0
5312,34.0,1,0,96,9.0,130000.0,1,1,3,0,1
5313,25.0,0,1,115,0.0,25000.0,4,0,0,4,0
5314,31.0,1,2,41,6.0,100000.0,2,4,3,0,0
5315,27.0,0,0,173,3.0,55000.0,2,4,2,0,1
5316,33.0,1,3,114,10.0,150000.0,1,3,3,0,0
5317,23.0,0,1,111,0.0,25000.0,2,9,0,4,0
5318,38.0,1,0,106,13.0,160000.0,0,2,4,2,1
5319,39.0,0,2,96,14.0,170000.0,4,1,4,2,1
5320,26.0,1,0,87,1.0,55000.0,4,9,0,0,0
5321,30.0,0,0,94,4.0,65000.0,3,8,2,0,0
5322,28.0,1,0,105,3.0,60000.0,3,7,2,0,0
5323,35.0,0,3,113,11.0,160000.0,4,0,4,0,1
5324,27.0,1,0,93,2.0,50000.0,3,9,0,0,0
5325,32.0,0,2,42,8.0,120000.0,3,7,3,0,1
5326,26.0,1,0,87,1.0,55000.0,4,5,0,0,0
5327,30.0,0,0,94,4.0,65000.0,0,9,2,0,0
5328,28.0,1,0,105,3.0,60000.0,3,9,2,0,0
5329,35.0,0,3,113,11.0,160000.0,3,8,4,0,1
5330,27.0,1,0,93,2.0,50000.0,0,1,0,0,0
5331,32.0,0,2,42,8.0,120000.0,4,9,3,0,1
5332,28.0,1,0,176,3.0,85000.0,4,1,2,0,0
5333,36.0,0,2,95,11.0,160000.0,2,9,4,2,1
5334,25.0,1,0,41,1.0,55000.0,1,1,0,4,0
5335,29.0,0,3,20,5.0,100000.0,4,5,2,0,0
5336,33.0,1,0,109,8.0,120000.0,4,9,3,0,1
5337,27.0,0,0,45,2.0,50000.0,4,5,0,0,0
5338,43.0,1,2,168,19.0,185000.0,2,9,4,2,1
5339,30.0,0,0,25,4.0,65000.0,2,9,2,0,0
5340,34.0,1,0,96,9.0,130000.0,2,6,3,0,1
5341,25.0,0,1,115,0.0,25000.0,1,3,0,4,0
5342,31.0,1,2,41,6.0,100000.0,0,2,3,0,0
5343,27.0,0,0,173,3.0,55000.0,4,0,2,0,1
5344,33.0,1,3,114,10.0,150000.0,4,9,3,0,0
5345,23.0,0,1,111,0.0,25000.0,2,4,0,4,0
5346,38.0,1,0,106,13.0,160000.0,2,6,4,2,1
5347,39.0,0,2,96,14.0,170000.0,1,3,4,2,1
5348,26.0,1,0,87,1.0,55000.0,3,8,0,0,0
5349,30.0,0,0,94,4.0,65000.0,4,1,2,0,0
5350,28.0,1,0,105,3.0,60000.0,4,1,2,0,0
5351,35.0,0,3,113,11.0,160000.0,0,1,4,0,1
5352,27.0,1,0,93,2.0,50000.0,0,2,0,0,0
5353,32.0,0,2,42,8.0,120000.0,0,9,3,0,1
5354,26.0,1,0,87,1.0,55000.0,0,2,0,0,0
5355,30.0,0,0,94,4.0,65000.0,3,9,2,0,0
5356,28.0,1,0,105,3.0,60000.0,1,3,2,0,0
5357,35.0,0,3,113,11.0,160000.0,1,9,4,0,1
5358,27.0,1,0,93,2.0,50000.0,0,9,0,0,0
5359,32.0,0,2,42,8.0,120000.0,3,7,3,0,1
5360,28.0,1,0,176,3.0,85000.0,1,1,2,0,0
5361,36.0,0,2,95,11.0,160000.0,0,2,4,2,1
5362,25.0,1,0,41,1.0,55000.0,0,1,0,4,0
5363,29.0,0,3,20,5.0,100000.0,4,1,2,0,0
5364,33.0,1,0,109,8.0,120000.0,3,7,3,0,1
5365,27.0,0,0,45,2.0,50000.0,0,9,0,0,0
5366,43.0,1,2,168,19.0,185000.0,1,1,4,2,1
5367,30.0,0,0,25,4.0,65000.0,2,6,2,0,0
5368,34.0,1,0,96,9.0,130000.0,0,1,3,0,1
5369,25.0,0,1,115,0.0,25000.0,4,1,0,4,0
5370,31.0,1,2,41,6.0,100000.0,3,8,3,0,0
5371,27.0,0,0,173,3.0,55000.0,1,3,2,0,1
5372,33.0,1,3,114,10.0,150000.0,2,9,3,0,0
5373,27.0,1,0,176,3.0,85000.0,3,1,2,0,0
5374,35.0,0,2,95,11.0,160000.0,1,1,4,0,1
5375,24.0,1,0,41,1.0,55000.0,3,9,0,4,0
5376,28.0,0,3,20,5.0,100000.0,4,1,2,0,0
5377,32.0,1,0,109,8.0,120000.0,4,0,3,0,1
5378,26.0,0,0,45,2.0,50000.0,4,5,0,0,0
5379,41.0,1,2,168,19.0,185000.0,2,9,4,2,1
5380,29.0,0,0,25,4.0,65000.0,1,9,2,0,0
5381,33.0,1,0,96,9.0,130000.0,4,0,3,0,1
5382,24.0,0,1,115,0.0,25000.0,1,3,0,4,0
5383,30.0,1,2,41,6.0,100000.0,3,8,3,0,0
5384,26.0,0,0,173,3.0,55000.0,4,0,2,0,1
5385,32.0,1,3,114,10.0,150000.0,0,1,3,0,0
5386,22.0,0,1,111,0.0,25000.0,1,3,0,4,0
5387,37.0,1,0,106,13.0,160000.0,3,1,4,2,1
5388,38.0,0,2,96,14.0,170000.0,0,2,4,2,1
5389,27.0,1,0,87,1.0,55000.0,3,1,0,0,0
5390,31.0,0,0,94,4.0,65000.0,0,1,2,0,0
5391,29.0,1,0,105,3.0,60000.0,2,4,2,0,0
5392,34.0,0,3,113,11.0,160000.0,2,6,4,0,1
5393,26.0,1,0,93,2.0,50000.0,1,1,0,0,0
5394,31.0,0,2,42,8.0,120000.0,1,9,3,0,1
5395,27.0,1,0,87,1.0,55000.0,3,1,0,0,0
5396,31.0,0,0,94,4.0,65000.0,4,1,2,0,0
5397,29.0,1,0,105,3.0,60000.0,0,1,2,0,0
5398,34.0,0,3,113,11.0,160000.0,0,9,4,0,1
5399,26.0,1,0,93,2.0,50000.0,2,4,0,0,0
5400,31.0,0,2,42,8.0,120000.0,1,3,3,0,1
5401,27.0,1,0,176,3.0,85000.0,2,9,2,0,0
5402,35.0,0,2,95,11.0,160000.0,2,9,4,0,1
5403,24.0,1,0,41,1.0,55000.0,4,9,0,4,0
5404,28.0,0,3,20,5.0,100000.0,3,1,2,0,0
5405,32.0,1,0,109,8.0,120000.0,0,1,3,0,1
5406,26.0,0,0,45,2.0,50000.0,0,1,0,0,0
5407,41.0,1,2,168,19.0,185000.0,0,9,4,2,1
5408,29.0,0,0,25,4.0,65000.0,2,4,2,0,0
5409,33.0,1,0,96,9.0,130000.0,1,3,3,0,1
5410,24.0,0,1,115,0.0,25000.0,3,1,0,4,0
5411,30.0,1,2,41,6.0,100000.0,0,1,3,0,0
5412,26.0,0,0,173,3.0,55000.0,3,1,2,0,1
5413,32.0,1,3,114,10.0,150000.0,4,5,3,0,0
5414,22.0,0,1,111,0.0,25000.0,3,1,0,4,0
5415,37.0,1,0,106,13.0,160000.0,1,3,4,2,1
5416,38.0,0,2,96,14.0,170000.0,1,1,4,2,1
5417,27.0,1,0,87,1.0,55000.0,2,9,0,0,0
5418,31.0,0,0,94,4.0,65000.0,0,2,2,0,0
5419,29.0,1,0,105,3.0,60000.0,3,8,2,0,0
5420,34.0,0,3,113,11.0,160000.0,2,9,4,0,1
5421,26.0,1,0,93,2.0,50000.0,4,9,0,0,0
5422,31.0,0,2,42,8.0,120000.0,0,1,3,0,1
5423,27.0,1,0,87,1.0,55000.0,2,9,0,0,0
5424,31.0,0,0,94,4.0,65000.0,2,6,2,0,0
5425,29.0,1,0,105,3.0,60000.0,2,4,2,0,0
5426,34.0,0,3,113,11.0,160000.0,0,1,4,0,1
5427,26.0,1,0,93,2.0,50000.0,3,1,0,0,0
5428,31.0,0,2,42,8.0,120000.0,3,9,3,0,1
5429,27.0,1,0,176,3.0,85000.0,2,9,2,0,0
5430,35.0,0,2,95,11.0,160000.0,4,9,4,0,1
5431,24.0,1,0,41,1.0,55000.0,3,9,0,4,0
5432,28.0,0,3,20,5.0,100000.0,2,9,2,0,0
5433,32.0,1,0,109,8.0,120000.0,2,4,3,0,1
5434,26.0,0,0,45,2.0,50000.0,1,3,0,0,0
5435,41.0,1,2,168,19.0,185000.0,1,1,4,2,1
5436,29.0,0,0,25,4.0,65000.0,2,6,2,0,0
5437,33.0,1,0,96,9.0,130000.0,3,1,3,0,1
5438,24.0,0,1,115,0.0,25000.0,1,3,0,4,0
5439,30.0,1,2,41,6.0,100000.0,0,9,3,0,0
5440,26.0,0,0,173,3.0,55000.0,1,9,2,0,1
5441,32.0,1,3,114,10.0,150000.0,4,5,3,0,0
5442,22.0,0,1,111,0.0,25000.0,1,1,0,4,0
5443,37.0,1,0,106,13.0,160000.0,3,7,4,2,1
5444,38.0,0,2,96,14.0,170000.0,0,1,4,2,1
5445,27.0,1,0,87,1.0,55000.0,1,1,0,0,0
5446,31.0,0,0,94,4.0,65000.0,1,1,2,0,0
5447,29.0,1,0,105,3.0,60000.0,0,2,2,0,0
5448,34.0,0,3,113,11.0,160000.0,1,9,4,0,1
5449,26.0,1,0,93,2.0,50000.0,4,5,0,0,0
5450,31.0,0,2,42,8.0,120000.0,0,1,3,0,1
5451,27.0,1,0,87,1.0,55000.0,0,1,0,0,0
5452,31.0,0,0,94,4.0,65000.0,3,1,2,0,0
5453,29.0,1,0,105,3.0,60000.0,3,7,2,0,0
5454,34.0,0,3,113,11.0,160000.0,4,5,4,0,1
5455,26.0,1,0,93,2.0,50000.0,4,1,0,0,0
5456,31.0,0,2,42,8.0,120000.0,0,2,3,0,1
5457,27.0,1,0,176,3.0,85000.0,0,9,2,0,0
5458,35.0,0,2,95,11.0,160000.0,3,9,4,0,1
5459,24.0,1,0,41,1.0,55000.0,3,7,0,4,0
5460,28.0,0,3,20,5.0,100000.0,3,9,2,0,0
5461,32.0,1,0,109,8.0,120000.0,0,9,3,0,1
5462,26.0,0,0,45,2.0,50000.0,0,2,0,0,0
5463,41.0,1,2,168,19.0,185000.0,0,1,4,2,1
5464,29.0,0,0,25,4.0,65000.0,0,2,2,0,0
5465,33.0,1,0,96,9.0,130000.0,1,9,3,0,1
5466,24.0,0,1,115,0.0,25000.0,1,1,0,4,0
5467,30.0,1,2,41,6.0,100000.0,2,6,3,0,0
5468,26.0,0,0,173,3.0,55000.0,2,9,2,0,1
5469,32.0,1,3,114,10.0,150000.0,1,3,3,0,0
5470,22.0,0,1,111,0.0,25000.0,0,2,0,4,0
5471,37.0,1,0,106,13.0,160000.0,3,8,4,2,1
5472,38.0,0,2,96,14.0,170000.0,3,9,4,2,1
5473,27.0,1,0,87,1.0,55000.0,0,1,0,0,0
5474,31.0,0,0,94,4.0,65000.0,2,4,2,0,0
5475,29.0,1,0,105,3.0,60000.0,4,5,2,0,0
5476,34.0,0,3,113,11.0,160000.0,0,2,4,0,1
5477,26.0,1,0,93,2.0,50000.0,3,7,0,0,0
5478,31.0,0,2,42,8.0,120000.0,3,1,3,0,1
5479,27.0,1,0,87,1.0,55000.0,4,0,0,0,0
5480,31.0,0,0,94,4.0,65000.0,4,5,2,0,0
5481,29.0,1,0,105,3.0,60000.0,4,1,2,0,0
5482,34.0,0,3,113,11.0,160000.0,1,3,4,0,1
5483,26.0,1,0,93,2.0,50000.0,3,1,0,0,0
5484,31.0,0,2,42,8.0,120000.0,4,1,3,0,1
5485,27.0,1,0,176,3.0,85000.0,2,4,2,0,0
5486,35.0,0,2,95,11.0,160000.0,1,3,4,0,1
5487,24.0,1,0,41,1.0,55000.0,3,7,0,4,0
5488,28.0,0,3,20,5.0,100000.0,3,9,2,0,0
5489,32.0,1,0,109,8.0,120000.0,0,1,3,0,1
5490,26.0,0,0,45,2.0,50000.0,2,4,0,0,0
5491,41.0,1,2,168,19.0,185000.0,4,5,4,2,1
5492,29.0,0,0,25,4.0,65000.0,1,3,2,0,0
5493,33.0,1,0,96,9.0,130000.0,0,9,3,0,1
5494,24.0,0,1,115,0.0,25000.0,4,9,0,4,0
5495,30.0,1,2,41,6.0,100000.0,4,9,3,0,0
5496,26.0,0,0,172,7.0,100000.0,4,0,3,0,0
5497,31.0,1,0,176,7.0,120000.0,0,9,3,0,0
5498,26.0,0,0,45,2.0,50000.0,4,9,0,0,0
5499,33.0,1,2,96,9.0,130000.0,4,9,3,0,1
5500,29.0,0,1,15,3.0,35000.0,3,8,2,0,0
5501,36.0,1,3,114,13.0,160000.0,3,9,4,2,0
5502,27.0,0,0,94,2.0,50000.0,2,6,0,0,0
5503,31.0,1,0,109,6.0,100000.0,4,9,3,0,1
5504,28.0,0,2,41,4.0,80000.0,3,8,2,0,0
5505,25.0,1,0,176,1.0,60000.0,1,1,0,4,0
5506,30.0,0,0,118,5.0,90000.0,4,1,2,0,1
5507,34.0,1,3,113,11.0,170000.0,3,7,4,0,1
5508,28.0,0,0,93,3.0,60000.0,1,9,2,0,0
5509,32.0,1,0,106,7.0,120000.0,1,3,3,0,1
5510,24.0,0,1,111,0.0,25000.0,0,2,0,4,0
5511,37.0,1,2,95,14.0,180000.0,1,3,4,2,1
5512,39.0,0,0,42,16.0,200000.0,0,1,4,2,1
5513,26.0,1,0,105,2.0,50000.0,0,2,0,0,0
5514,31.0,0,3,20,8.0,140000.0,0,9,3,0,0
5515,29.0,1,0,93,4.0,70000.0,0,9,2,0,0
5516,33.0,0,2,96,9.0,130000.0,2,9,3,0,1
5517,27.0,1,0,176,3.0,80000.0,2,6,2,0,0
5518,36.0,0,3,114,12.0,160000.0,3,7,4,2,0
5519,25.0,1,0,106,1.0,55000.0,4,1,0,4,1
5520,30.0,0,0,94,5.0,85000.0,4,0,2,0,0
5521,34.0,1,3,113,11.0,170000.0,4,1,4,0,1
5522,28.0,0,0,93,3.0,60000.0,1,3,2,0,0
5523,32.0,1,0,106,7.0,120000.0,2,6,3,0,1
5524,24.0,0,1,111,0.0,25000.0,0,1,0,4,0
5525,37.0,1,2,95,14.0,180000.0,0,9,4,2,1
5526,39.0,0,0,42,16.0,200000.0,4,9,4,2,1
5527,26.0,1,0,105,2.0,50000.0,4,1,0,0,0
5528,31.0,0,3,20,8.0,140000.0,2,9,3,0,0
5529,29.0,1,0,93,4.0,70000.0,2,9,2,0,0
5530,33.0,0,2,96,9.0,130000.0,1,3,3,0,1
5531,27.0,1,0,176,3.0,80000.0,4,9,2,0,0
5532,36.0,0,3,114,12.0,160000.0,4,9,4,2,0
5533,25.0,1,0,106,1.0,55000.0,2,6,0,4,1
5534,30.0,0,0,94,5.0,85000.0,1,3,2,0,0
5535,34.0,1,3,113,11.0,170000.0,1,3,4,0,1
5536,28.0,0,0,93,3.0,60000.0,3,7,2,0,0
5537,32.0,1,0,106,7.0,120000.0,2,4,3,0,1
5538,24.0,0,1,111,0.0,25000.0,0,1,0,4,0
5539,37.0,1,2,95,14.0,180000.0,2,4,4,2,1
5540,39.0,0,0,42,16.0,200000.0,2,6,4,2,1
5541,26.0,1,0,105,2.0,50000.0,0,1,0,0,0
5542,31.0,0,3,20,8.0,140000.0,1,3,3,0,0
5543,29.0,1,0,93,4.0,70000.0,3,9,2,0,0
5544,33.0,0,2,96,9.0,130000.0,4,9,3,0,1
5545,27.0,1,0,176,3.0,80000.0,2,9,2,0,0
5546,36.0,0,3,114,12.0,160000.0,2,6,4,2,0
5547,25.0,1,0,106,1.0,55000.0,2,4,0,4,1
5548,30.0,0,0,94,5.0,85000.0,1,9,2,0,0
5549,34.0,1,3,113,11.0,170000.0,2,9,4,0,1
5550,28.0,0,0,93,3.0,60000.0,0,2,2,0,0
5551,32.0,1,0,106,7.0,120000.0,0,9,3,0,1
5552,24.0,0,1,111,0.0,25000.0,2,6,0,4,0
5553,37.0,1,2,95,14.0,180000.0,3,9,4,2,1
5554,39.0,0,0,42,16.0,200000.0,0,9,4,2,1
5555,26.0,1,0,105,2.0,50000.0,0,9,0,0,0
5556,31.0,0,3,20,8.0,140000.0,3,8,3,0,0
5557,29.0,1,0,93,4.0,70000.0,3,9,2,0,0
5558,33.0,0,2,96,9.0,130000.0,2,6,3,0,1
5559,27.0,1,0,176,3.0,80000.0,1,1,2,0,0
5560,36.0,0,3,114,12.0,160000.0,3,9,4,2,0
5561,25.0,1,0,106,1.0,55000.0,2,4,0,4,1
5562,30.0,0,0,94,5.0,85000.0,3,1,2,0,0
5563,34.0,1,3,113,11.0,170000.0,1,9,4,0,1
5564,28.0,0,0,93,3.0,60000.0,4,1,2,0,0
5565,32.0,1,0,106,7.0,120000.0,0,1,3,0,1
5566,24.0,0,1,111,0.0,25000.0,4,1,0,4,0
5567,37.0,1,2,95,14.0,180000.0,2,4,4,2,1
5568,39.0,0,0,42,16.0,200000.0,1,9,4,2,1
5569,26.0,1,0,105,2.0,50000.0,1,3,0,0,0
5570,31.0,0,3,20,8.0,140000.0,0,9,3,0,0
5571,29.0,1,0,93,4.0,70000.0,1,9,2,0,0
5572,33.0,0,2,96,9.0,130000.0,4,0,3,0,1
5573,27.0,1,0,176,3.0,80000.0,4,5,2,0,0
5574,36.0,0,3,114,12.0,160000.0,2,9,4,2,0
5575,25.0,1,0,106,1.0,55000.0,3,1,0,4,1
5576,30.0,0,0,94,5.0,85000.0,2,4,2,0,0
5577,34.0,1,3,113,11.0,170000.0,3,9,4,0,1
5578,28.0,0,0,93,3.0,60000.0,2,4,2,0,0
5579,32.0,1,0,106,7.0,120000.0,0,9,3,0,1
5580,24.0,0,1,111,0.0,25000.0,1,9,0,4,0
5581,37.0,1,2,95,14.0,180000.0,1,3,4,2,1
5582,39.0,0,0,42,16.0,200000.0,1,9,4,2,1
5583,26.0,1,0,105,2.0,50000.0,0,2,0,0,0
5584,31.0,0,3,20,8.0,140000.0,3,7,3,0,0
5585,29.0,1,0,93,4.0,70000.0,4,9,2,0,0
5586,33.0,0,2,96,9.0,130000.0,2,9,3,0,1
5587,27.0,1,0,176,3.0,80000.0,2,6,2,0,0
5588,36.0,0,3,114,12.0,160000.0,1,9,4,2,0
5589,25.0,1,0,106,1.0,55000.0,1,9,0,4,1
5590,30.0,0,0,94,5.0,85000.0,2,6,2,0,0
5591,34.0,1,3,113,11.0,170000.0,2,9,4,0,1
5592,28.0,0,0,93,3.0,60000.0,1,1,2,0,0
5593,32.0,1,0,106,7.0,120000.0,4,9,3,0,1
5594,24.0,0,1,111,0.0,25000.0,3,8,0,4,0
5595,37.0,1,2,95,14.0,180000.0,4,0,4,2,1
5596,39.0,0,0,42,16.0,200000.0,2,4,4,2,1
5597,26.0,1,0,105,2.0,50000.0,3,9,0,0,0
5598,31.0,0,3,20,8.0,140000.0,2,6,3,0,0
5599,29.0,1,0,93,4.0,70000.0,2,6,2,0,0
5600,33.0,0,2,96,9.0,130000.0,1,3,3,0,1
5601,27.0,1,0,176,3.0,80000.0,3,7,2,0,0
5602,36.0,0,3,114,12.0,160000.0,2,6,4,2,0
5603,25.0,1,0,106,1.0,55000.0,1,3,0,4,1
5604,30.0,0,0,94,5.0,85000.0,0,9,2,0,0
5605,34.0,1,3,113,11.0,170000.0,3,8,4,0,1
5606,28.0,0,0,93,3.0,60000.0,3,7,2,0,0
5607,32.0,1,0,106,7.0,120000.0,1,3,3,0,1
5608,24.0,0,1,111,0.0,25000.0,1,1,0,4,0
5609,37.0,1,2,95,14.0,180000.0,1,3,4,2,1
5610,39.0,0,0,42,16.0,200000.0,2,9,4,2,1
5611,26.0,1,0,105,2.0,50000.0,4,5,0,0,0
5612,31.0,0,3,20,8.0,140000.0,2,9,3,0,0
5613,29.0,1,0,93,4.0,70000.0,4,5,2,0,0
5614,33.0,0,2,96,9.0,130000.0,4,5,3,0,1
5615,27.0,1,0,176,3.0,80000.0,4,1,2,0,0
5616,36.0,0,3,114,12.0,160000.0,0,2,4,2,0
5617,25.0,1,0,106,1.0,55000.0,0,1,0,4,1
5618,30.0,0,0,94,5.0,85000.0,1,1,2,0,0
5619,34.0,1,3,113,11.0,170000.0,2,6,4,0,1
5620,28.0,0,0,93,3.0,60000.0,1,1,2,0,0
5621,32.0,1,0,106,7.0,120000.0,2,4,3,0,1
5622,24.0,0,1,111,0.0,25000.0,1,9,0,4,0
5623,37.0,1,2,95,14.0,180000.0,4,0,4,2,1
5624,28.0,0,0,94,3.0,60000.0,3,8,2,0,0
5625,33.0,1,2,176,9.0,120000.0,1,3,3,0,0
5626,26.0,0,0,45,1.0,45000.0,0,2,0,0,0
5627,29.0,1,0,106,5.0,80000.0,0,9,2,0,1
5628,35.0,0,3,114,11.0,150000.0,3,9,4,0,0
5629,27.0,1,0,176,2.0,65000.0,0,9,0,0,0
5630,31.0,0,0,96,7.0,100000.0,3,7,3,0,1
5631,28.0,1,2,41,4.0,90000.0,1,1,2,0,0
5632,24.0,0,0,93,0.0,40000.0,3,9,0,4,0
5633,30.0,1,0,109,6.0,110000.0,0,2,3,0,1
5634,34.0,0,3,113,12.0,170000.0,3,1,4,0,1
5635,27.0,1,0,176,3.0,75000.0,1,9,2,0,0
5636,33.0,0,2,96,8.0,120000.0,4,1,3,0,1
5637,29.0,1,0,93,4.0,70000.0,4,5,2,0,0
5638,25.0,0,1,15,1.0,30000.0,1,9,0,4,0
5639,36.0,1,3,114,13.0,180000.0,2,9,4,2,0
5640,39.0,0,0,42,15.0,200000.0,3,7,4,2,1
5641,26.0,1,0,105,1.0,50000.0,4,9,0,0,0
5642,31.0,0,3,20,8.0,140000.0,4,1,3,0,0
5643,28.0,1,0,93,3.0,65000.0,3,7,2,0,0
5644,32.0,0,0,106,7.0,110000.0,0,2,3,0,1
5645,24.0,1,1,21,0.0,28000.0,3,9,0,4,0
5646,37.0,1,2,95,14.0,190000.0,1,3,4,2,1
5647,39.0,0,0,42,16.0,210000.0,3,7,4,2,1
5648,26.0,1,0,105,2.0,55000.0,2,4,0,0,0
5649,31.0,0,3,20,8.0,140000.0,3,1,3,0,0
5650,29.0,1,0,93,4.0,70000.0,1,3,2,0,0
5651,33.0,0,2,96,9.0,130000.0,3,1,3,0,1
5652,27.0,1,0,176,3.0,80000.0,4,5,2,0,0
5653,36.0,0,3,114,12.0,170000.0,0,2,4,2,0
5654,25.0,1,0,106,1.0,60000.0,4,9,0,4,1
5655,30.0,0,0,94,5.0,90000.0,4,9,2,0,0
5656,34.0,1,3,113,11.0,160000.0,4,5,4,0,1
5657,28.0,0,0,93,3.0,60000.0,2,9,2,0,0
5658,32.0,1,0,106,7.0,120000.0,1,1,3,0,1
5659,24.0,0,1,111,0.0,25000.0,4,5,0,4,0
5660,37.0,1,2,95,14.0,190000.0,2,6,4,2,1
5661,39.0,0,0,42,16.0,200000.0,0,2,4,2,1
5662,26.0,1,0,105,2.0,55000.0,4,5,0,0,0
5663,31.0,0,3,20,8.0,140000.0,3,1,3,0,0
5664,29.0,1,0,93,4.0,70000.0,2,4,2,0,0
5665,33.0,0,2,96,9.0,130000.0,1,3,3,0,1
5666,27.0,1,0,176,3.0,80000.0,0,2,2,0,0
5667,36.0,0,3,114,12.0,170000.0,2,9,4,2,0
5668,25.0,1,0,106,1.0,60000.0,3,9,0,4,1
5669,30.0,0,0,94,5.0,90000.0,1,3,2,0,0
5670,34.0,1,3,113,11.0,160000.0,2,4,4,0,1
5671,28.0,0,0,93,3.0,60000.0,3,8,2,0,0
5672,32.0,1,0,106,7.0,120000.0,2,6,3,0,1
5673,24.0,0,1,111,0.0,25000.0,0,9,0,4,0
5674,37.0,1,2,95,14.0,190000.0,0,9,4,2,1
5675,39.0,0,0,42,16.0,200000.0,4,1,4,2,1
5676,26.0,1,0,105,2.0,55000.0,1,9,0,0,0
5677,31.0,0,3,20,8.0,140000.0,2,4,3,0,0
5678,29.0,1,0,93,4.0,70000.0,1,1,2,0,0
5679,33.0,0,2,96,9.0,130000.0,2,9,3,0,1
5680,27.0,1,0,176,3.0,80000.0,1,3,2,0,0
5681,36.0,0,3,114,12.0,170000.0,3,1,4,2,0
5682,25.0,1,0,106,1.0,60000.0,0,2,0,4,1
5683,30.0,0,0,94,5.0,90000.0,3,1,2,0,0
5684,34.0,1,3,113,11.0,160000.0,1,3,4,0,1
5685,28.0,0,0,93,3.0,60000.0,3,8,2,0,0
5686,32.0,1,0,106,7.0,120000.0,3,7,3,0,1
5687,24.0,0,1,111,0.0,25000.0,1,1,0,4,0
5688,37.0,1,2,95,14.0,190000.0,4,1,4,2,1
5689,39.0,0,0,42,16.0,200000.0,3,9,4,2,1
5690,26.0,1,0,105,2.0,55000.0,2,9,0,0,0
5691,31.0,0,3,20,8.0,140000.0,4,5,3,0,0
5692,29.0,1,0,93,4.0,70000.0,2,4,2,0,0
5693,33.0,0,2,96,9.0,130000.0,4,1,3,0,1
5694,27.0,1,0,176,3.0,80000.0,3,1,2,0,0
5695,36.0,0,3,114,12.0,170000.0,4,0,4,2,0
5696,25.0,1,0,106,1.0,60000.0,4,1,0,4,1
5697,30.0,0,0,94,5.0,90000.0,3,8,2,0,0
5698,34.0,1,3,113,11.0,160000.0,1,3,4,0,1
5699,28.0,0,0,93,3.0,60000.0,0,9,2,0,0
5700,32.0,1,0,106,7.0,120000.0,3,9,3,0,1
5701,24.0,0,1,111,0.0,25000.0,4,0,0,4,0
5702,37.0,1,2,95,14.0,190000.0,1,1,4,2,1
5703,39.0,0,0,42,16.0,200000.0,3,7,4,2,1
5704,26.0,1,0,105,2.0,55000.0,1,3,0,0,0
5705,31.0,0,3,20,8.0,140000.0,1,1,3,0,0
5706,29.0,1,0,93,4.0,70000.0,1,9,2,0,0
5707,33.0,0,2,96,9.0,130000.0,3,7,3,0,1
5708,27.0,1,0,176,3.0,80000.0,3,8,2,0,0
5709,36.0,0,3,114,12.0,170000.0,0,1,4,2,0
5710,25.0,1,0,106,1.0,60000.0,4,0,0,4,1
5711,30.0,0,0,94,5.0,90000.0,1,3,2,0,0
5712,34.0,1,3,113,11.0,160000.0,0,1,4,0,1
5713,28.0,0,0,93,3.0,60000.0,0,9,2,0,0
5714,32.0,1,0,106,7.0,120000.0,2,6,3,0,1
5715,24.0,0,1,111,0.0,25000.0,2,6,0,4,0
5716,37.0,1,2,95,14.0,190000.0,2,6,4,2,1
5717,39.0,0,0,42,16.0,200000.0,1,9,4,2,1
5718,26.0,1,0,105,2.0,55000.0,1,3,0,0,0
5719,31.0,0,3,20,8.0,140000.0,3,9,3,0,0
5720,29.0,1,0,93,4.0,70000.0,1,3,2,0,0
5721,33.0,0,2,96,9.0,130000.0,4,5,3,0,1
5722,27.0,1,0,176,3.0,80000.0,1,9,2,0,0
5723,36.0,0,3,114,12.0,170000.0,3,7,4,2,0
5724,25.0,1,0,106,1.0,60000.0,0,9,0,4,1
5725,30.0,0,0,94,5.0,90000.0,4,1,2,0,0
5726,34.0,1,3,113,11.0,160000.0,1,9,4,0,1
5727,28.0,0,0,93,3.0,60000.0,3,9,2,0,0
5728,32.0,1,0,106,7.0,120000.0,4,0,3,0,1
5729,24.0,0,1,111,0.0,25000.0,3,7,0,4,0
5730,37.0,1,2,95,14.0,190000.0,3,7,4,2,1
5731,39.0,0,0,42,16.0,200000.0,3,1,4,2,1
5732,26.0,1,0,105,2.0,55000.0,1,3,0,0,0
5733,31.0,0,3,20,8.0,140000.0,3,8,3,0,0
5734,29.0,1,0,93,4.0,70000.0,4,1,2,0,0
5735,33.0,0,2,96,9.0,130000.0,3,9,3,0,1
5736,27.0,1,0,176,3.0,80000.0,1,3,2,0,0
5737,36.0,0,3,114,12.0,170000.0,3,8,4,2,0
5738,25.0,1,0,106,1.0,60000.0,4,5,0,4,1
5739,30.0,0,0,94,5.0,90000.0,0,1,2,0,0
5740,34.0,1,3,113,11.0,160000.0,4,5,4,0,1
5741,28.0,0,0,93,3.0,60000.0,4,9,2,0,0
5742,32.0,1,0,106,7.0,120000.0,0,2,3,0,1
5743,24.0,0,1,111,0.0,25000.0,0,1,0,4,0
5744,37.0,1,2,95,14.0,190000.0,0,2,4,2,1
5745,39.0,0,0,42,16.0,200000.0,1,1,4,2,1
5746,26.0,1,0,105,2.0,55000.0,0,2,0,0,0
5747,31.0,0,3,20,8.0,140000.0,4,5,3,0,0
5748,29.0,1,0,93,4.0,70000.0,2,4,2,0,0
5749,33.0,0,2,96,9.0,130000.0,1,3,3,0,1
5750,27.0,1,0,176,3.0,80000.0,4,1,2,0,0
5751,29.0,1,0,176,3.0,75000.0,4,0,2,0,0
5752,32.0,0,2,96,8.0,120000.0,3,8,3,0,1
5753,27.0,1,0,106,2.0,65000.0,4,0,0,0,1
5754,30.0,0,3,20,6.0,100000.0,4,1,3,0,0
5755,36.0,1,0,41,11.0,150000.0,2,4,4,2,0
5756,28.0,0,0,94,3.0,60000.0,0,1,2,0,0
5757,33.0,1,2,176,9.0,120000.0,3,7,3,0,0
5758,26.0,0,0,45,1.0,45000.0,2,4,0,0,0
5759,29.0,1,0,106,5.0,80000.0,3,8,2,0,1
5760,35.0,0,3,114,11.0,150000.0,3,8,4,0,0
5761,27.0,1,0,176,2.0,65000.0,4,5,0,0,0
5762,31.0,0,0,96,7.0,100000.0,2,6,3,0,1
5763,28.0,1,2,41,4.0,90000.0,4,5,2,0,0
5764,24.0,0,0,93,0.0,40000.0,0,2,0,4,0
5765,30.0,1,0,109,6.0,110000.0,4,0,3,0,1
5766,34.0,0,3,113,12.0,170000.0,4,1,4,0,1
5767,27.0,1,0,176,3.0,75000.0,0,1,2,0,0
5768,33.0,0,2,96,8.0,120000.0,3,8,3,0,1
5769,29.0,1,0,93,4.0,70000.0,3,9,2,0,0
5770,25.0,0,1,15,1.0,30000.0,4,1,0,4,0
5771,36.0,1,3,114,13.0,180000.0,1,3,4,2,0
5772,39.0,0,0,42,15.0,200000.0,2,4,4,2,1
5773,26.0,1,0,105,1.0,50000.0,4,9,0,0,0
5774,31.0,0,3,20,8.0,140000.0,4,9,3,0,0
5775,28.0,1,0,93,3.0,65000.0,3,8,2,0,0
5776,32.0,0,0,106,7.0,110000.0,3,7,3,0,1
5777,24.0,1,1,21,0.0,28000.0,0,9,0,4,0
5778,37.0,1,2,95,14.0,190000.0,4,9,4,2,1
5779,39.0,0,0,42,16.0,210000.0,3,7,4,2,1
5780,26.0,1,0,105,2.0,55000.0,1,9,0,0,0
5781,31.0,0,3,20,8.0,140000.0,0,1,3,0,0
5782,29.0,1,0,93,4.0,70000.0,3,1,2,0,0
5783,33.0,0,2,96,9.0,130000.0,0,1,3,0,1
5784,27.0,1,0,176,3.0,80000.0,4,0,2,0,0
5785,36.0,0,3,114,12.0,170000.0,4,1,4,2,0
5786,25.0,1,0,106,1.0,60000.0,3,8,0,4,1
5787,30.0,0,0,94,5.0,90000.0,4,1,2,0,0
5788,34.0,1,3,113,11.0,160000.0,0,1,4,0,1
5789,28.0,0,0,93,3.0,60000.0,0,1,2,0,0
5790,32.0,1,0,106,7.0,120000.0,2,4,3,0,1
5791,24.0,0,1,111,0.0,25000.0,0,2,0,4,0
5792,37.0,1,2,95,14.0,190000.0,0,2,4,2,1
5793,39.0,0,0,42,16.0,200000.0,0,2,4,2,1
5794,26.0,1,0,105,2.0,55000.0,3,1,0,0,0
5795,31.0,0,3,20,8.0,140000.0,3,9,3,0,0
5796,29.0,1,0,93,4.0,70000.0,1,1,2,0,0
5797,33.0,0,2,96,9.0,130000.0,2,6,3,0,1
5798,27.0,1,0,176,3.0,80000.0,3,1,2,0,0
5799,36.0,0,3,114,12.0,170000.0,2,4,4,2,0
5800,25.0,1,0,106,1.0,60000.0,3,9,0,4,1
5801,30.0,0,0,94,5.0,90000.0,1,1,2,0,0
5802,34.0,1,3,113,11.0,160000.0,0,2,4,0,1
5803,28.0,0,0,93,3.0,60000.0,3,9,2,0,0
5804,32.0,1,0,106,7.0,120000.0,1,9,3,0,1
5805,24.0,0,1,111,0.0,25000.0,2,4,0,4,0
5806,37.0,1,2,95,14.0,190000.0,1,3,4,2,1
5807,39.0,0,0,42,16.0,200000.0,3,9,4,2,1
5808,26.0,1,0,105,2.0,55000.0,2,6,0,0,0
5809,31.0,0,3,20,8.0,140000.0,4,9,3,0,0
5810,29.0,1,0,93,4.0,70000.0,2,6,2,0,0
5811,33.0,0,2,96,9.0,130000.0,3,9,3,0,1
5812,27.0,1,0,176,3.0,80000.0,0,1,2,0,0
5813,36.0,0,3,114,12.0,170000.0,2,6,4,2,0
5814,25.0,1,0,106,1.0,60000.0,3,1,0,4,1
5815,30.0,0,0,94,5.0,90000.0,0,9,2,0,0
5816,34.0,1,3,113,11.0,160000.0,3,8,4,0,1
5817,28.0,0,0,93,3.0,60000.0,1,1,2,0,0
5818,32.0,1,0,106,7.0,120000.0,3,9,3,0,1
5819,24.0,0,1,111,0.0,25000.0,2,6,0,4,0
5820,37.0,1,2,95,14.0,190000.0,0,1,4,2,1
5821,39.0,0,0,42,16.0,200000.0,0,2,4,2,1
5822,26.0,1,0,105,2.0,55000.0,2,6,0,0,0
5823,31.0,0,3,20,8.0,140000.0,3,8,3,0,0
5824,29.0,1,0,93,4.0,70000.0,3,1,2,0,0
5825,33.0,0,2,96,9.0,130000.0,4,0,3,0,1
5826,27.0,1,0,176,3.0,80000.0,0,9,2,0,0
5827,36.0,0,3,114,12.0,170000.0,3,9,4,2,0
5828,25.0,1,0,106,1.0,60000.0,2,4,0,4,1
5829,30.0,0,0,94,5.0,90000.0,4,0,2,0,0
5830,34.0,1,3,113,11.0,160000.0,3,7,4,0,1
5831,28.0,0,0,93,3.0,60000.0,4,1,2,0,0
5832,32.0,1,0,106,7.0,120000.0,4,5,3,0,1
5833,24.0,0,1,111,0.0,25000.0,3,8,0,4,0
5834,37.0,1,2,95,14.0,190000.0,2,9,4,2,1
5835,39.0,0,0,42,16.0,200000.0,0,2,4,2,1
5836,26.0,1,0,105,2.0,55000.0,1,1,0,0,0
5837,31.0,0,3,20,8.0,140000.0,3,9,3,0,0
5838,29.0,1,0,93,4.0,70000.0,1,1,2,0,0
5839,33.0,0,2,96,9.0,130000.0,2,9,3,0,1
5840,27.0,1,0,176,3.0,80000.0,2,4,2,0,0
5841,36.0,0,3,114,12.0,170000.0,3,9,4,2,0
5842,25.0,1,0,106,1.0,60000.0,4,0,0,4,1
5843,30.0,0,0,94,5.0,90000.0,4,5,2,0,0
5844,34.0,1,3,113,11.0,160000.0,1,1,4,0,1
5845,28.0,0,0,93,3.0,60000.0,2,4,2,0,0
5846,32.0,1,0,106,7.0,120000.0,4,1,3,0,1
5847,24.0,0,1,111,0.0,25000.0,3,1,0,4,0
5848,37.0,1,2,95,14.0,190000.0,0,2,4,2,1
5849,39.0,0,0,42,16.0,200000.0,3,8,4,2,1
5850,26.0,1,0,105,2.0,55000.0,3,1,0,0,0
5851,31.0,0,3,20,8.0,140000.0,1,3,3,0,0
5852,29.0,1,0,93,4.0,70000.0,4,0,2,0,0
5853,33.0,0,2,96,9.0,130000.0,4,0,3,0,1
5854,27.0,1,0,176,3.0,80000.0,0,2,2,0,0
5855,36.0,0,3,114,12.0,170000.0,2,6,4,2,0
5856,25.0,1,0,106,1.0,60000.0,1,3,0,4,1
5857,30.0,0,0,94,5.0,90000.0,4,5,2,0,0
5858,34.0,1,3,113,11.0,160000.0,1,9,4,0,1
5859,28.0,0,0,93,3.0,60000.0,4,9,2,0,0
5860,32.0,1,0,106,7.0,120000.0,4,9,3,0,1
5861,24.0,0,1,111,0.0,25000.0,3,7,0,4,0
5862,37.0,1,2,95,14.0,190000.0,0,2,4,2,1
5863,39.0,0,0,42,16.0,200000.0,1,1,4,2,1
5864,26.0,1,0,105,2.0,55000.0,3,9,0,0,0
5865,31.0,0,3,20,8.0,140000.0,0,2,3,0,0
5866,29.0,1,0,93,4.0,70000.0,1,1,2,0,0
5867,33.0,0,2,96,9.0,130000.0,4,1,3,0,1
5868,27.0,1,0,176,3.0,80000.0,4,1,2,0,0
5869,36.0,0,3,114,12.0,170000.0,0,9,4,2,0
5870,25.0,1,0,106,1.0,60000.0,0,9,0,4,1
5871,30.0,0,0,94,5.0,90000.0,0,9,2,0,0
5872,34.0,1,3,113,11.0,160000.0,4,1,4,0,1
5873,28.0,0,0,93,3.0,60000.0,2,4,2,0,0
5874,32.0,1,0,106,7.0,120000.0,1,1,3,0,1
5875,24.0,0,1,111,0.0,25000.0,4,5,0,4,0
5876,37.0,1,2,95,14.0,190000.0,4,5,4,2,1
5877,39.0,0,0,42,16.0,200000.0,3,8,4,2,1
5878,27.0,1,3,94,7.0,120000.0,1,3,3,0,0
5879,28.0,0,0,94,3.0,60000.0,3,1,2,0,0
5880,33.0,1,2,176,8.0,120000.0,1,9,3,0,0
5881,27.0,0,0,106,2.0,65000.0,0,9,0,0,1
5882,30.0,1,3,20,6.0,100000.0,3,1,3,0,0
5883,36.0,0,0,41,11.0,150000.0,4,0,4,2,0
5884,29.0,1,0,93,3.0,65000.0,2,9,2,0,0
5885,32.0,0,2,176,9.0,120000.0,0,9,3,0,0
5886,26.0,1,0,45,1.0,45000.0,1,9,0,0,0
5887,29.0,0,0,106,5.0,80000.0,4,1,2,0,1
5888,35.0,1,3,114,11.0,150000.0,3,8,4,0,0
5889,27.0,1,0,176,2.0,65000.0,4,1,0,0,0
5890,31.0,0,0,96,7.0,100000.0,3,1,3,0,1
5891,28.0,1,2,41,4.0,90000.0,1,3,2,0,0
5892,24.0,0,0,93,0.0,40000.0,2,6,0,4,0
5893,30.0,1,0,109,6.0,110000.0,0,1,3,0,1
5894,34.0,0,3,113,12.0,170000.0,2,4,4,0,1
5895,27.0,1,0,176,3.0,75000.0,1,1,2,0,0
5896,33.0,0,2,96,8.0,120000.0,2,6,3,0,1
5897,29.0,1,0,93,4.0,70000.0,3,8,2,0,0
5898,25.0,0,1,15,1.0,30000.0,3,7,0,4,0
5899,36.0,1,3,114,13.0,180000.0,1,1,4,2,0
5900,39.0,0,0,42,15.0,200000.0,0,9,4,2,1
5901,26.0,1,0,105,1.0,50000.0,1,9,0,0,0
5902,31.0,0,3,20,8.0,140000.0,4,5,3,0,0
5903,28.0,1,0,93,3.0,65000.0,3,7,2,0,0
5904,32.0,0,0,106,7.0,110000.0,3,1,3,0,1
5905,24.0,1,1,21,0.0,28000.0,0,2,0,4,0
5906,37.0,1,2,95,14.0,190000.0,2,9,4,2,1
5907,39.0,0,0,42,16.0,210000.0,0,2,4,2,1
5908,26.0,1,0,105,2.0,55000.0,2,4,0,0,0
5909,31.0,0,3,20,8.0,140000.0,2,4,3,0,0
5910,29.0,1,0,93,4.0,70000.0,0,1,2,0,0
5911,33.0,0,2,96,9.0,130000.0,4,9,3,0,1
5912,27.0,1,0,176,3.0,80000.0,0,9,2,0,0
5913,36.0,0,3,114,12.0,170000.0,2,9,4,2,0
5914,25.0,1,0,106,1.0,60000.0,4,5,0,4,1
5915,30.0,0,0,94,5.0,90000.0,0,1,2,0,0
5916,34.0,1,3,113,11.0,160000.0,2,9,4,0,1
5917,28.0,0,0,93,3.0,60000.0,0,1,2,0,0
5918,32.0,1,0,106,7.0,120000.0,0,9,3,0,1
5919,24.0,0,1,111,0.0,25000.0,2,4,0,4,0
5920,37.0,1,2,95,14.0,190000.0,4,5,4,2,1
5921,39.0,0,0,42,16.0,200000.0,3,8,4,2,1
5922,26.0,1,0,105,2.0,55000.0,3,7,0,0,0
5923,31.0,0,3,20,8.0,140000.0,4,0,3,0,0
5924,29.0,1,0,93,4.0,70000.0,0,2,2,0,0
5925,33.0,0,2,96,9.0,130000.0,3,1,3,0,1
5926,27.0,1,0,176,3.0,80000.0,0,1,2,0,0
5927,36.0,0,3,114,12.0,170000.0,1,3,4,2,0
5928,25.0,1,0,106,1.0,60000.0,2,6,0,4,1
5929,30.0,0,0,94,5.0,90000.0,2,6,2,0,0
5930,34.0,1,3,113,11.0,160000.0,0,1,4,0,1
5931,28.0,0,0,93,3.0,60000.0,3,8,2,0,0
5932,32.0,1,0,106,7.0,120000.0,1,9,3,0,1
5933,24.0,0,1,111,0.0,25000.0,4,0,0,4,0
5934,37.0,1,2,95,14.0,190000.0,3,9,4,2,1
5935,39.0,0,0,42,16.0,200000.0,2,6,4,2,1
5936,26.0,1,0,105,2.0,55000.0,4,0,0,0,0
5937,31.0,0,3,20,8.0,140000.0,4,9,3,0,0
5938,29.0,1,0,93,4.0,70000.0,0,1,2,0,0
5939,33.0,0,2,96,9.0,130000.0,2,6,3,0,1
5940,27.0,1,0,176,3.0,80000.0,2,4,2,0,0
5941,36.0,0,3,114,12.0,170000.0,1,3,4,2,0
5942,25.0,1,0,106,1.0,60000.0,1,3,0,4,1
5943,30.0,0,0,94,5.0,90000.0,1,3,2,0,0
5944,34.0,1,3,113,11.0,160000.0,2,4,4,0,1
5945,28.0,0,0,93,3.0,60000.0,2,6,2,0,0
5946,32.0,1,0,106,7.0,120000.0,1,9,3,0,1
5947,24.0,0,1,111,0.0,25000.0,1,9,0,4,0
5948,37.0,1,2,95,14.0,190000.0,0,2,4,2,1
5949,39.0,0,0,42,16.0,200000.0,3,7,4,2,1
5950,26.0,1,0,105,2.0,55000.0,3,7,0,0,0
5951,31.0,0,3,20,8.0,140000.0,3,7,3,0,0
5952,29.0,1,0,93,4.0,70000.0,0,9,2,0,0
5953,33.0,0,2,96,9.0,130000.0,0,9,3,0,1
5954,27.0,1,0,176,3.0,80000.0,4,1,2,0,0
5955,36.0,0,3,114,12.0,170000.0,4,0,4,2,0
5956,25.0,1,0,106,1.0,60000.0,1,1,0,4,1
5957,30.0,0,0,94,5.0,90000.0,1,3,2,0,0
5958,34.0,1,3,113,11.0,160000.0,1,1,4,0,1
5959,28.0,0,0,93,3.0,60000.0,0,2,2,0,0
5960,32.0,1,0,106,7.0,120000.0,3,7,3,0,1
5961,24.0,0,1,111,0.0,25000.0,4,9,0,4,0
5962,37.0,1,2,95,14.0,190000.0,0,9,4,2,1
5963,39.0,0,0,42,16.0,200000.0,4,9,4,2,1
5964,26.0,1,0,105,2.0,55000.0,4,9,0,0,0
5965,31.0,0,3,20,8.0,140000.0,0,1,3,0,0
5966,29.0,1,0,93,4.0,70000.0,3,7,2,0,0
5967,33.0,0,2,96,9.0,130000.0,0,1,3,0,1
5968,27.0,1,0,176,3.0,80000.0,3,1,2,0,0
5969,36.0,0,3,114,12.0,170000.0,1,9,4,2,0
5970,25.0,1,0,106,1.0,60000.0,1,3,0,4,1
5971,30.0,0,0,94,5.0,90000.0,2,9,2,0,0
5972,34.0,1,3,113,11.0,160000.0,4,9,4,0,1
5973,28.0,0,0,93,3.0,60000.0,0,2,2,0,0
5974,32.0,1,0,106,7.0,120000.0,2,4,3,0,1
5975,24.0,0,1,111,0.0,25000.0,2,4,0,4,0
5976,37.0,1,2,95,14.0,190000.0,2,9,4,2,1
5977,39.0,0,0,42,16.0,200000.0,3,9,4,2,1
5978,26.0,1,0,105,2.0,55000.0,2,9,0,0,0
5979,31.0,0,3,20,8.0,140000.0,3,1,3,0,0
5980,29.0,1,0,93,4.0,70000.0,1,9,2,0,0
5981,33.0,0,2,96,9.0,130000.0,2,9,3,0,1
5982,27.0,1,0,176,3.0,80000.0,1,3,2,0,0
5983,36.0,0,3,114,12.0,170000.0,1,1,4,2,0
5984,25.0,1,0,106,1.0,60000.0,4,0,0,4,1
5985,30.0,0,0,94,5.0,90000.0,3,1,2,0,0
5986,34.0,1,3,113,11.0,160000.0,1,9,4,0,1
5987,28.0,0,0,93,3.0,60000.0,1,1,2,0,0
5988,32.0,1,0,106,7.0,120000.0,1,1,3,0,1
5989,24.0,0,1,111,0.0,25000.0,1,9,0,4,0
5990,37.0,1,2,95,14.0,190000.0,1,1,4,2,1
5991,39.0,0,0,42,16.0,200000.0,0,2,4,2,1
5992,26.0,1,0,105,2.0,55000.0,1,1,0,0,0
5993,31.0,0,3,20,8.0,140000.0,0,9,3,0,0
5994,29.0,1,0,93,4.0,70000.0,1,1,2,0,0
5995,33.0,0,2,96,9.0,130000.0,3,8,3,0,1
5996,27.0,1,0,176,3.0,80000.0,0,1,2,0,0
5997,36.0,0,3,114,12.0,170000.0,1,3,4,2,0
5998,25.0,1,0,106,1.0,60000.0,4,0,0,4,1
5999,30.0,0,0,94,5.0,90000.0,0,1,2,0,0
6000,34.0,1,3,113,11.0,160000.0,3,1,4,0,1
6001,28.0,0,0,93,3.0,60000.0,2,4,2,0,0
6002,32.0,1,0,106,7.0,120000.0,0,2,3,0,1
6003,24.0,0,1,111,0.0,25000.0,4,5,0,4,0
6004,37.0,1,2,95,14.0,190000.0,2,6,4,2,1
6005,39.0,0,0,42,16.0,200000.0,3,1,4,2,1
6006,29.0,0,0,94,4.0,65000.0,3,1,2,0,0
6007,34.0,1,2,176,9.0,125000.0,4,0,3,0,0
6008,28.0,0,0,106,3.0,70000.0,1,1,2,0,1
6009,31.0,1,3,20,7.0,110000.0,1,9,3,0,0
6010,37.0,0,0,41,12.0,160000.0,3,1,4,2,0
6011,30.0,1,0,93,4.0,75000.0,2,9,2,0,0
6012,33.0,0,2,176,8.0,120000.0,3,7,3,0,0
6013,27.0,1,0,45,2.0,50000.0,0,2,0,0,0
6014,30.0,0,0,106,5.0,85000.0,4,9,2,0,1
6015,36.0,1,3,114,11.0,155000.0,1,9,4,2,0
6016,28.0,1,0,176,3.0,70000.0,3,9,2,0,0
6017,32.0,0,0,96,8.0,115000.0,3,9,3,0,1
6018,29.0,1,2,41,5.0,95000.0,4,0,2,0,0
6019,25.0,0,0,93,0.0,40000.0,1,1,0,4,0
6020,31.0,1,0,109,6.0,115000.0,0,2,3,0,1
6021,35.0,0,3,113,12.0,175000.0,1,3,4,0,1
6022,28.0,1,0,176,3.0,70000.0,1,9,2,0,0
6023,33.0,0,2,96,9.0,135000.0,0,2,3,0,1
6024,29.0,1,0,93,4.0,75000.0,1,3,2,0,0
6025,25.0,0,1,15,1.0,30000.0,3,7,0,4,0
6026,36.0,1,3,114,13.0,185000.0,3,7,4,2,0
6027,40.0,0,0,42,15.0,210000.0,0,2,4,2,1
6028,27.0,1,0,105,1.0,45000.0,2,9,0,0,0
6029,32.0,0,3,20,9.0,145000.0,4,5,3,0,0
6030,28.0,1,0,93,3.0,70000.0,3,8,2,0,0
6031,32.0,0,0,106,7.0,120000.0,2,4,3,0,1
6032,24.0,1,1,21,0.0,28000.0,1,1,0,4,0
6033,38.0,1,2,95,14.0,195000.0,4,9,4,2,1
6034,40.0,0,0,42,16.0,215000.0,2,9,4,2,1
6035,27.0,1,0,105,2.0,55000.0,0,1,0,0,0
6036,32.0,0,3,20,9.0,145000.0,2,9,3,0,0
6037,29.0,1,0,93,4.0,75000.0,3,9,2,0,0
6038,33.0,0,2,96,9.0,135000.0,2,4,3,0,1
6039,27.0,1,0,176,3.0,80000.0,1,3,2,0,0
6040,36.0,0,3,114,13.0,185000.0,0,1,4,2,0
6041,25.0,1,0,106,1.0,60000.0,2,4,0,4,1
6042,30.0,0,0,94,5.0,95000.0,2,6,2,0,0
6043,34.0,1,3,113,12.0,170000.0,1,3,4,0,1
6044,28.0,0,0,93,3.0,65000.0,2,9,2,0,0
6045,32.0,1,0,106,7.0,120000.0,1,9,3,0,1
6046,24.0,0,1,111,0.0,25000.0,1,9,0,4,0
6047,38.0,1,2,95,14.0,195000.0,1,3,4,2,1
6048,40.0,0,0,42,16.0,215000.0,2,6,4,2,1
6049,27.0,1,0,105,2.0,55000.0,2,9,0,0,0
6050,32.0,0,3,20,9.0,145000.0,3,9,3,0,0
6051,29.0,1,0,93,4.0,75000.0,4,0,2,0,0
6052,33.0,0,2,96,9.0,135000.0,4,1,3,0,1
6053,27.0,1,0,176,3.0,80000.0,1,9,2,0,0
6054,36.0,0,3,114,13.0,185000.0,0,9,4,2,0
6055,25.0,1,0,106,1.0,60000.0,0,1,0,4,1
6056,30.0,0,0,94,5.0,95000.0,4,1,2,0,0
6057,34.0,1,3,113,12.0,170000.0,3,8,4,0,1
6058,28.0,0,0,93,3.0,65000.0,4,1,2,0,0
6059,32.0,1,0,106,7.0,120000.0,1,3,3,0,1
6060,24.0,0,1,111,0.0,25000.0,3,8,0,4,0
6061,38.0,1,2,95,14.0,195000.0,2,4,4,2,1
6062,40.0,0,0,42,16.0,215000.0,0,9,4,2,1
6063,27.0,1,0,105,2.0,55000.0,3,9,0,0,0
6064,32.0,0,3,20,9.0,145000.0,4,1,3,0,0
6065,29.0,1,0,93,4.0,75000.0,4,5,2,0,0
6066,33.0,0,2,96,9.0,135000.0,0,9,3,0,1
6067,27.0,1,0,176,3.0,80000.0,1,3,2,0,0
6068,36.0,0,3,114,13.0,185000.0,4,0,4,2,0
6069,25.0,1,0,106,1.0,60000.0,3,9,0,4,1
6070,30.0,0,0,94,5.0,95000.0,0,2,2,0,0
6071,34.0,1,3,113,12.0,170000.0,1,1,4,0,1
6072,28.0,0,0,93,3.0,65000.0,3,8,2,0,0
6073,32.0,1,0,106,7.0,120000.0,4,5,3,0,1
6074,24.0,0,1,111,0.0,25000.0,4,5,0,4,0
6075,38.0,1,2,95,14.0,195000.0,0,2,4,2,1
6076,40.0,0,0,42,16.0,215000.0,0,2,4,2,1
6077,27.0,1,0,105,2.0,55000.0,1,3,0,0,0
6078,32.0,0,3,20,9.0,145000.0,1,1,3,0,0
6079,29.0,1,0,93,4.0,75000.0,2,4,2,0,0
6080,33.0,0,2,96,9.0,135000.0,2,9,3,0,1
6081,27.0,1,0,176,3.0,80000.0,4,0,2,0,0
6082,36.0,0,3,114,13.0,185000.0,0,1,4,2,0
6083,25.0,1,0,106,1.0,60000.0,2,6,0,4,1
6084,30.0,0,0,94,5.0,95000.0,3,9,2,0,0
6085,34.0,1,3,113,12.0,170000.0,0,9,4,0,1
6086,28.0,0,0,93,3.0,65000.0,3,9,2,0,0
6087,32.0,1,0,106,7.0,120000.0,2,4,3,0,1
6088,24.0,0,1,111,0.0,25000.0,1,9,0,4,0
6089,38.0,1,2,95,14.0,195000.0,3,1,4,2,1
6090,40.0,0,0,42,16.0,215000.0,2,4,4,2,1
6091,27.0,1,0,105,2.0,55000.0,4,0,0,0,0
6092,32.0,0,3,20,9.0,145000.0,0,9,3,0,0
6093,29.0,1,0,93,4.0,75000.0,3,9,2,0,0
6094,33.0,0,2,96,9.0,135000.0,0,1,3,0,1
6095,27.0,1,0,176,3.0,80000.0,0,1,2,0,0
6096,36.0,0,3,114,13.0,185000.0,2,4,4,2,0
6097,25.0,1,0,106,1.0,60000.0,2,4,0,4,1
6098,30.0,0,0,94,5.0,95000.0,4,1,2,0,0
6099,34.0,1,3,113,12.0,170000.0,2,6,4,0,1
6100,28.0,0,0,93,3.0,65000.0,4,0,2,0,0
6101,32.0,1,0,106,7.0,120000.0,2,6,3,0,1
6102,24.0,0,1,111,0.0,25000.0,0,9,0,4,0
6103,38.0,1,2,95,14.0,195000.0,4,1,4,2,1
6104,40.0,0,0,42,16.0,215000.0,3,9,4,2,1
6105,27.0,1,0,105,2.0,55000.0,4,0,0,0,0
6106,32.0,0,3,20,9.0,145000.0,1,9,3,0,0
6107,29.0,1,0,93,4.0,75000.0,4,5,2,0,0
6108,33.0,0,2,96,9.0,135000.0,2,6,3,0,1
6109,27.0,1,0,176,3.0,80000.0,3,8,2,0,0
6110,36.0,0,3,114,13.0,185000.0,0,2,4,2,0
6111,25.0,1,0,106,1.0,60000.0,3,8,0,4,1
6112,30.0,0,0,94,5.0,95000.0,4,9,2,0,0
6113,34.0,1,3,113,12.0,170000.0,4,1,4,0,1
6114,28.0,0,0,93,3.0,65000.0,3,8,2,0,0
6115,32.0,1,0,106,7.0,120000.0,3,7,3,0,1
6116,24.0,0,1,111,0.0,25000.0,4,1,0,4,0
6117,38.0,1,2,95,14.0,195000.0,4,9,4,2,1
6118,40.0,0,0,42,16.0,215000.0,2,9,4,2,1
6119,27.0,1,0,105,2.0,55000.0,4,5,0,0,0
6120,32.0,0,3,20,9.0,145000.0,2,9,3,0,0
6121,29.0,1,0,93,4.0,75000.0,3,7,2,0,0
6122,33.0,0,2,96,9.0,135000.0,3,9,3,0,1
6123,27.0,1,0,176,3.0,80000.0,0,1,2,0,0
6124,36.0,0,3,114,13.0,185000.0,1,9,4,2,0
6125,25.0,1,0,106,1.0,60000.0,1,1,0,4,1
6126,30.0,0,0,94,5.0,95000.0,2,9,2,0,0
6127,34.0,1,3,113,12.0,170000.0,0,1,4,0,1
6128,28.0,0,0,93,3.0,65000.0,2,9,2,0,0
6129,32.0,1,0,106,7.0,120000.0,0,1,3,0,1
6130,24.0,0,1,111,0.0,25000.0,2,4,0,4,0
6131,38.0,1,2,95,14.0,195000.0,2,4,4,2,1
6132,40.0,0,0,42,16.0,215000.0,2,9,4,2,1
6133,26.0,0,2,176,2.0,75000.0,2,6,0,0,0
6134,39.0,1,3,114,14.0,185000.0,3,9,4,2,0
6135,32.0,0,0,96,7.0,120000.0,1,9,3,0,1
6136,28.0,1,0,45,3.0,60000.0,1,1,2,0,0
6137,35.0,0,2,20,10.0,145000.0,3,1,3,0,0
6138,29.0,1,0,93,4.0,75000.0,2,4,2,0,0
6139,33.0,0,2,106,8.0,135000.0,4,5,3,0,1
6140,27.0,1,0,176,2.0,70000.0,0,2,0,0,0
6141,36.0,0,3,113,12.0,175000.0,2,6,4,2,1
6142,24.0,1,1,21,0.0,28000.0,0,9,0,4,0
6143,38.0,1,2,95,14.0,195000.0,1,1,4,2,1
6144,40.0,0,0,42,16.0,215000.0,1,3,4,2,1
6145,27.0,1,0,105,2.0,55000.0,2,6,0,0,0
6146,32.0,0,3,20,9.0,145000.0,1,3,3,0,0
6147,29.0,1,0,93,4.0,75000.0,4,9,2,0,0
6148,33.0,0,2,96,9.0,135000.0,0,2,3,0,1
6149,27.0,1,0,176,3.0,80000.0,2,4,2,0,0
6150,36.0,0,3,114,13.0,185000.0,3,1,4,2,0
6151,25.0,1,0,106,1.0,60000.0,2,6,0,4,1
6152,30.0,0,0,94,5.0,95000.0,3,8,2,0,0
6153,34.0,1,3,113,12.0,170000.0,3,8,4,0,1
6154,28.0,0,0,93,3.0,65000.0,3,9,2,0,0
6155,32.0,1,0,106,7.0,120000.0,0,1,3,0,1
6156,24.0,0,1,111,0.0,25000.0,4,9,0,4,0
6157,38.0,1,2,95,14.0,195000.0,3,9,4,2,1
6158,40.0,0,0,42,16.0,215000.0,4,5,4,2,1
6159,27.0,1,0,105,2.0,55000.0,3,7,0,0,0
6160,32.0,0,3,20,9.0,145000.0,1,1,3,0,0
6161,29.0,1,0,93,4.0,75000.0,0,2,2,0,0
6162,33.0,0,2,96,9.0,135000.0,1,1,3,0,1
6163,27.0,1,0,176,3.0,80000.0,0,2,2,0,0
6164,36.0,0,3,114,13.0,185000.0,2,9,4,2,0
6165,25.0,1,0,106,1.0,60000.0,1,1,0,4,1
6166,30.0,0,0,94,5.0,95000.0,2,4,2,0,0
6167,34.0,1,3,113,12.0,170000.0,3,1,4,0,1
6168,28.0,0,0,93,3.0,65000.0,4,0,2,0,0
6169,32.0,1,0,106,7.0,120000.0,3,7,3,0,1
6170,24.0,0,1,111,0.0,25000.0,2,6,0,4,0
6171,38.0,1,2,95,14.0,195000.0,3,9,4,2,1
6172,40.0,0,0,42,16.0,215000.0,0,9,4,2,1
6173,27.0,1,0,105,2.0,55000.0,1,3,0,0,0
6174,32.0,0,3,20,9.0,145000.0,4,9,3,0,0
6175,29.0,1,0,93,4.0,75000.0,2,9,2,0,0
6176,33.0,0,2,96,9.0,135000.0,1,9,3,0,1
6177,27.0,1,0,176,3.0,80000.0,1,3,2,0,0
6178,36.0,0,3,114,13.0,185000.0,0,2,4,2,0
6179,25.0,1,0,106,1.0,60000.0,3,1,0,4,1
6180,30.0,0,0,94,5.0,95000.0,0,9,2,0,0
6181,34.0,1,3,113,12.0,170000.0,0,9,4,0,1
6182,28.0,0,0,93,3.0,65000.0,1,9,2,0,0
6183,32.0,1,0,106,7.0,120000.0,4,5,3,0,1
6184,24.0,0,1,111,0.0,25000.0,0,1,0,4,0
6185,38.0,1,2,95,14.0,195000.0,1,9,4,2,1
6186,40.0,0,0,42,16.0,215000.0,2,9,4,2,1
6187,27.0,1,0,105,2.0,55000.0,1,9,0,0,0
6188,32.0,0,3,20,9.0,145000.0,3,9,3,0,0
6189,29.0,1,0,93,4.0,75000.0,1,1,2,0,0
6190,33.0,0,2,96,9.0,135000.0,3,8,3,0,1
6191,27.0,1,0,176,3.0,80000.0,4,1,2,0,0
6192,36.0,0,3,114,13.0,185000.0,4,1,4,2,0
6193,25.0,1,0,106,1.0,60000.0,4,0,0,4,1
6194,30.0,0,0,94,5.0,95000.0,2,4,2,0,0
6195,34.0,1,3,113,12.0,170000.0,2,6,4,0,1
6196,28.0,0,0,93,3.0,65000.0,3,1,2,0,0
6197,32.0,1,0,106,7.0,120000.0,4,1,3,0,1
6198,24.0,0,1,111,0.0,25000.0,2,9,0,4,0
6199,38.0,1,2,95,14.0,195000.0,4,0,4,2,1
6200,40.0,0,0,42,16.0,215000.0,1,9,4,2,1
6201,27.0,1,0,105,2.0,55000.0,2,6,0,0,0
6202,32.0,0,3,20,9.0,145000.0,2,6,3,0,0
6203,29.0,1,0,93,4.0,75000.0,1,1,2,0,0
6204,33.0,0,2,96,9.0,135000.0,0,2,3,0,1
6205,27.0,1,0,176,3.0,80000.0,2,6,2,0,0
6206,36.0,0,3,114,13.0,185000.0,0,2,4,2,0
6207,25.0,1,0,106,1.0,60000.0,3,1,0,4,1
6208,30.0,0,0,94,5.0,95000.0,4,5,2,0,0
6209,34.0,1,3,113,12.0,170000.0,3,7,4,0,1
6210,28.0,0,0,93,3.0,65000.0,3,7,2,0,0
6211,32.0,1,0,106,7.0,120000.0,1,9,3,0,1
6212,24.0,0,1,111,0.0,25000.0,0,2,0,4,0
6213,38.0,1,2,95,14.0,195000.0,2,4,4,2,1
6214,40.0,0,0,42,16.0,215000.0,2,9,4,2,1
6215,27.0,1,0,105,2.0,55000.0,2,9,0,0,0
6216,32.0,0,3,20,9.0,145000.0,2,9,3,0,0
6217,29.0,1,0,93,4.0,75000.0,3,7,2,0,0
6218,33.0,0,2,96,9.0,135000.0,2,6,3,0,1
6219,27.0,1,0,176,3.0,80000.0,0,9,2,0,0
6220,36.0,0,3,114,13.0,185000.0,0,9,4,2,0
6221,25.0,1,0,106,1.0,60000.0,3,7,0,4,1
6222,30.0,0,0,94,5.0,95000.0,2,6,2,0,0
6223,34.0,1,3,113,12.0,170000.0,3,1,4,0,1
6224,28.0,0,0,93,3.0,65000.0,3,8,2,0,0
6225,32.0,1,0,106,7.0,120000.0,1,1,3,0,1
6226,24.0,0,1,111,0.0,25000.0,0,9,0,4,0
6227,38.0,1,2,95,14.0,195000.0,4,1,4,2,1
6228,40.0,0,0,42,16.0,215000.0,0,9,4,2,1
6229,27.0,1,0,105,2.0,55000.0,2,4,0,0,0
6230,32.0,0,3,20,9.0,145000.0,3,1,3,0,0
6231,29.0,1,0,93,4.0,75000.0,4,9,2,0,0
6232,33.0,0,2,96,9.0,135000.0,1,3,3,0,1
6233,27.0,1,0,176,3.0,80000.0,0,1,2,0,0
6234,36.0,0,3,114,13.0,185000.0,4,1,4,2,0
6235,25.0,1,0,106,1.0,60000.0,1,3,0,4,1
6236,30.0,0,0,94,5.0,95000.0,3,8,2,0,0
6237,34.0,1,3,113,12.0,170000.0,0,2,4,0,1
6238,28.0,0,0,93,3.0,65000.0,4,5,2,0,0
6239,32.0,1,0,106,7.0,120000.0,0,1,3,0,1
6240,24.0,0,1,111,0.0,25000.0,3,8,0,4,0
6241,38.0,1,2,95,14.0,195000.0,1,1,4,2,1
6242,40.0,0,0,42,16.0,215000.0,1,9,4,2,1
6243,27.0,1,0,105,2.0,55000.0,2,6,0,0,0
6244,32.0,0,3,20,9.0,145000.0,4,1,3,0,0
6245,29.0,1,0,93,4.0,75000.0,3,8,2,0,0
6246,33.0,0,2,96,9.0,135000.0,2,6,3,0,1
6247,27.0,1,0,176,3.0,80000.0,3,7,2,0,0
6248,36.0,0,3,114,13.0,185000.0,2,6,4,2,0
6249,25.0,1,0,106,1.0,60000.0,0,9,0,4,1
6250,30.0,0,0,94,5.0,95000.0,3,9,2,0,0
6251,34.0,1,3,113,12.0,170000.0,1,9,4,0,1
6252,28.0,0,0,93,3.0,65000.0,0,9,2,0,0
6253,32.0,1,0,106,7.0,120000.0,0,2,3,0,1
6254,24.0,0,1,111,0.0,25000.0,0,1,0,4,0
6255,38.0,1,2,95,14.0,195000.0,4,1,4,2,1
6256,40.0,0,0,42,16.0,215000.0,2,9,4,2,1
6257,27.0,1,0,105,2.0,55000.0,2,4,0,0,0
6258,32.0,0,3,20,9.0,145000.0,0,9,3,0,0
6259,29.0,1,0,93,4.0,75000.0,2,4,2,0,0
6260,29.0,1,0,115,2.0,45000.0,4,5,0,0,0
6261,45.0,0,2,118,8.0,80000.0,1,3,3,2,1
6262,37.0,1,3,96,7.0,90000.0,3,7,3,2,1
6263,23.0,0,1,117,1.0,35000.0,2,6,0,4,0
6264,41.0,1,0,42,12.0,120000.0,2,6,4,2,1
6265,26.0,0,0,24,4.0,60000.0,1,3,2,0,1
6266,33.0,1,2,10,5.0,70000.0,1,1,2,0,1
6267,28.0,0,1,120,3.0,40000.0,2,6,2,0,0
6268,50.0,1,3,156,15.0,150000.0,3,7,4,3,1
6269,35.0,0,0,83,2.0,35000.0,4,1,0,0,0
6270,42.0,1,2,34,13.0,130000.0,1,1,4,2,1
6271,27.0,0,0,115,1.0,35000.0,0,9,0,0,0
6272,48.0,1,3,116,18.0,180000.0,4,1,4,3,1
6273,31.0,0,1,42,4.0,60000.0,0,2,2,0,1
6274,36.0,1,0,118,6.0,75000.0,3,7,3,2,1
6275,25.0,0,2,24,3.0,50000.0,3,7,2,4,1
6276,39.0,1,3,96,10.0,100000.0,2,4,3,2,1
6277,30.0,0,1,117,2.0,40000.0,1,1,0,0,0
6278,44.0,1,0,10,11.0,110000.0,4,9,4,2,1
6279,29.0,0,2,120,4.0,55000.0,2,6,2,0,0
6280,47.0,1,3,156,17.0,170000.0,1,9,4,3,1
6281,32.0,0,0,83,3.0,40000.0,0,1,2,0,0
6282,38.0,1,2,34,9.0,95000.0,0,1,3,2,1
6283,24.0,0,1,115,1.0,35000.0,2,9,0,4,0
6284,40.0,1,3,116,14.0,140000.0,3,8,4,2,1
6285,34.0,0,0,42,5.0,70000.0,2,9,2,0,1
6286,26.0,1,2,24,3.0,50000.0,3,7,2,0,1
6287,31.0,0,3,96,6.0,75000.0,3,7,3,0,1
6288,27.0,1,1,117,2.0,40000.0,3,8,0,0,0
6289,43.0,0,0,10,12.0,120000.0,0,9,4,2,1
6290,28.0,1,2,120,2.0,40000.0,4,1,0,0,0
6291,46.0,0,3,156,16.0,160000.0,4,5,4,3,1
6292,33.0,1,0,83,4.0,55000.0,4,9,2,0,0
6293,39.0,0,2,34,10.0,100000.0,3,9,3,2,1
6294,25.0,1,1,115,1.0,35000.0,2,9,0,4,0
6295,41.0,0,0,118,8.0,80000.0,2,4,3,2,1
6296,35.0,1,3,96,7.0,90000.0,3,9,3,0,1
6297,23.0,0,0,117,1.0,35000.0,3,1,0,4,0
6298,42.0,1,2,42,13.0,130000.0,1,3,4,2,1
6299,26.0,0,0,24,4.0,60000.0,1,1,2,0,1
6300,32.0,1,2,10,5.0,70000.0,3,8,2,0,1
6301,27.0,0,1,120,3.0,40000.0,1,9,2,0,0
6302,50.0,1,3,156,15.0,150000.0,0,9,4,3,1
6303,36.0,0,0,83,2.0,35000.0,4,5,0,2,0
6304,48.0,1,2,34,18.0,180000.0,2,6,4,3,1
6305,31.0,0,1,115,2.0,40000.0,0,1,0,0,0
6306,29.0,1,0,116,6.0,75000.0,0,9,3,0,1
6307,45.0,0,3,42,12.0,120000.0,0,2,4,2,1
6308,25.0,1,2,24,3.0,50000.0,3,9,2,4,1
6309,37.0,0,0,96,7.0,90000.0,1,3,3,2,1
6310,23.0,1,1,117,1.0,35000.0,1,1,0,4,0
6311,41.0,0,0,10,11.0,110000.0,0,1,4,2,1
6312,26.0,1,2,120,3.0,45000.0,3,8,2,0,0
6313,33.0,0,3,156,5.0,70000.0,2,9,2,0,1
6314,28.0,1,0,83,1.0,30000.0,4,0,0,0,0
6315,42.0,0,2,34,13.0,130000.0,3,8,4,2,1
6316,27.0,1,1,42,4.0,60000.0,1,9,2,0,1
6317,50.0,0,0,118,15.0,150000.0,2,4,4,3,1
6318,35.0,1,3,96,8.0,80000.0,2,6,3,0,1
6319,24.0,0,0,117,1.0,35000.0,2,4,0,4,0
6320,46.0,1,2,10,16.0,160000.0,4,9,4,3,1
6321,29.0,0,1,120,2.0,40000.0,2,9,0,0,0
6322,47.0,1,3,156,17.0,170000.0,2,9,4,3,1
6323,31.0,0,0,83,3.0,40000.0,4,5,2,0,0
6324,38.0,1,2,34,9.0,95000.0,0,2,3,2,1
6325,25.0,0,1,115,1.0,35000.0,0,1,0,4,0
6326,39.0,1,0,116,10.0,100000.0,0,1,3,2,1
6327,33.0,0,3,42,5.0,70000.0,1,9,2,0,1
6328,27.0,1,2,24,3.0,50000.0,0,2,2,0,1
6329,43.0,0,0,96,12.0,120000.0,0,2,4,2,1
6330,28.0,1,1,117,2.0,40000.0,1,1,0,0,0
6331,31.0,1,0,115,3.0,50000.0,2,6,2,0,0
6332,46.0,0,2,96,14.0,140000.0,2,6,4,3,1
6333,27.0,1,1,117,2.0,40000.0,3,1,0,0,0
6334,38.0,0,0,42,10.0,100000.0,3,1,3,2,1
6335,24.0,1,3,24,1.0,30000.0,2,9,0,4,1
6336,33.0,0,2,10,6.0,75000.0,4,5,3,0,1
6337,29.0,1,1,120,2.0,40000.0,2,4,0,0,0
6338,50.0,0,0,118,18.0,180000.0,1,3,4,3,1
6339,35.0,1,3,156,8.0,80000.0,3,8,3,0,1
6340,23.0,0,0,117,1.0,35000.0,2,4,0,4,0
6341,41.0,1,2,34,12.0,120000.0,1,3,4,2,1
6342,26.0,0,1,42,3.0,45000.0,4,0,2,0,1
6343,32.0,1,0,116,7.0,90000.0,1,3,3,0,1
6344,27.0,0,3,96,4.0,55000.0,1,3,2,0,1
6345,43.0,1,2,10,16.0,160000.0,0,1,4,2,1
6346,28.0,0,0,120,2.0,40000.0,4,0,0,0,0
6347,47.0,1,3,156,17.0,170000.0,2,6,4,3,1
6348,31.0,0,1,83,3.0,40000.0,3,1,2,0,0
6349,38.0,1,2,34,9.0,95000.0,1,1,3,2,1
6350,25.0,0,1,115,1.0,35000.0,0,1,0,4,0
6351,39.0,1,0,118,11.0,110000.0,1,9,4,2,1
6352,33.0,0,3,42,6.0,75000.0,2,4,3,0,1
6353,27.0,1,2,24,3.0,50000.0,2,9,2,0,1
6354,43.0,0,0,96,12.0,120000.0,1,1,4,2,1
6355,28.0,1,1,117,2.0,40000.0,3,8,0,0,0
6356,50.0,0,2,10,15.0,150000.0,2,6,4,3,1
6357,36.0,1,0,120,5.0,70000.0,3,8,2,2,0
6358,48.0,0,3,156,19.0,190000.0,1,9,4,3,1
6359,31.0,1,1,83,3.0,40000.0,2,4,2,0,0
6360,29.0,0,0,116,6.0,75000.0,2,4,3,0,1
6361,45.0,1,2,34,14.0,140000.0,2,4,4,2,1
6362,25.0,0,1,115,1.0,35000.0,1,9,0,4,0
6363,41.0,1,0,42,12.0,120000.0,4,9,4,2,1
6364,35.0,0,3,96,8.0,80000.0,1,9,3,0,1
6365,23.0,1,0,117,1.0,35000.0,2,9,0,4,0
6366,42.0,0,2,118,13.0,130000.0,1,3,4,2,1
6367,26.0,1,1,24,2.0,40000.0,0,2,0,0,1
6368,32.0,0,0,10,7.0,90000.0,1,9,3,0,1
6369,27.0,1,3,120,4.0,55000.0,4,5,2,0,0
6370,50.0,0,2,156,18.0,180000.0,0,1,4,3,1
6371,36.0,1,0,83,3.0,45000.0,0,1,2,2,0
6372,48.0,0,3,34,19.0,190000.0,2,9,4,3,1
6373,31.0,1,1,115,3.0,50000.0,0,1,2,0,0
6374,29.0,0,0,42,4.0,55000.0,3,7,2,0,1
6375,45.0,1,2,96,13.0,130000.0,3,1,4,2,1
6376,25.0,0,1,117,1.0,35000.0,4,0,0,4,0
6377,41.0,1,0,10,12.0,120000.0,2,6,4,2,1
6378,35.0,0,3,156,9.0,95000.0,2,9,3,0,1
6379,23.0,1,0,120,1.0,35000.0,0,2,0,4,0
6380,42.0,0,2,24,14.0,140000.0,3,1,4,2,1
6381,26.0,1,1,118,2.0,40000.0,2,6,0,0,1
6382,32.0,0,0,34,8.0,80000.0,0,2,3,0,1
6383,27.0,1,3,96,4.0,55000.0,0,1,2,0,1
6384,50.0,0,2,10,19.0,190000.0,2,9,4,3,1
6385,36.0,1,0,116,6.0,75000.0,1,9,3,2,1
6386,48.0,0,3,156,17.0,170000.0,2,6,4,3,1
6387,31.0,1,1,115,3.0,50000.0,2,4,2,0,0
6388,29.0,0,0,42,4.0,55000.0,0,9,2,0,1
6389,45.0,1,2,96,13.0,130000.0,1,9,4,2,1
6390,25.0,0,1,117,1.0,35000.0,2,4,0,4,0
6391,41.0,1,0,10,12.0,120000.0,1,1,4,2,1
6392,35.0,0,3,156,9.0,95000.0,4,9,3,0,1
6393,23.0,1,0,120,1.0,35000.0,2,4,0,4,0
6394,42.0,0,2,24,14.0,140000.0,2,9,4,2,1
6395,26.0,1,1,118,2.0,40000.0,1,1,0,0,1
6396,32.0,0,0,34,8.0,80000.0,3,1,3,0,1
6397,27.0,1,3,96,4.0,55000.0,2,4,2,0,1
6398,50.0,0,2,10,19.0,190000.0,1,3,4,3,1
6399,36.0,1,0,116,6.0,75000.0,2,4,3,2,1
6400,48.0,0,3,156,17.0,170000.0,2,9,4,3,1
6401,31.0,1,1,115,3.0,50000.0,1,9,2,0,0
6402,29.0,0,0,42,4.0,55000.0,4,5,2,0,1
6403,45.0,1,2,96,13.0,130000.0,4,5,4,2,1
6404,25.0,0,1,117,1.0,35000.0,1,1,0,4,0
6405,41.0,1,0,10,12.0,120000.0,2,4,4,2,1
6406,35.0,0,3,156,9.0,95000.0,1,3,3,0,1
6407,23.0,1,0,120,1.0,35000.0,4,9,0,4,0
6408,42.0,0,2,24,14.0,140000.0,4,5,4,2,1
6409,26.0,1,1,118,2.0,40000.0,2,6,0,0,1
6410,32.0,0,0,34,8.0,80000.0,1,1,3,0,1
6411,27.0,1,3,96,4.0,55000.0,4,0,2,0,1
6412,50.0,0,2,10,19.0,190000.0,3,8,4,3,1
6413,36.0,1,0,116,6.0,75000.0,4,9,3,2,1
6414,48.0,0,3,156,17.0,170000.0,0,9,4,3,1
6415,31.0,1,1,115,3.0,50000.0,3,1,2,0,0
6416,29.0,0,0,42,4.0,55000.0,3,9,2,0,1
6417,45.0,1,2,96,13.0,130000.0,1,1,4,2,1
6418,25.0,0,1,117,1.0,35000.0,0,2,0,4,0
6419,41.0,1,0,10,12.0,120000.0,4,0,4,2,1
6420,35.0,0,3,156,9.0,95000.0,1,1,3,0,1
6421,23.0,1,0,120,1.0,35000.0,4,9,0,4,0
6422,42.0,0,2,24,14.0,140000.0,1,9,4,2,1
6423,26.0,1,1,118,2.0,40000.0,2,6,0,0,1
6424,32.0,0,0,34,8.0,80000.0,3,7,3,0,1
6425,27.0,1,3,96,4.0,55000.0,3,7,2,0,1
6426,50.0,0,2,10,19.0,190000.0,1,1,4,3,1
6427,36.0,1,0,116,6.0,75000.0,2,9,3,2,1
6428,48.0,0,3,156,17.0,170000.0,1,3,4,3,1
6429,31.0,1,1,115,3.0,50000.0,0,1,2,0,0
6430,29.0,0,0,42,4.0,55000.0,3,1,2,0,1
6431,45.0,1,2,96,13.0,130000.0,1,3,4,2,1
6432,25.0,0,1,117,1.0,35000.0,1,1,0,4,0
6433,41.0,1,0,10,12.0,120000.0,1,3,4,2,1
6434,35.0,0,3,156,9.0,95000.0,3,9,3,0,1
6435,23.0,1,0,120,1.0,35000.0,0,1,0,4,0
6436,42.0,0,2,24,14.0,140000.0,0,9,4,2,1
6437,26.0,1,1,118,2.0,40000.0,0,2,0,0,1
6438,32.0,0,0,34,8.0,80000.0,4,5,3,0,1
6439,27.0,1,3,96,4.0,55000.0,1,1,2,0,1
6440,50.0,0,2,10,19.0,190000.0,3,8,4,3,1
6441,36.0,1,0,116,6.0,75000.0,4,5,3,2,1
6442,48.0,0,3,156,17.0,170000.0,1,1,4,3,1
6443,31.0,1,1,115,3.0,50000.0,0,2,2,0,0
6444,29.0,0,0,42,4.0,55000.0,3,7,2,0,1
6445,45.0,1,2,96,13.0,130000.0,0,2,4,2,1
6446,25.0,0,1,117,1.0,35000.0,3,9,0,4,0
6447,41.0,1,0,10,12.0,120000.0,3,7,4,2,1
6448,35.0,0,3,156,9.0,95000.0,3,8,3,0,1
6449,23.0,1,0,120,1.0,35000.0,3,9,0,4,0
6450,42.0,0,2,24,14.0,140000.0,4,1,4,2,1
6451,26.0,1,1,118,2.0,40000.0,4,9,0,0,1
6452,32.0,0,0,34,8.0,80000.0,4,5,3,0,1
6453,27.0,1,3,96,4.0,55000.0,3,1,2,0,1
6454,50.0,0,2,10,19.0,190000.0,0,9,4,3,1
6455,36.0,1,0,116,6.0,115000.0,1,9,3,2,1
6456,37.0,1,2,96,11.0,110000.0,0,2,4,2,1
6457,26.0,0,0,120,2.0,40000.0,4,0,0,0,0
6458,42.0,1,3,10,15.0,150000.0,2,9,4,2,1
6459,33.0,0,1,117,4.0,55000.0,0,9,2,0,0
6460,29.0,1,0,118,5.0,70000.0,2,6,2,0,1
6461,45.0,0,2,34,16.0,160000.0,4,0,4,2,1
6462,24.0,1,1,115,1.0,35000.0,0,2,0,4,0
6463,39.0,0,0,42,10.0,100000.0,0,2,3,2,1
6464,31.0,1,3,156,7.0,90000.0,2,6,3,0,1
6465,27.0,0,2,24,3.0,50000.0,0,1,2,0,1
6466,43.0,1,0,10,14.0,140000.0,2,9,4,2,1
6467,28.0,0,1,120,2.0,40000.0,2,9,0,0,0
6468,50.0,1,3,96,18.0,180000.0,1,3,4,3,1
6469,35.0,0,0,117,7.0,90000.0,4,0,3,0,0
6470,23.0,1,0,118,1.0,35000.0,0,9,0,4,1
6471,41.0,0,2,34,12.0,120000.0,2,6,4,2,1
6472,26.0,1,1,42,3.0,45000.0,2,6,2,0,1
6473,32.0,0,0,116,8.0,80000.0,0,2,3,0,1
6474,27.0,1,3,96,4.0,55000.0,1,9,2,0,1
6475,50.0,0,2,10,18.0,180000.0,0,2,4,3,1
6476,36.0,1,0,120,6.0,75000.0,0,1,3,2,0
6477,48.0,0,3,156,19.0,190000.0,2,4,4,3,1
6478,31.0,1,1,83,3.0,40000.0,0,9,2,0,0
6479,29.0,0,0,116,5.0,70000.0,2,4,2,0,1
6480,45.0,1,2,34,15.0,150000.0,4,5,4,2,1
6481,25.0,0,1,115,1.0,35000.0,0,2,0,4,0
6482,41.0,1,0,42,12.0,120000.0,0,9,4,2,1
6483,35.0,0,3,96,8.0,80000.0,1,1,3,0,1
6484,23.0,1,0,117,1.0,35000.0,2,9,0,4,0
6485,42.0,0,2,118,13.0,130000.0,1,3,4,2,1
6486,26.0,1,1,24,2.0,40000.0,1,1,0,0,1
6487,32.0,0,0,10,7.0,90000.0,2,9,3,0,1
6488,27.0,1,3,120,4.0,55000.0,1,3,2,0,0
6489,50.0,0,2,156,18.0,180000.0,3,8,4,3,1
6490,36.0,1,0,83,3.0,45000.0,0,2,2,2,0
6491,48.0,0,3,34,19.0,190000.0,1,1,4,3,1
6492,31.0,1,1,115,3.0,50000.0,0,9,2,0,0
6493,29.0,0,0,42,4.0,55000.0,4,9,2,0,1
6494,45.0,1,2,96,13.0,130000.0,4,0,4,2,1
6495,25.0,0,1,117,1.0,35000.0,4,5,0,4,0
6496,41.0,1,0,10,12.0,120000.0,1,9,4,2,1
6497,35.0,0,3,156,9.0,95000.0,2,4,3,0,1
6498,23.0,1,0,120,1.0,35000.0,0,1,0,4,0
6499,42.0,0,2,24,14.0,140000.0,4,0,4,2,1
6500,26.0,1,1,118,2.0,40000.0,0,2,0,0,1
6501,32.0,0,0,34,8.0,80000.0,3,7,3,0,1
6502,27.0,1,3,96,4.0,55000.0,1,9,2,0,1
6503,50.0,0,2,10,19.0,190000.0,2,4,4,3,1
6504,36.0,1,0,116,6.0,75000.0,1,9,3,2,1
6505,48.0,0,3,156,17.0,170000.0,2,4,4,3,1
6506,31.0,1,1,115,3.0,50000.0,0,9,2,0,0
6507,29.0,0,0,42,4.0,55000.0,4,0,2,0,1
6508,45.0,1,2,96,13.0,130000.0,0,2,4,2,1
6509,25.0,0,1,117,1.0,35000.0,0,1,0,4,0
6510,41.0,1,0,10,12.0,120000.0,4,0,4,2,1
6511,35.0,0,3,156,9.0,95000.0,4,5,3,0,1
6512,23.0,1,0,120,1.0,35000.0,4,5,0,4,0
6513,42.0,0,2,24,14.0,140000.0,4,0,4,2,1
6514,26.0,1,1,118,2.0,40000.0,3,8,0,0,1
6515,32.0,0,0,34,8.0,80000.0,2,4,3,0,1
6516,27.0,1,3,96,4.0,55000.0,3,8,2,0,1
6517,50.0,0,2,10,19.0,190000.0,4,9,4,3,1
6518,36.0,1,0,116,6.0,75000.0,3,8,3,2,1
6519,48.0,0,3,156,17.0,170000.0,0,2,4,3,1
6520,31.0,1,1,115,3.0,50000.0,1,1,2,0,0
6521,29.0,0,0,42,4.0,55000.0,2,6,2,0,1
6522,45.0,1,2,96,13.0,130000.0,1,1,4,2,1
6523,25.0,0,1,117,1.0,35000.0,3,7,0,4,0
6524,41.0,1,0,10,12.0,120000.0,1,3,4,2,1
6525,35.0,0,3,156,9.0,95000.0,0,9,3,0,1
6526,23.0,1,0,120,1.0,35000.0,4,0,0,4,0
6527,42.0,0,2,24,14.0,140000.0,2,9,4,2,1
6528,26.0,1,1,118,2.0,40000.0,2,4,0,0,1
6529,32.0,0,0,34,8.0,80000.0,1,9,3,0,1
6530,27.0,1,3,96,4.0,55000.0,0,9,2,0,1
6531,50.0,0,2,10,19.0,190000.0,1,9,4,3,1
6532,36.0,1,0,116,6.0,75000.0,0,9,3,2,1
6533,48.0,0,3,156,17.0,170000.0,1,9,4,3,1
6534,31.0,1,1,115,3.0,50000.0,3,9,2,0,0
6535,29.0,0,0,42,4.0,55000.0,0,1,2,0,1
6536,45.0,1,2,96,13.0,130000.0,4,9,4,2,1
6537,25.0,0,1,117,1.0,35000.0,3,7,0,4,0
6538,41.0,1,0,10,12.0,120000.0,3,8,4,2,1
6539,35.0,0,3,156,9.0,95000.0,2,6,3,0,1
6540,23.0,1,0,120,1.0,35000.0,3,7,0,4,0
6541,42.0,0,2,24,14.0,140000.0,0,9,4,2,1
6542,26.0,1,1,118,2.0,40000.0,2,9,0,0,1
6543,32.0,0,0,34,8.0,80000.0,1,1,3,0,1
6544,27.0,1,3,96,4.0,55000.0,2,6,2,0,1
6545,50.0,0,2,10,19.0,190000.0,1,9,4,3,1
6546,36.0,1,0,116,6.0,75000.0,0,9,3,2,1
6547,48.0,0,3,156,17.0,170000.0,4,0,4,3,1
6548,31.0,1,1,115,3.0,50000.0,2,9,2,0,0
6549,29.0,0,0,42,4.0,55000.0,2,4,2,0,1
6550,45.0,1,2,96,13.0,130000.0,1,9,4,2,1
6551,25.0,0,1,117,1.0,35000.0,1,3,0,4,0
6552,41.0,1,0,10,12.0,120000.0,4,9,4,2,1
6553,35.0,0,3,156,9.0,95000.0,4,9,3,0,1
6554,23.0,1,0,120,1.0,35000.0,1,3,0,4,0
6555,42.0,0,2,24,14.0,140000.0,2,9,4,2,1
6556,26.0,1,1,118,2.0,40000.0,2,6,0,0,1
6557,32.0,0,0,34,8.0,80000.0,0,2,3,0,1
6558,27.0,1,3,96,4.0,55000.0,4,5,2,0,1
6559,50.0,0,2,10,19.0,190000.0,2,4,4,3,1
6560,36.0,1,0,116,6.0,75000.0,4,1,3,2,1
6561,48.0,0,3,156,17.0,170000.0,3,9,4,3,1
6562,31.0,1,1,115,3.0,50000.0,4,9,2,0,0
6563,29.0,0,0,42,4.0,55000.0,1,3,2,0,1
6564,45.0,1,2,96,13.0,130000.0,2,6,4,2,1
6565,25.0,0,1,117,1.0,35000.0,3,8,0,4,0
6566,41.0,1,0,10,12.0,120000.0,1,3,4,2,1
6567,35.0,0,3,156,9.0,95000.0,3,1,3,0,1
6568,23.0,1,0,120,1.0,35000.0,0,2,0,4,0
6569,42.0,0,2,24,14.0,140000.0,3,7,4,2,1
6570,26.0,1,1,118,2.0,40000.0,4,0,0,0,1
6571,32.0,0,0,34,8.0,80000.0,0,9,3,0,1
6572,27.0,1,3,96,4.0,55000.0,1,1,2,0,1
6573,50.0,0,2,10,19.0,190000.0,2,9,4,3,1
6574,36.0,1,0,116,6.0,75000.0,0,2,3,2,1
6575,48.0,0,3,156,17.0,170000.0,2,4,4,3,1
6576,31.0,1,1,115,3.0,50000.0,2,4,2,0,0
6577,29.0,0,0,42,4.0,55000.0,1,3,2,0,1
6578,45.0,1,2,96,13.0,130000.0,2,6,4,2,1
6579,25.0,0,1,117,1.0,35000.0,0,9,0,4,0
6580,38.0,1,2,96,12.0,120000.0,3,9,4,2,1
6581,27.0,0,0,120,3.0,45000.0,1,9,2,0,0
6582,43.0,1,3,10,16.0,160000.0,2,4,4,2,1
6583,34.0,0,1,117,5.0,70000.0,3,8,2,0,0
6584,30.0,1,0,118,6.0,75000.0,2,4,3,0,1
6585,46.0,0,2,34,17.0,170000.0,4,5,4,3,1
6586,25.0,1,1,115,1.0,35000.0,0,2,0,4,0
6587,40.0,0,0,42,11.0,110000.0,4,0,4,2,1
6588,32.0,1,3,156,8.0,80000.0,3,8,3,0,1
6589,28.0,0,2,24,4.0,55000.0,1,1,2,0,1
6590,44.0,1,0,10,15.0,150000.0,1,1,4,2,1
6591,29.0,0,1,120,2.0,40000.0,3,7,0,0,0
6592,51.0,1,3,96,19.0,190000.0,1,9,4,3,1
6593,36.0,0,0,117,8.0,80000.0,4,0,3,2,0
6594,24.0,1,0,118,1.0,35000.0,0,1,0,4,1
6595,42.0,0,2,34,13.0,130000.0,3,1,4,2,1
6596,27.0,1,1,42,3.0,45000.0,2,4,2,0,1
6597,33.0,0,0,116,7.0,90000.0,4,1,3,0,1
6598,28.0,1,3,96,4.0,55000.0,1,9,2,0,1
6599,51.0,0,2,10,19.0,190000.0,3,9,4,3,1
6600,37.0,1,0,120,7.0,90000.0,2,6,3,2,0
6601,49.0,0,3,156,20.0,200000.0,3,9,4,3,1
6602,32.0,1,1,83,3.0,40000.0,1,1,2,0,0
6603,30.0,0,0,116,5.0,70000.0,1,3,2,0,1
6604,46.0,1,2,34,16.0,160000.0,0,1,4,3,1
6605,26.0,0,1,115,1.0,35000.0,4,9,0,0,0
6606,42.0,1,0,42,13.0,130000.0,2,4,4,2,1
6607,36.0,0,3,96,9.0,95000.0,0,9,3,2,1
6608,24.0,1,0,117,1.0,35000.0,1,1,0,4,0
6609,43.0,0,2,118,14.0,140000.0,3,9,4,2,1
6610,27.0,1,1,24,2.0,40000.0,4,9,0,0,1
6611,33.0,0,0,10,7.0,90000.0,4,5,3,0,1
6612,28.0,1,3,120,4.0,55000.0,0,1,2,0,0
6613,51.0,0,2,156,19.0,190000.0,2,4,4,3,1
6614,37.0,1,0,83,6.0,75000.0,4,9,3,2,0
6615,49.0,0,3,34,20.0,200000.0,0,1,4,3,1
6616,32.0,1,1,115,3.0,50000.0,4,1,2,0,0
6617,30.0,0,0,42,4.0,55000.0,3,7,2,0,1
6618,46.0,1,2,96,14.0,140000.0,4,1,4,3,1
6619,26.0,0,1,117,1.0,35000.0,0,2,0,0,0
6620,42.0,1,0,10,13.0,130000.0,0,1,4,2,1
6621,36.0,0,3,156,10.0,100000.0,4,1,3,2,1
6622,24.0,1,0,120,1.0,35000.0,0,9,0,4,0
6623,43.0,0,2,24,15.0,150000.0,3,7,4,2,1
6624,27.0,1,1,118,2.0,40000.0,4,1,0,0,1
6625,33.0,0,0,34,8.0,80000.0,0,2,3,0,1
6626,28.0,1,3,96,4.0,55000.0,0,1,2,0,1
6627,51.0,0,2,10,19.0,190000.0,3,9,4,3,1
6628,37.0,1,0,116,7.0,90000.0,2,4,3,2,1
6629,49.0,0,3,156,20.0,200000.0,1,3,4,3,1
6630,32.0,1,1,83,3.0,40000.0,3,7,2,0,0
6631,30.0,0,0,118,5.0,70000.0,0,9,2,0,1
6632,46.0,1,2,34,16.0,160000.0,3,7,4,3,1
6633,26.0,0,1,115,1.0,35000.0,0,2,0,0,0
6634,42.0,1,0,42,13.0,130000.0,4,1,4,2,1
6635,36.0,0,3,96,9.0,95000.0,4,0,3,2,1
6636,24.0,1,0,117,1.0,35000.0,3,1,0,4,0
6637,43.0,0,2,118,14.0,140000.0,0,9,4,2,1
6638,27.0,1,1,24,2.0,40000.0,4,0,0,0,1
6639,33.0,0,0,10,7.0,90000.0,3,9,3,0,1
6640,28.0,1,3,120,4.0,55000.0,3,8,2,0,0
6641,51.0,0,2,156,19.0,190000.0,0,9,4,3,1
6642,37.0,1,0,83,6.0,75000.0,0,2,3,2,0
6643,49.0,0,3,34,20.0,200000.0,1,3,4,3,1
6644,32.0,1,1,115,3.0,50000.0,3,7,2,0,0
6645,30.0,0,0,42,4.0,55000.0,2,6,2,0,1
6646,46.0,1,2,96,14.0,140000.0,3,1,4,3,1
6647,26.0,0,1,117,1.0,35000.0,1,3,0,0,0
6648,42.0,1,0,10,13.0,130000.0,1,1,4,2,1
6649,36.0,0,3,156,10.0,100000.0,3,8,3,2,1
6650,24.0,1,0,120,1.0,35000.0,1,1,0,4,0
6651,43.0,0,2,24,15.0,150000.0,1,9,4,2,1
6652,27.0,1,1,118,2.0,40000.0,1,3,0,0,1
6653,33.0,0,0,34,8.0,80000.0,1,3,3,0,1
6654,28.0,1,3,96,4.0,55000.0,4,5,2,0,1
6655,51.0,0,2,10,19.0,190000.0,1,1,4,3,1
6656,37.0,1,0,116,7.0,90000.0,2,9,3,2,1
6657,49.0,0,3,156,20.0,200000.0,3,8,4,3,1
6658,32.0,1,1,83,3.0,40000.0,4,9,2,0,0
6659,30.0,0,0,118,5.0,70000.0,1,1,2,0,1
6660,46.0,1,2,34,16.0,160000.0,1,9,4,3,1
6661,26.0,0,1,115,1.0,35000.0,4,0,0,0,0
6662,42.0,1,0,42,13.0,130000.0,4,0,4,2,1
6663,36.0,0,3,96,9.0,95000.0,4,9,3,2,1
6664,24.0,1,0,117,1.0,35000.0,0,1,0,4,0
6665,43.0,0,2,118,14.0,140000.0,0,2,4,2,1
6666,27.0,1,1,24,2.0,40000.0,2,6,0,0,1
6667,33.0,0,0,10,7.0,90000.0,3,8,3,0,1
6668,28.0,1,3,120,4.0,55000.0,2,9,2,0,0
6669,51.0,0,2,156,19.0,190000.0,3,9,4,3,1
6670,37.0,1,0,83,6.0,75000.0,2,6,3,2,0
6671,49.0,0,3,34,20.0,200000.0,0,1,4,3,1
6672,32.0,1,1,115,3.0,50000.0,3,9,2,0,0
6673,30.0,0,0,42,4.0,55000.0,2,9,2,0,1
6674,46.0,1,2,96,14.0,140000.0,0,1,4,3,1
6675,26.0,0,1,117,1.0,35000.0,2,4,0,0,0
6676,42.0,1,0,10,13.0,130000.0,3,1,4,2,1
6677,36.0,0,3,156,10.0,100000.0,2,6,3,2,1
6678,24.0,1,0,120,1.0,35000.0,3,1,0,4,0
6679,43.0,0,2,24,15.0,150000.0,0,2,4,2,1
6680,27.0,1,1,118,2.0,40000.0,3,9,0,0,1
6681,33.0,0,0,34,8.0,80000.0,4,0,3,0,1
6682,28.0,1,3,96,4.0,55000.0,1,1,2,0,1
6683,51.0,0,2,10,19.0,190000.0,3,9,4,3,1
6684,37.0,1,0,116,7.0,90000.0,2,4,3,2,1
6685,49.0,0,3,156,20.0,200000.0,2,9,4,3,1
6686,32.0,1,1,83,3.0,40000.0,3,8,2,0,0
6687,30.0,0,0,118,5.0,70000.0,3,8,2,0,1
6688,46.0,1,2,34,16.0,160000.0,2,4,4,3,1
6689,26.0,0,1,115,1.0,35000.0,4,5,0,0,0
6690,42.0,1,0,42,13.0,130000.0,0,1,4,2,1
6691,36.0,0,3,96,9.0,95000.0,2,4,3,2,1
6692,24.0,1,0,117,1.0,35000.0,1,1,0,4,0
6693,43.0,0,2,118,14.0,140000.0,1,1,4,2,1
6694,27.0,1,1,24,2.0,40000.0,0,1,0,0,1
6695,33.0,0,0,10,7.0,90000.0,0,2,3,0,1
6696,28.0,1,3,120,4.0,55000.0,2,6,2,0,0
6697,51.0,0,2,156,19.0,190000.0,3,9,4,3,1
6698,37.0,1,0,83,6.0,75000.0,1,1,3,2,0
6699,49.0,0,3,34,20.0,200000.0,3,7,4,3,1
6700,32.0,1,1,115,3.0,50000.0,0,2,2,0,0
6701,30.0,0,0,42,4.0,55000.0,2,4,2,0,1
6702,46.0,1,2,96,14.0,140000.0,2,6,4,3,1
6703,26.0,0,1,117,1.0,35000.0,1,3,0,0,0
