Unnamed: 0,Age,Gender,Education Level,Job Title,Years of Experience,Salary,Country,Race,Experience_Category,Age_Category,Job_Level
0,32.0,Male,Bachelor,Software Engineer,5.0,90000.0,UK,White,Junior,Early_Career,Junior
1,28.0,Female,Master,Data Analyst,3.0,65000.0,USA,Hispanic,Junior,Early_Career,Junior
2,45.0,Male,PhD,Senior Manager,15.0,150000.0,Canada,White,Senior,Mid_Career,Senior
3,36.0,Female,Bachelor,Sales Associate,7.0,60000.0,USA,Hispanic,Mid,Mid_Career,Junior
4,52.0,Male,Master,Director,20.0,200000.0,USA,Asian,Senior,Senior_Career,Senior
5,29.0,Male,Bachelor,Marketing Analyst,2.0,55000.0,USA,Hispanic,Entry,Early_Career,Junior
6,42.0,Female,Master,Product Manager,12.0,120000.0,USA,Asian,Senior,Mid_Career,Senior
7,31.0,Male,Bachelor,Sales Manager,4.0,80000.0,China,Korean,Junior,Early_Career,Senior
8,26.0,Female,Bachelor,Marketing Coordinator,1.0,45000.0,China,Chinese,Entry,Early_Career,Junior
9,38.0,Male,PhD,Senior Scientist,10.0,110000.0,Australia,Australian,Mid,Mid_Career,Senior
10,29.0,Male,Master,Software Developer,3.0,75000.0,UK,Welsh,Junior,Early_Career,Junior
11,48.0,Female,Bachelor,Hr Manager,18.0,140000.0,UK,Asian,Senior,Senior_Career,Senior
12,35.0,Male,Bachelor,Financial Analyst,6.0,65000.0,China,Korean,Mid,Early_Career,Junior
13,40.0,Female,Master,Project Manager,14.0,130000.0,USA,African American,Senior,Mid_Career,Senior
14,27.0,Male,Bachelor,Customer Service Rep,2.0,40000.0,Canada,Asian,Entry,Early_Career,Junior
15,44.0,Male,Bachelor,Operations Manager,16.0,125000.0,China,Chinese,Senior,Mid_Career,Senior
16,33.0,Female,Master,Marketing Manager,7.0,90000.0,USA,Asian,Mid,Early_Career,Senior
17,39.0,Male,PhD,Senior Engineer,12.0,115000.0,UK,Mixed,Senior,Mid_Career,Senior
18,25.0,Female,Bachelor,Data Entry Clerk,0.0,35000.0,UK,Asian,Entry,Young,Junior
19,51.0,Male,Bachelor,Sales Director,22.0,180000.0,Australia,Asian,Expert,Senior_Career,Senior
20,34.0,Female,Master,Business Analyst,5.0,80000.0,China,Korean,Junior,Early_Career,Junior
21,47.0,Male,Master,Vp Of Operations,19.0,190000.0,UK,White,Senior,Senior_Career,Junior
22,30.0,Male,Bachelor,It Support,2.0,50000.0,UK,Asian,Entry,Early_Career,Junior
23,36.0,Female,Bachelor,Recruiter,9.0,60000.0,China,White,Mid,Mid_Career,Junior
24,41.0,Male,Master,Financial Manager,13.0,140000.0,USA,African American,Senior,Mid_Career,Senior
25,28.0,Female,Bachelor,Social Media Specialist,3.0,45000.0,Canada,White,Junior,Early_Career,Junior
26,37.0,Female,Master,Software Manager,11.0,110000.0,Australia,Asian,Senior,Mid_Career,Senior
27,24.0,Male,Bachelor,Junior Developer,1.0,40000.0,Australia,Asian,Entry,Young,Junior
28,43.0,Female,PhD,Senior Consultant,15.0,140000.0,Canada,Black,Senior,Mid_Career,Senior
29,33.0,Male,Master,Product Designer,6.0,90000.0,China,Korean,Mid,Early_Career,Junior
30,50.0,Male,Bachelor,Ceo,25.0,250000.0,Canada,Asian,Expert,Senior_Career,Junior
31,31.0,Female,Bachelor,Accountant,4.0,55000.0,UK,White,Junior,Early_Career,Junior
32,29.0,Male,Master,Data Scientist,3.0,75000.0,USA,Hispanic,Junior,Early_Career,Junior
33,39.0,Female,Bachelor,Marketing Specialist,10.0,65000.0,Canada,White,Mid,Mid_Career,Junior
34,46.0,Male,PhD,Senior Manager,20.0,170000.0,USA,Hispanic,Senior,Senior_Career,Senior
35,27.0,Male,Bachelor,Technical Writer,2.0,45000.0,Australia,Asian,Entry,Early_Career,Junior
36,35.0,Female,Bachelor,Hr Generalist,7.0,60000.0,UK,White,Mid,Early_Career,Junior
37,42.0,Male,Master,Project Engineer,14.0,115000.0,China,White,Senior,Mid_Career,Junior
38,26.0,Female,Bachelor,Customer Success Rep,1.0,40000.0,Canada,Asian,Entry,Early_Career,Junior
39,49.0,Male,Bachelor,Sales Executive,21.0,160000.0,China,White,Expert,Senior_Career,Junior
40,34.0,Female,Master,Ux Designer,5.0,80000.0,UK,Asian,Junior,Early_Career,Junior
41,48.0,Male,Master,Operations Director,18.0,190000.0,Canada,Black,Senior,Senior_Career,Senior
42,30.0,Male,Bachelor,Network Engineer,3.0,60000.0,China,Korean,Junior,Early_Career,Junior
43,36.0,Female,Bachelor,Administrative Assistant,8.0,45000.0,UK,Asian,Mid,Mid_Career,Junior
44,41.0,Male,Master,Strategy Consultant,13.0,130000.0,UK,Asian,Senior,Mid_Career,Junior
45,28.0,Female,Bachelor,Copywriter,2.0,40000.0,USA,White,Entry,Early_Career,Junior
46,32.0,Male,Bachelor,Account Manager,5.0,75000.0,Australia,Asian,Junior,Early_Career,Senior
47,45.0,Female,Master,Director Of Marketing,16.0,180000.0,UK,Welsh,Senior,Mid_Career,Senior
48,38.0,Male,PhD,Senior Scientist,11.0,120000.0,Australia,Asian,Senior,Mid_Career,Senior
49,25.0,Male,Bachelor,Help Desk Analyst,0.0,35000.0,USA,Asian,Entry,Young,Junior
50,51.0,Female,Bachelor,Customer Service Manager,22.0,130000.0,China,Korean,Expert,Senior_Career,Senior
51,33.0,Male,Master,Business Intelligence Analyst,7.0,85000.0,Australia,Australian,Mid,Early_Career,Junior
52,40.0,Female,Bachelor,Event Coordinator,12.0,60000.0,China,White,Senior,Mid_Career,Junior
53,47.0,Male,Master,Vp Of Finance,19.0,200000.0,Australia,Asian,Senior,Senior_Career,Junior
54,29.0,Female,Bachelor,Graphic Designer,3.0,50000.0,Canada,Black,Junior,Early_Career,Junior
55,36.0,Male,Bachelor,Sales Manager,9.0,95000.0,China,Korean,Mid,Mid_Career,Senior
56,27.0,Female,Master,Ux Researcher,2.0,65000.0,Canada,White,Entry,Early_Career,Junior
57,43.0,Male,PhD,Senior Engineer,17.0,140000.0,USA,Hispanic,Senior,Mid_Career,Senior
58,30.0,Female,Bachelor,Social Media Manager,4.0,55000.0,Canada,White,Junior,Early_Career,Senior
59,35.0,Male,Master,Product Manager,7.0,105000.0,Canada,Asian,Mid,Early_Career,Senior
60,51.0,Female,Master,Director Of Operations,23.0,170000.0,USA,African American,Expert,Senior_Career,Senior
61,29.0,Male,Bachelor,Marketing Analyst,3.0,50000.0,China,Chinese,Junior,Early_Career,Junior
62,40.0,Female,Bachelor,Hr Manager,12.0,80000.0,China,Korean,Senior,Mid_Career,Senior
63,47.0,Male,PhD,Senior Data Scientist,21.0,180000.0,China,White,Expert,Senior_Career,Senior
64,26.0,Male,Bachelor,Junior Accountant,1.0,35000.0,Australia,Australian,Entry,Early_Career,Junior
65,38.0,Female,Master,Digital Marketing Manager,10.0,90000.0,China,Korean,Mid,Mid_Career,Senior
66,46.0,Male,Bachelor,It Manager,19.0,120000.0,Australia,Australian,Senior,Senior_Career,Senior
67,31.0,Female,Bachelor,Customer Service Representative,5.0,45000.0,Canada,Asian,Junior,Early_Career,Junior
68,34.0,Male,Master,Business Development Manager,8.0,90000.0,Canada,Asian,Mid,Early_Career,Senior
69,49.0,Female,Master,Senior Financial Analyst,18.0,150000.0,Canada,White,Senior,Senior_Career,Senior
70,33.0,Male,Bachelor,Web Developer,6.0,65000.0,USA,Hispanic,Mid,Early_Career,Junior
71,39.0,Female,Bachelor,Recruiter,11.0,70000.0,USA,Asian,Senior,Mid_Career,Junior
72,45.0,Male,PhD,Research Director,16.0,190000.0,UK,Mixed,Senior,Mid_Career,Senior
73,28.0,Male,Bachelor,Technical Support Specialist,2.0,40000.0,China,Korean,Entry,Early_Career,Junior
74,42.0,Female,Master,Creative Director,14.0,120000.0,Canada,Black,Senior,Mid_Career,Senior
75,37.0,Male,Bachelor,Project Manager,10.0,95000.0,USA,Asian,Mid,Mid_Career,Senior
76,50.0,Female,Bachelor,Operations Manager,22.0,160000.0,USA,White,Expert,Senior_Career,Senior
77,32.0,Male,Master,Senior Software Engineer,6.0,100000.0,USA,African American,Mid,Early_Career,Senior
78,48.0,Female,Master,Human Resources Director,20.0,180000.0,Canada,Black,Senior,Senior_Career,Senior
79,30.0,Female,Bachelor,Content Marketing Manager,3.0,55000.0,Australia,White,Junior,Early_Career,Senior
80,36.0,Male,Bachelor,Technical Recruiter,8.0,70000.0,UK,Asian,Mid,Mid_Career,Junior
81,41.0,Female,Master,Data Analyst,13.0,80000.0,USA,White,Senior,Mid_Career,Junior
82,25.0,Male,Bachelor,Sales Representative,0.0,30000.0,Australia,Asian,Entry,Young,Junior
83,52.0,Male,PhD,Chief Technology Officer,24.0,250000.0,Canada,Black,Expert,Senior_Career,Junior
84,29.0,Female,Bachelor,Junior Designer,2.0,40000.0,Australia,Asian,Entry,Early_Career,Junior
85,34.0,Female,Master,Financial Advisor,10.0,95000.0,UK,White,Mid,Early_Career,Junior
86,27.0,Male,Bachelor,Junior Account Manager,2.0,45000.0,Canada,White,Entry,Early_Career,Senior
87,40.0,Female,Bachelor,Hr Generalist,15.0,80000.0,USA,Hispanic,Senior,Mid_Career,Junior
88,46.0,Male,Master,Senior Project Manager,21.0,135000.0,Canada,Asian,Expert,Senior_Career,Senior
89,31.0,Female,Bachelor,Marketing Coordinator,6.0,55000.0,Australia,Asian,Mid,Early_Career,Junior
90,36.0,Male,PhD,Principal Scientist,11.0,120000.0,UK,Mixed,Senior,Mid_Career,Senior
91,29.0,Female,Bachelor,Sales Associate,3.0,40000.0,China,White,Junior,Early_Career,Junior
92,43.0,Male,Bachelor,Supply Chain Manager,18.0,105000.0,UK,Welsh,Senior,Mid_Career,Senior
93,52.0,Female,Master,Senior Marketing Manager,25.0,170000.0,China,Chinese,Expert,Senior_Career,Senior
94,33.0,Male,Bachelor,Business Analyst,7.0,75000.0,Australia,Australian,Mid,Early_Career,Junior
95,39.0,Female,Bachelor,Training Specialist,12.0,65000.0,USA,African American,Senior,Mid_Career,Junior
96,47.0,Male,PhD,Research Scientist,22.0,160000.0,Australia,Asian,Expert,Senior_Career,Junior
97,26.0,Male,Bachelor,Junior Software Developer,1.0,35000.0,China,White,Entry,Early_Career,Junior
98,38.0,Female,Master,Public Relations Manager,10.0,90000.0,UK,Asian,Mid,Mid_Career,Senior
99,45.0,Male,Bachelor,Operations Analyst,20.0,110000.0,China,Chinese,Senior,Mid_Career,Junior
100,31.0,Female,Bachelor,Event Coordinator,5.0,45000.0,Australia,Asian,Junior,Early_Career,Junior
101,35.0,Male,Master,Product Marketing Manager,8.0,95000.0,China,White,Mid,Early_Career,Senior
102,49.0,Female,Master,Senior Hr Manager,19.0,150000.0,Australia,White,Senior,Senior_Career,Senior
103,33.0,Male,Bachelor,Junior Web Developer,5.0,50000.0,Canada,Asian,Junior,Early_Career,Junior
104,39.0,Female,Master,Senior Project Coordinator,13.0,80000.0,UK,Welsh,Senior,Mid_Career,Senior
105,44.0,Male,PhD,Chief Data Officer,16.0,220000.0,USA,African American,Senior,Mid_Career,Junior
106,30.0,Female,Bachelor,Digital Content Producer,3.0,50000.0,UK,White,Junior,Early_Career,Junior
107,36.0,Male,Bachelor,It Support Specialist,7.0,60000.0,USA,Asian,Mid,Mid_Career,Junior
108,41.0,Female,Master,Senior Marketing Analyst,14.0,100000.0,USA,White,Senior,Mid_Career,Senior
109,28.0,Male,Bachelor,Customer Success Manager,2.0,40000.0,USA,Hispanic,Entry,Early_Career,Senior
110,42.0,Female,Master,Senior Graphic Designer,15.0,110000.0,USA,Asian,Senior,Mid_Career,Senior
111,37.0,Male,Bachelor,Software Project Manager,9.0,95000.0,UK,White,Mid,Mid_Career,Senior
112,50.0,Female,Bachelor,Supply Chain Analyst,22.0,130000.0,UK,Welsh,Expert,Senior_Career,Junior
113,32.0,Male,Master,Senior Business Analyst,6.0,90000.0,USA,Asian,Mid,Early_Career,Senior
114,23.0,Female,Bachelor,Junior Marketing Analyst,0.5,35000.0,USA,White,Entry,Young,Junior
115,31.0,Male,Master,Senior Financial Analyst,6.0,95000.0,Australia,Asian,Mid,Early_Career,Senior
116,40.0,Female,Bachelor,Office Manager,15.0,65000.0,USA,White,Senior,Mid_Career,Senior
117,48.0,Male,PhD,Principal Engineer,20.0,170000.0,USA,Hispanic,Senior,Senior_Career,Senior
118,29.0,Female,Bachelor,Junior Hr Generalist,3.0,45000.0,Australia,Australian,Junior,Early_Career,Junior
119,35.0,Male,Master,Senior Product Manager,10.0,120000.0,Canada,White,Mid,Early_Career,Senior
120,42.0,Female,Bachelor,Sales Manager,17.0,100000.0,China,Korean,Senior,Mid_Career,Senior
121,53.0,Male,Master,Director Of Marketing,25.0,180000.0,UK,Mixed,Expert,Senior_Career,Senior
122,33.0,Female,Bachelor,Junior Operations Analyst,5.0,50000.0,Australia,Australian,Junior,Early_Career,Junior
123,38.0,Male,Bachelor,Customer Service Manager,11.0,80000.0,China,White,Senior,Mid_Career,Senior
124,44.0,Female,PhD,Senior Scientist,16.0,140000.0,UK,Mixed,Senior,Mid_Career,Senior
125,26.0,Male,Bachelor,Junior Accountant,2.0,40000.0,UK,White,Entry,Early_Career,Junior
126,37.0,Female,Master,Senior Hr Generalist,9.0,95000.0,USA,African American,Mid,Mid_Career,Senior
127,45.0,Male,Bachelor,Sales Operations Manager,18.0,110000.0,UK,White,Senior,Mid_Career,Senior
128,32.0,Female,Bachelor,Marketing Coordinator,4.0,50000.0,USA,White,Junior,Early_Career,Junior
129,34.0,Male,Master,Senior Software Developer,8.0,105000.0,Canada,White,Mid,Early_Career,Senior
130,50.0,Female,Master,Director Of Operations,21.0,160000.0,UK,White,Expert,Senior_Career,Senior
131,29.0,Male,Bachelor,Junior Web Designer,3.0,45000.0,China,White,Junior,Early_Career,Junior
132,40.0,Female,Master,Senior Training Specialist,12.0,100000.0,Canada,Black,Senior,Mid_Career,Senior
133,47.0,Male,PhD,Senior Research Scientist,22.0,160000.0,USA,Hispanic,Expert,Senior_Career,Senior
134,27.0,Male,Bachelor,Junior Sales Representative,1.0,35000.0,UK,Mixed,Entry,Early_Career,Junior
135,39.0,Female,Bachelor,Administrative Assistant,10.0,55000.0,Canada,Black,Mid,Mid_Career,Junior
136,46.0,Male,Master,Senior Project Manager,19.0,140000.0,Canada,Black,Senior,Senior_Career,Senior
137,30.0,Female,Bachelor,Junior Marketing Manager,4.0,50000.0,Canada,White,Junior,Early_Career,Senior
138,36.0,Male,Bachelor,Junior Data Analyst,7.0,60000.0,Australia,Asian,Mid,Mid_Career,Junior
139,43.0,Female,Master,Senior Product Marketing Manager,14.0,120000.0,Australia,White,Senior,Mid_Career,Senior
140,28.0,Male,Bachelor,Junior Business Analyst,2.0,40000.0,USA,White,Entry,Early_Career,Junior
141,41.0,Female,Master,Senior Marketing Manager,13.0,110000.0,Australia,Australian,Senior,Mid_Career,Senior
142,33.0,Male,Bachelor,Junior Software Developer,5.0,50000.0,USA,Hispanic,Junior,Early_Career,Junior
143,47.0,Male,Bachelor,Senior Sales Manager,20.0,135000.0,China,White,Senior,Senior_Career,Senior
144,25.0,Female,Master,Junior Marketing Specialist,1.5,40000.0,Australia,Asian,Entry,Young,Junior
145,34.0,Male,Bachelor,Senior Business Analyst,8.0,90000.0,Australia,Asian,Mid,Early_Career,Senior
146,42.0,Female,PhD,Senior Data Scientist,16.0,150000.0,China,Chinese,Senior,Mid_Career,Senior
147,31.0,Male,Bachelor,Junior Project Manager,4.0,60000.0,UK,Welsh,Junior,Early_Career,Senior
148,38.0,Female,Bachelor,Senior Accountant,10.0,80000.0,USA,African American,Mid,Mid_Career,Senior
149,45.0,Male,Master,Director Of Sales,19.0,175000.0,Canada,Black,Senior,Mid_Career,Senior
150,29.0,Female,Bachelor,Junior Recruiter,3.0,45000.0,Australia,Australian,Junior,Early_Career,Junior
151,36.0,Male,Master,Senior Business Development Manager,11.0,120000.0,Canada,Black,Senior,Mid_Career,Senior
152,43.0,Female,PhD,Senior Product Designer,18.0,140000.0,Australia,Asian,Senior,Mid_Career,Senior
153,26.0,Male,Bachelor,Junior Customer Support Specialist,2.0,35000.0,USA,Asian,Entry,Early_Career,Junior
154,37.0,Female,Master,Senior Marketing Analyst,9.0,95000.0,Canada,White,Mid,Mid_Career,Senior
155,44.0,Male,Bachelor,Senior It Support Specialist,14.0,110000.0,USA,African American,Senior,Mid_Career,Senior
156,32.0,Female,Bachelor,Junior Financial Analyst,5.0,50000.0,USA,Asian,Junior,Early_Career,Junior
157,33.0,Male,Master,Senior Operations Manager,7.0,115000.0,China,Korean,Mid,Early_Career,Senior
158,51.0,Female,PhD,Director Of Human Resources,23.0,185000.0,China,Chinese,Expert,Senior_Career,Senior
159,28.0,Male,Bachelor,Junior Software Engineer,2.0,40000.0,Australia,White,Entry,Early_Career,Junior
160,39.0,Female,Bachelor,Senior Sales Representative,12.0,90000.0,USA,Asian,Senior,Mid_Career,Senior
161,48.0,Male,Master,Director Of Product Management,21.0,175000.0,USA,Asian,Expert,Senior_Career,Senior
162,30.0,Female,Bachelor,Junior Copywriter,3.0,45000.0,UK,Mixed,Junior,Early_Career,Junior
163,35.0,Male,Bachelor,Senior Marketing Coordinator,7.0,80000.0,China,White,Mid,Early_Career,Senior
164,41.0,Female,Master,Senior Human Resources Manager,13.0,120000.0,China,Korean,Senior,Mid_Career,Senior
165,27.0,Male,Bachelor,Junior Business Development Associate,1.5,35000.0,China,White,Entry,Early_Career,Junior
166,40.0,Female,Bachelor,Senior Account Manager,14.0,110000.0,Australia,Australian,Senior,Mid_Career,Senior
167,46.0,Male,PhD,Senior Researcher,18.0,150000.0,Canada,Black,Senior,Senior_Career,Senior
168,31.0,Female,Bachelor,Junior Hr Coordinator,4.0,50000.0,China,Korean,Junior,Early_Career,Junior
169,34.0,Male,Master,Senior Software Engineer,9.0,105000.0,China,Korean,Mid,Early_Career,Senior
170,50.0,Female,Master,Director Of Finance,20.0,180000.0,Australia,Australian,Senior,Senior_Career,Senior
171,29.0,Male,Bachelor,Junior Marketing Coordinator,2.0,40000.0,Canada,Asian,Entry,Early_Career,Junior
172,33.62085944494181,Male,Bachelor,Software Engineer,8.094687360095508,115000.0,UK,White,Mid,Early_Career,Junior
173,43.0,Male,Bachelor,Senior Project Manager,16.0,140000.0,UK,White,Senior,Mid_Career,Senior
174,26.0,Female,Master,Junior Data Scientist,1.5,45000.0,Canada,Asian,Entry,Early_Career,Junior
175,35.0,Male,Bachelor,Senior Operations Analyst,7.0,85000.0,China,White,Mid,Early_Career,Senior
176,42.0,Female,PhD,Senior Marketing Manager,18.0,140000.0,UK,Asian,Senior,Mid_Career,Senior
177,31.0,Male,Bachelor,Junior Accountant,4.0,50000.0,UK,Welsh,Junior,Early_Career,Junior
178,38.0,Female,Bachelor,Senior Human Resources Coordinator,10.0,80000.0,UK,Asian,Mid,Mid_Career,Senior
179,46.0,Male,Master,Director Of Operations,20.0,170000.0,USA,Asian,Senior,Senior_Career,Senior
180,29.0,Female,Bachelor,Junior Sales Representative,2.0,40000.0,UK,Welsh,Entry,Early_Career,Junior
181,37.0,Male,Master,Senior Business Analyst,9.0,105000.0,China,Chinese,Mid,Mid_Career,Senior
182,44.0,Female,PhD,Senior Ux Designer,15.0,145000.0,USA,Hispanic,Senior,Mid_Career,Senior
183,27.0,Male,Bachelor,Junior Product Manager,2.0,40000.0,USA,Hispanic,Entry,Early_Career,Senior
184,36.0,Female,Bachelor,Senior Marketing Specialist,8.0,85000.0,USA,African American,Mid,Mid_Career,Senior
185,43.0,Male,Bachelor,Senior It Project Manager,14.0,130000.0,China,Chinese,Senior,Mid_Career,Senior
186,33.0,Female,Master,Senior Financial Analyst,6.0,95000.0,Canada,White,Mid,Early_Career,Senior
187,34.0,Male,Bachelor,Senior Quality Assurance Analyst,9.0,100000.0,UK,Mixed,Mid,Early_Career,Senior
188,50.0,Female,PhD,Director Of Sales And Marketing,22.0,180000.0,China,Korean,Expert,Senior_Career,Senior
189,28.0,Male,Bachelor,Junior Operations Analyst,1.5,35000.0,UK,Welsh,Entry,Early_Career,Junior
190,39.0,Female,Bachelor,Senior Account Executive,12.0,95000.0,USA,African American,Senior,Mid_Career,Senior
191,47.0,Male,Master,Director Of Business Development,19.0,170000.0,Australia,Asian,Senior,Senior_Career,Senior
192,30.0,Female,Bachelor,Junior Social Media Manager,3.0,45000.0,Australia,Australian,Junior,Early_Career,Senior
193,34.0,Male,Bachelor,Senior Product Manager,7.0,95000.0,China,Chinese,Mid,Early_Career,Senior
194,40.0,Female,Master,Senior Human Resources Specialist,13.0,120000.0,UK,Welsh,Senior,Mid_Career,Senior
195,28.0,Male,Bachelor,Junior Business Analyst,2.0,40000.0,USA,African American,Entry,Early_Career,Junior
196,41.0,Female,Bachelor,Senior Marketing Coordinator,11.0,90000.0,Canada,Asian,Senior,Mid_Career,Senior
197,45.0,Male,PhD,Senior Data Analyst,17.0,155000.0,UK,Asian,Senior,Mid_Career,Senior
198,32.0,Female,Bachelor,Junior Account Manager,5.0,55000.0,Australia,Asian,Junior,Early_Career,Senior
199,35.0,Male,Master,Senior Software Developer,9.0,110000.0,Canada,Asian,Mid,Early_Career,Senior
200,49.0,Female,Master,Director Of Human Capital,21.0,180000.0,UK,Mixed,Expert,Senior_Career,Senior
201,30.0,Male,Bachelor,Junior Advertising Coordinator,3.0,45000.0,UK,White,Junior,Early_Career,Junior
202,44.0,Male,Bachelor,Senior Sales Manager,16.0,130000.0,USA,Asian,Senior,Mid_Career,Senior
203,27.0,Female,Master,Junior Ux Designer,1.5,45000.0,USA,Hispanic,Entry,Early_Career,Junior
204,36.0,Male,Bachelor,Senior Accountant,7.0,90000.0,Canada,White,Mid,Mid_Career,Senior
205,41.0,Female,PhD,Senior Marketing Director,17.0,160000.0,UK,Mixed,Senior,Mid_Career,Senior
206,31.0,Male,Bachelor,Junior Hr Generalist,4.0,50000.0,China,Chinese,Junior,Early_Career,Junior
207,39.0,Female,Bachelor,Senior Operations Manager,10.0,120000.0,Australia,Asian,Mid,Mid_Career,Senior
208,47.0,Male,Master,Director Of Finance,20.0,170000.0,Australia,Australian,Senior,Senior_Career,Senior
209,30.0,Female,Bachelor,Junior Marketing Coordinator,2.0,40000.0,China,Korean,Entry,Early_Career,Junior
210,38.0,Male,Master,Senior It Consultant,9.0,110000.0,China,White,Mid,Mid_Career,Senior
211,45.0,Female,PhD,Senior Product Designer,15.0,150000.0,China,Chinese,Senior,Mid_Career,Senior
212,28.0,Male,Bachelor,Junior Business Development Associate,2.0,40000.0,USA,Asian,Entry,Early_Career,Junior
213,35.0,Female,Bachelor,Senior Marketing Analyst,8.0,85000.0,USA,White,Mid,Early_Career,Senior
214,44.0,Male,Bachelor,Senior Software Engineer,14.0,130000.0,China,Chinese,Senior,Mid_Career,Senior
215,34.0,Female,Master,Senior Financial Advisor,6.0,100000.0,UK,Welsh,Mid,Early_Career,Senior
216,35.0,Male,Bachelor,Senior Project Coordinator,9.0,95000.0,Canada,White,Mid,Early_Career,Senior
217,50.0,Female,PhD,Director Of Operations,22.0,180000.0,Australia,Australian,Expert,Senior_Career,Senior
218,29.0,Male,Bachelor,Junior Business Operations Analyst,1.5,35000.0,UK,Asian,Entry,Early_Career,Junior
219,40.0,Female,Bachelor,Senior Sales Representative,12.0,100000.0,China,Chinese,Senior,Mid_Career,Senior
220,48.0,Male,Master,Director Of Marketing,19.0,170000.0,USA,Hispanic,Senior,Senior_Career,Senior
221,31.0,Female,Bachelor,Junior Social Media Specialist,3.0,45000.0,UK,Welsh,Junior,Early_Career,Junior
222,33.0,Male,Bachelor,Senior Product Development Manager,7.0,100000.0,USA,Hispanic,Mid,Early_Career,Senior
223,42.0,Female,Master,Senior Human Resources Manager,13.0,140000.0,China,White,Senior,Mid_Career,Senior
224,28.0,Male,Bachelor,Junior Financial Analyst,2.0,40000.0,Australia,Australian,Entry,Early_Career,Junior
225,40.0,Female,Bachelor,Senior Marketing Manager,11.0,105000.0,UK,White,Senior,Mid_Career,Senior
226,46.0,Male,PhD,Senior Data Scientist,18.0,160000.0,Canada,White,Senior,Senior_Career,Senior
227,33.0,Female,Bachelor,Junior Operations Manager,5.0,70000.0,Australia,Asian,Junior,Early_Career,Senior
228,37.0,Male,Master,Senior Software Architect,9.0,120000.0,Australia,Australian,Mid,Mid_Career,Senior
229,51.0,Female,Master,Director Of Human Resources,21.0,190000.0,USA,Hispanic,Expert,Senior_Career,Senior
230,30.0,Male,Bachelor,Junior Marketing Specialist,3.0,45000.0,Canada,Black,Junior,Early_Career,Junior
231,43.0,Male,Bachelor,Senior Project Manager,15.0,120000.0,Canada,Asian,Senior,Mid_Career,Senior
232,27.0,Female,Master,Junior Research Scientist,1.5,50000.0,China,White,Entry,Early_Career,Junior
233,35.0,Male,Bachelor,Senior Operations Analyst,8.0,85000.0,Canada,White,Mid,Early_Career,Senior
234,42.0,Female,PhD,Senior Marketing Manager,13.0,140000.0,Canada,White,Senior,Mid_Career,Senior
235,32.0,Male,Bachelor,Junior Sales Representative,3.0,45000.0,Australia,White,Junior,Early_Career,Junior
236,37.0,Female,Bachelor,Senior Financial Analyst,9.0,100000.0,UK,Welsh,Mid,Mid_Career,Senior
237,45.0,Male,Master,Senior Software Developer,16.0,140000.0,Australia,Asian,Senior,Mid_Career,Senior
238,33.0,Female,Bachelor,Junior Operations Analyst,5.0,70000.0,Canada,Asian,Junior,Early_Career,Junior
239,39.0,Male,Bachelor,Senior Marketing Specialist,10.0,120000.0,Canada,Black,Mid,Mid_Career,Senior
240,44.0,Female,PhD,Senior Hr Manager,18.0,160000.0,Canada,White,Senior,Mid_Career,Senior
241,29.0,Male,Bachelor,Junior Business Analyst,1.5,40000.0,Australia,Australian,Entry,Early_Career,Junior
242,38.0,Female,Bachelor,Senior Product Manager,10.0,120000.0,China,Korean,Mid,Mid_Career,Senior
243,46.0,Male,PhD,Senior Data Analyst,19.0,150000.0,UK,Asian,Senior,Senior_Career,Senior
244,34.0,Female,Bachelor,Junior Marketing Analyst,6.0,70000.0,USA,Asian,Mid,Early_Career,Junior
245,36.0,Male,Bachelor,Senior Operations Manager,8.0,95000.0,USA,White,Mid,Mid_Career,Senior
246,49.0,Female,Master,Director Of Marketing,21.0,180000.0,Canada,White,Expert,Senior_Career,Senior
247,31.0,Male,Bachelor,Junior Financial Analyst,3.0,50000.0,Canada,Black,Junior,Early_Career,Junior
248,41.0,Female,Bachelor,Senior Project Coordinator,11.0,95000.0,USA,African American,Senior,Mid_Career,Senior
249,47.0,Male,Master,Director Of Operations,20.0,170000.0,Canada,White,Senior,Senior_Career,Senior
250,30.0,Female,Bachelor,Junior Marketing Coordinator,2.0,40000.0,USA,White,Entry,Early_Career,Junior
251,38.0,Male,Master,Senior It Consultant,9.0,110000.0,Australia,Australian,Mid,Mid_Career,Senior
252,45.0,Female,PhD,Senior Product Designer,15.0,150000.0,China,Korean,Senior,Mid_Career,Senior
253,28.0,Male,Bachelor,Junior Business Development Associate,2.0,40000.0,USA,Asian,Entry,Early_Career,Junior
254,35.0,Female,Bachelor,Senior Marketing Analyst,8.0,85000.0,Canada,White,Mid,Early_Career,Senior
255,44.0,Male,Bachelor,Senior Software Engineer,14.0,130000.0,Australia,Australian,Senior,Mid_Career,Senior
256,34.0,Female,Master,Senior Financial Advisor,6.0,100000.0,Australia,Australian,Mid,Early_Career,Senior
257,35.0,Male,Bachelor,Senior Project Coordinator,9.0,95000.0,UK,Asian,Mid,Early_Career,Senior
258,50.0,Female,PhD,Director Of Operations,22.0,180000.0,Australia,White,Expert,Senior_Career,Senior
259,29.0,Male,Bachelor,Junior Business Operations Analyst,1.5,350.0,USA,Hispanic,Entry,Early_Career,Junior
260,33.62085944494181,Male,Bachelor,Software Engineer,8.094687360095508,115000.0,Canada,White,Mid,Early_Career,Junior
261,37.0,Female,Bachelor,Senior Financial Manager,10.0,120000.0,USA,African American,Mid,Mid_Career,Senior
262,46.0,Male,PhD,Senior Data Scientist,18.0,160000.0,China,Chinese,Senior,Senior_Career,Senior
263,31.0,Female,Bachelor,Junior Marketing Coordinator,3.0,50000.0,Australia,White,Junior,Early_Career,Junior
264,42.0,Male,Bachelor,Senior Operations Manager,12.0,110000.0,Canada,Black,Senior,Mid_Career,Senior
265,29.0,Female,Bachelor,Junior Sales Representative,1.5,40000.0,USA,African American,Entry,Early_Career,Junior
266,36.0,Male,Bachelor,Senior Marketing Specialist,8.0,95000.0,UK,White,Mid,Mid_Career,Senior
267,44.0,Female,Master,Senior Hr Specialist,15.0,140000.0,China,Chinese,Senior,Mid_Career,Senior
268,33.0,Male,Bachelor,Junior Operations Manager,4.0,60000.0,China,Korean,Junior,Early_Career,Senior
269,39.0,Female,Bachelor,Senior Marketing Coordinator,9.0,110000.0,China,White,Mid,Mid_Career,Senior
270,45.0,Male,PhD,Senior Data Engineer,16.0,150000.0,Australia,Asian,Senior,Mid_Career,Senior
271,32.0,Female,Bachelor,Junior Marketing Manager,4.0,60000.0,UK,Welsh,Junior,Early_Career,Senior
272,37.0,Male,Bachelor,Senior Financial Analyst,8.0,90000.0,Australia,Australian,Mid,Mid_Career,Senior
273,47.0,Female,Master,Director Of Marketing,20.0,180000.0,UK,Mixed,Senior,Senior_Career,Senior
274,30.0,Male,Bachelor,Junior Business Analyst,2.0,40000.0,Australia,Australian,Entry,Early_Career,Junior
275,38.0,Female,Bachelor,Senior Project Manager,9.0,120000.0,UK,Asian,Mid,Mid_Career,Senior
276,46.0,Male,PhD,Senior Data Analyst,17.0,160000.0,UK,Asian,Senior,Senior_Career,Senior
277,34.0,Female,Bachelor,Junior Financial Analyst,5.0,70000.0,UK,Mixed,Junior,Early_Career,Junior
278,36.0,Male,Bachelor,Senior Product Manager,8.0,95000.0,Australia,Asian,Mid,Mid_Career,Senior
279,49.0,Female,Master,Director Of Operations,21.0,180000.0,UK,Mixed,Expert,Senior_Career,Senior
280,31.0,Male,Bachelor,Junior Operations Analyst,3.0,50000.0,USA,Hispanic,Junior,Early_Career,Junior
281,41.0,Female,Bachelor,Senior Project Coordinator,11.0,95000.0,Canada,Black,Senior,Mid_Career,Senior
282,47.0,Male,Master,Director Of Marketing,19.0,170000.0,Canada,White,Senior,Senior_Career,Senior
283,29.0,Female,Bachelor,Junior Business Development Associate,1.5,35000.0,Australia,White,Entry,Early_Career,Junior
284,35.0,Male,Bachelor,Senior Financial Manager,9.0,100000.0,Canada,White,Mid,Early_Career,Senior
285,44.0,Female,PhD,Senior Product Designer,15.0,150000.0,China,White,Senior,Mid_Career,Senior
286,33.0,Male,Bachelor,Junior Business Analyst,4.0,60000.0,Canada,Black,Junior,Early_Career,Junior
287,35.0,Female,Bachelor,Senior Marketing Analyst,8.0,85000.0,China,Chinese,Mid,Early_Career,Senior
288,44.0,Male,Bachelor,Senior Software Engineer,13.0,130000.0,Canada,White,Senior,Mid_Career,Senior
289,32.0,Male,Bachelor,Junior Product Manager,4.0,65000.0,China,Chinese,Junior,Early_Career,Senior
290,38.0,Female,Bachelor,Senior Business Analyst,10.0,110000.0,Australia,Asian,Mid,Mid_Career,Senior
291,49.0,Male,PhD,Director Of Operations,21.0,180000.0,USA,Asian,Expert,Senior_Career,Senior
292,29.0,Female,Bachelor,Junior Marketing Specialist,2.0,40000.0,Australia,Australian,Entry,Early_Career,Junior
293,35.0,Male,Bachelor,Senior Business Development Manager,7.0,90000.0,USA,Hispanic,Mid,Early_Career,Senior
294,45.0,Female,Master,Senior Hr Manager,14.0,140000.0,UK,Welsh,Senior,Mid_Career,Senior
295,33.0,Male,Bachelor,Junior Financial Analyst,4.0,60000.0,China,Korean,Junior,Early_Career,Junior
296,40.0,Female,Bachelor,Senior Marketing Manager,12.0,130000.0,Australia,Asian,Senior,Mid_Career,Senior
297,44.0,Male,PhD,Senior Data Scientist,16.0,160000.0,Australia,Asian,Senior,Mid_Career,Senior
298,30.0,Female,Bachelor,Junior Operations Coordinator,2.0,40000.0,Australia,White,Entry,Early_Career,Junior
299,37.0,Male,Bachelor,Senior Marketing Analyst,9.0,100000.0,UK,Mixed,Mid,Mid_Career,Senior
300,48.0,Female,Master,Director Of Hr,20.0,180000.0,USA,Hispanic,Senior,Senior_Career,Senior
301,31.0,Male,Bachelor,Junior Project Manager,3.0,55000.0,Canada,Black,Junior,Early_Career,Senior
302,38.0,Female,Bachelor,Senior Operations Coordinator,9.0,120000.0,Canada,Asian,Mid,Mid_Career,Senior
303,45.0,Male,PhD,Senior Data Engineer,16.0,150000.0,Canada,Black,Senior,Mid_Career,Senior
304,33.0,Female,Bachelor,Junior Marketing Manager,5.0,70000.0,UK,Mixed,Junior,Early_Career,Senior
305,36.0,Male,Bachelor,Senior Business Analyst,8.0,95000.0,China,Chinese,Mid,Mid_Career,Senior
306,49.0,Female,Master,Director Of Marketing,21.0,180000.0,China,White,Expert,Senior_Career,Senior
307,31.0,Male,Bachelor,Junior Operations Analyst,3.0,50000.0,Canada,Black,Junior,Early_Career,Junior
308,42.0,Female,Bachelor,Senior Project Manager,12.0,120000.0,Australia,White,Senior,Mid_Career,Senior
309,47.0,Male,Master,Director Of Marketing,19.0,170000.0,UK,White,Senior,Senior_Career,Senior
310,29.0,Female,Bachelor,Junior Business Development Associate,1.5,35000.0,Australia,White,Entry,Early_Career,Junior
311,35.0,Male,Bachelor,Senior Financial Manager,9.0,100000.0,Australia,Asian,Mid,Early_Career,Senior
312,44.0,Female,PhD,Senior Product Designer,15.0,150000.0,Australia,Asian,Senior,Mid_Career,Senior
313,33.0,Male,Bachelor,Junior Business Analyst,4.0,60000.0,UK,White,Junior,Early_Career,Junior
314,35.0,Female,Bachelor,Senior Marketing Analyst,8.0,85000.0,Canada,Black,Mid,Early_Career,Senior
315,44.0,Male,Bachelor,Senior Software Engineer,13.0,130000.0,Australia,White,Senior,Mid_Career,Senior
316,34.0,Female,Master,Senior Financial Advisor,6.0,80000.0,Canada,White,Mid,Early_Career,Senior
317,36.0,Male,Bachelor,Senior Marketing Specialist,8.0,95000.0,Canada,White,Mid,Mid_Career,Senior
318,30.0,Female,Bachelor,Junior Hr Coordinator,2.0,40000.0,UK,Welsh,Entry,Early_Career,Junior
319,37.0,Male,Bachelor,Senior Business Development Manager,10.0,120000.0,China,Chinese,Mid,Mid_Career,Senior
320,45.0,Female,Master,Senior Marketing Manager,16.0,160000.0,Canada,Black,Senior,Mid_Career,Senior
321,32.0,Male,Bachelor,Junior Financial Advisor,4.0,65000.0,USA,Hispanic,Junior,Early_Career,Junior
322,39.0,Female,Bachelor,Senior Project Manager,12.0,130000.0,Canada,White,Senior,Mid_Career,Senior
323,47.0,Male,PhD,Director Of Engineering,20.0,180000.0,China,White,Senior,Senior_Career,Senior
324,29.0,Female,Bachelor,Junior Marketing Analyst,2.0,40000.0,Australia,Australian,Entry,Early_Career,Junior
325,36.0,Male,Bachelor,Senior Operations Manager,9.0,100000.0,UK,Asian,Mid,Mid_Career,Senior
326,43.0,Female,PhD,Senior Data Scientist,15.0,150000.0,USA,African American,Senior,Mid_Career,Senior
327,32.0,Male,Bachelor,Junior Marketing Coordinator,3.0,55000.0,Canada,White,Junior,Early_Career,Junior
328,38.0,Female,Bachelor,Senior Business Analyst,10.0,110000.0,China,White,Mid,Mid_Career,Senior
329,48.0,Male,Master,Director Of Marketing,21.0,180000.0,China,Chinese,Expert,Senior_Career,Senior
330,31.0,Female,Bachelor,Junior Business Development Associate,3.0,50000.0,China,Korean,Junior,Early_Career,Junior
331,40.0,Male,Bachelor,Senior Financial Analyst,12.0,130000.0,Australia,White,Senior,Mid_Career,Senior
332,45.0,Female,PhD,Senior Ux Designer,16.0,160000.0,Australia,Asian,Senior,Mid_Career,Senior
333,33.0,Male,Bachelor,Junior Product Manager,4.0,60000.0,Canada,Asian,Junior,Early_Career,Senior
334,36.0,Female,Bachelor,Senior Marketing Manager,8.0,95000.0,China,Korean,Mid,Mid_Career,Senior
335,47.0,Male,Master,Director Of Operations,19.0,170000.0,China,Chinese,Senior,Senior_Career,Senior
336,29.0,Female,Bachelor,Junior Project Manager,2.0,40000.0,UK,Mixed,Entry,Early_Career,Senior
337,34.0,Male,Bachelor,Senior Operations Coordinator,7.0,90000.0,UK,Asian,Mid,Early_Career,Senior
338,44.0,Female,PhD,Senior Business Analyst,15.0,150000.0,UK,White,Senior,Mid_Career,Senior
339,33.0,Male,Bachelor,Junior Marketing Specialist,5.0,70000.0,UK,Welsh,Junior,Early_Career,Junior
340,35.0,Female,Bachelor,Senior Financial Manager,8.0,90000.0,Australia,White,Mid,Early_Career,Senior
341,43.0,Male,Master,Director Of Marketing,18.0,170000.0,China,Korean,Senior,Mid_Career,Senior
342,31.0,Female,Bachelor,Junior Financial Analyst,3.0,50000.0,UK,Asian,Junior,Early_Career,Junior
343,41.0,Male,Bachelor,Senior Product Manager,14.0,150000.0,Canada,White,Senior,Mid_Career,Senior
344,44.0,Female,PhD,Senior Data Engineer,16.0,160000.0,Canada,Asian,Senior,Mid_Career,Senior
345,33.0,Male,Bachelor,Junior Business Analyst,4.0,60000.0,Canada,Black,Junior,Early_Career,Junior
346,35.0,Female,Bachelor,Senior Marketing Analyst,8.0,85000.0,Canada,Asian,Mid,Early_Career,Senior
347,45.0,Male,Master,Director Of Engineering,19.0,180000.0,China,Chinese,Senior,Mid_Career,Senior
348,28.0,Female,Bachelor,Junior Operations Manager,1.0,35000.0,Canada,Asian,Entry,Early_Career,Senior
349,36.0,Male,Bachelor,Senior Business Development Manager,8.0,110000.0,USA,Asian,Mid,Mid_Career,Senior
350,44.0,Female,PhD,Senior Data Scientist,16.0,160000.0,China,Chinese,Senior,Mid_Career,Senior
351,31.0,Male,Bachelor,Junior Marketing Coordinator,3.0,55000.0,Canada,Black,Junior,Early_Career,Junior
352,38.0,Female,Bachelor,Senior Business Analyst,10.0,110000.0,Canada,Black,Mid,Mid_Career,Senior
353,48.0,Male,Master,Director Of Marketing,21.0,180000.0,Canada,Asian,Expert,Senior_Career,Senior
354,31.0,Female,Bachelor,Junior Business Development Associate,3.0,50000.0,Canada,Black,Junior,Early_Career,Junior
355,40.0,Male,Bachelor,Senior Financial Analyst,12.0,130000.0,USA,White,Senior,Mid_Career,Senior
356,45.0,Female,PhD,Senior Ux Designer,16.0,160000.0,UK,Asian,Senior,Mid_Career,Senior
357,33.0,Male,Bachelor,Junior Product Manager,4.0,60000.0,Canada,White,Junior,Early_Career,Senior
358,36.0,Female,Bachelor,Senior Marketing Manager,8.0,95000.0,UK,Welsh,Mid,Mid_Career,Senior
359,47.0,Male,Master,Director Of Operations,19.0,170000.0,UK,Welsh,Senior,Senior_Career,Senior
360,29.0,Female,Bachelor,Junior Project Manager,2.0,40000.0,Australia,Australian,Entry,Early_Career,Senior
361,34.0,Male,Bachelor,Senior Operations Coordinator,7.0,90000.0,China,Chinese,Mid,Early_Career,Senior
362,44.0,Female,PhD,Senior Business Analyst,15.0,150000.0,UK,Welsh,Senior,Mid_Career,Senior
363,33.0,Male,Bachelor,Junior Marketing Specialist,5.0,70000.0,Canada,White,Junior,Early_Career,Junior
364,35.0,Female,Bachelor,Senior Financial Manager,8.0,90000.0,China,Chinese,Mid,Early_Career,Senior
365,43.0,Male,Master,Director Of Marketing,18.0,170000.0,Canada,Asian,Senior,Mid_Career,Senior
366,31.0,Female,Bachelor,Junior Financial Analyst,3.0,50000.0,Canada,Black,Junior,Early_Career,Junior
367,41.0,Male,Bachelor,Senior Product Manager,14.0,150000.0,China,Chinese,Senior,Mid_Career,Senior
368,44.0,Female,PhD,Senior Data Engineer,16.0,160000.0,Australia,White,Senior,Mid_Career,Senior
369,33.0,Male,Bachelor,Junior Business Analyst,4.0,60000.0,UK,Welsh,Junior,Early_Career,Junior
370,35.0,Female,Bachelor,Senior Marketing Analyst,8.0,85000.0,China,White,Mid,Early_Career,Senior
371,43.0,Male,Master,Director Of Operations,19.0,170000.0,China,White,Senior,Mid_Career,Senior
372,29.0,Female,Bachelor,Junior Project Manager,2.0,40000.0,USA,Asian,Entry,Early_Career,Senior
373,34.0,Male,Bachelor,Senior Operations Coordinator,7.0,90000.0,China,White,Mid,Early_Career,Senior
374,44.0,Female,PhD,Senior Business Analyst,15.0,150000.0,UK,White,Senior,Mid_Career,Senior
375,31.0,Male,Master,Data Scientist,6.0,160000.0,Australia,White,Mid,Early_Career,Junior
376,28.0,Female,Bachelor,Software Engineer,3.0,125000.0,Canada,Black,Junior,Early_Career,Junior
377,26.0,Male,Master,Product Manager,2.0,120000.0,China,White,Entry,Early_Career,Senior
378,27.0,Female,Bachelor,Data Analyst,2.0,110000.0,UK,Mixed,Entry,Early_Career,Junior
379,30.0,Male,PhD,Data Scientist,5.0,180000.0,China,Korean,Junior,Early_Career,Junior
380,29.0,Female,Bachelor,Software Engineer,4.0,140000.0,Australia,White,Junior,Early_Career,Junior
381,32.0,Male,Bachelor,Product Manager,7.0,170000.0,USA,Asian,Mid,Early_Career,Senior
382,25.0,Female,Master,Data Analyst,1.0,100000.0,China,White,Entry,Young,Junior
383,33.0,Male,PhD,Data Scientist,8.0,190000.0,UK,Mixed,Mid,Early_Career,Junior
384,31.0,Female,Bachelor,Software Engineer,6.0,155000.0,UK,Welsh,Mid,Early_Career,Junior
385,28.0,Male,Master,Product Manager,3.0,130000.0,Canada,Black,Junior,Early_Career,Senior
386,30.0,Female,Bachelor,Data Analyst,5.0,145000.0,USA,African American,Junior,Early_Career,Junior
387,27.0,Male,PhD,Data Scientist,2.0,115000.0,USA,African American,Entry,Early_Career,Junior
388,29.0,Female,Bachelor,Software Engineer,4.0,140000.0,USA,Hispanic,Junior,Early_Career,Junior
389,34.0,Male,Bachelor,Product Manager,9.0,185000.0,China,Chinese,Mid,Early_Career,Senior
390,25.0,Female,Master,Data Analyst,1.0,100000.0,Australia,Australian,Entry,Young,Junior
391,33.0,Male,PhD,Data Scientist,8.0,190000.0,Canada,Black,Mid,Early_Career,Junior
392,31.0,Female,Bachelor,Software Engineer,6.0,155000.0,UK,Welsh,Mid,Early_Career,Junior
393,28.0,Male,Master,Product Manager,3.0,130000.0,Australia,White,Junior,Early_Career,Senior
394,30.0,Female,Bachelor,Data Analyst,5.0,145000.0,Australia,White,Junior,Early_Career,Junior
395,28.0,Male,Bachelor,Software Engineer,3.0,125000.0,China,Korean,Junior,Early_Career,Junior
396,26.0,Female,Master,Product Manager,2.0,120000.0,USA,White,Entry,Early_Career,Senior
397,27.0,Male,Bachelor,Data Analyst,2.0,110000.0,USA,African American,Entry,Early_Career,Junior
398,30.0,Female,PhD,Data Scientist,5.0,180000.0,China,Korean,Junior,Early_Career,Junior
399,29.0,Male,Bachelor,Software Engineer,4.0,140000.0,USA,Hispanic,Junior,Early_Career,Junior
400,32.0,Male,Bachelor,Product Manager,7.0,170000.0,China,Chinese,Mid,Early_Career,Senior
401,25.0,Female,Master,Data Analyst,1.0,100000.0,Australia,Asian,Entry,Young,Junior
402,33.0,Male,PhD,Data Scientist,8.0,190000.0,Canada,Asian,Mid,Early_Career,Junior
403,31.0,Female,Bachelor,Software Engineer,6.0,155000.0,Australia,Australian,Mid,Early_Career,Junior
404,28.0,Male,Master,Product Manager,3.0,130000.0,Canada,Asian,Junior,Early_Career,Senior
405,30.0,Female,Bachelor,Data Analyst,5.0,145000.0,Canada,Asian,Junior,Early_Career,Junior
406,27.0,Male,PhD,Data Scientist,2.0,115000.0,UK,Asian,Entry,Early_Career,Junior
407,29.0,Female,Bachelor,Software Engineer,4.0,140000.0,Australia,White,Junior,Early_Career,Junior
408,34.0,Male,Bachelor,Product Manager,9.0,185000.0,Canada,White,Mid,Early_Career,Senior
409,25.0,Female,Master,Data Analyst,1.0,100000.0,China,White,Entry,Young,Junior
410,33.0,Male,PhD,Data Scientist,8.0,190000.0,UK,White,Mid,Early_Career,Junior
411,31.0,Female,Bachelor,Software Engineer,6.0,155000.0,Australia,Australian,Mid,Early_Career,Junior
412,28.0,Male,Master,Product Manager,3.0,130000.0,Canada,Asian,Junior,Early_Career,Senior
413,30.0,Female,Bachelor,Data Analyst,5.0,145000.0,Canada,White,Junior,Early_Career,Junior
414,28.0,Male,Bachelor,Software Engineer,3.0,125000.0,Australia,Asian,Junior,Early_Career,Junior
415,26.0,Female,Master,Product Manager,2.0,120000.0,USA,White,Entry,Early_Career,Senior
416,27.0,Male,Bachelor,Data Analyst,2.0,110000.0,Australia,White,Entry,Early_Career,Junior
417,30.0,Female,PhD,Data Scientist,5.0,180000.0,Canada,Black,Junior,Early_Career,Junior
418,29.0,Male,Bachelor,Software Engineer,4.0,140000.0,Australia,Asian,Junior,Early_Career,Junior
419,32.0,Male,Bachelor,Product Manager,7.0,170000.0,USA,African American,Mid,Early_Career,Senior
420,25.0,Female,Master,Data Analyst,1.0,100000.0,Canada,Black,Entry,Young,Junior
421,33.0,Male,PhD,Data Scientist,8.0,190000.0,Australia,Australian,Mid,Early_Career,Junior
422,31.0,Female,Bachelor,Software Engineer,6.0,155000.0,China,Chinese,Mid,Early_Career,Junior
423,28.0,Male,Master,Product Manager,3.0,130000.0,UK,Mixed,Junior,Early_Career,Senior
424,30.0,Female,Bachelor,Data Analyst,5.0,145000.0,China,White,Junior,Early_Career,Junior
425,27.0,Male,PhD,Data Scientist,2.0,115000.0,Australia,Australian,Entry,Early_Career,Junior
426,29.0,Female,Bachelor,Software Engineer,4.0,140000.0,China,Korean,Junior,Early_Career,Junior
427,34.0,Male,Bachelor,Product Manager,9.0,185000.0,China,Korean,Mid,Early_Career,Senior
428,25.0,Female,Master,Data Analyst,1.0,100000.0,China,Chinese,Entry,Young,Junior
429,33.0,Male,PhD,Data Scientist,8.0,190000.0,USA,Asian,Mid,Early_Career,Junior
430,31.0,Female,Bachelor,Software Engineer,6.0,155000.0,Australia,Asian,Mid,Early_Career,Junior
431,28.0,Male,Master,Product Manager,3.0,130000.0,Australia,Australian,Junior,Early_Career,Senior
432,30.0,Female,Bachelor,Data Analyst,5.0,145000.0,Australia,Australian,Junior,Early_Career,Junior
433,28.0,Male,Bachelor,Software Engineer,3.0,125000.0,Canada,Black,Junior,Early_Career,Junior
434,26.0,Female,Master,Product Manager,2.0,120000.0,UK,Asian,Entry,Early_Career,Senior
435,27.0,Male,Bachelor,Data Analyst,2.0,110000.0,China,White,Entry,Early_Career,Junior
436,30.0,Female,PhD,Data Scientist,5.0,180000.0,USA,African American,Junior,Early_Career,Junior
437,29.0,Male,Bachelor,Software Engineer,4.0,140000.0,Canada,Asian,Junior,Early_Career,Junior
438,32.0,Male,Bachelor,Product Manager,7.0,170000.0,China,Korean,Mid,Early_Career,Senior
439,25.0,Female,Master,Data Analyst,1.0,100000.0,Australia,Asian,Entry,Young,Junior
440,33.0,Male,PhD,Data Scientist,8.0,190000.0,USA,Asian,Mid,Early_Career,Junior
441,31.0,Female,Bachelor,Software Engineer,6.0,155000.0,China,Chinese,Mid,Early_Career,Junior
442,28.0,Male,Master,Product Manager,3.0,130000.0,USA,Hispanic,Junior,Early_Career,Senior
443,30.0,Female,Bachelor,Data Analyst,5.0,145000.0,USA,White,Junior,Early_Career,Junior
444,27.0,Male,PhD,Data Scientist,2.0,115000.0,China,Korean,Entry,Early_Career,Junior
445,29.0,Female,Bachelor,Software Engineer,4.0,140000.0,USA,African American,Junior,Early_Career,Junior
446,34.0,Male,Bachelor,Product Manager,9.0,185000.0,China,Chinese,Mid,Early_Career,Senior
447,25.0,Female,Master,Data Analyst,1.0,100000.0,UK,Mixed,Entry,Young,Junior
448,33.0,Male,PhD,Data Scientist,8.0,190000.0,UK,Welsh,Mid,Early_Career,Junior
449,31.0,Female,Bachelor,Software Engineer,6.0,155000.0,Australia,Asian,Mid,Early_Career,Junior
450,28.0,Male,Master,Product Manager,3.0,130000.0,USA,Asian,Junior,Early_Career,Senior
451,30.0,Female,Bachelor,Data Analyst,5.0,145000.0,Australia,White,Junior,Early_Career,Junior
452,27.0,Male,PhD,Data Scientist,2.0,115000.0,China,Korean,Entry,Early_Career,Junior
453,29.0,Female,Bachelor,Software Engineer,4.0,140000.0,USA,Hispanic,Junior,Early_Career,Junior
454,34.0,Male,Bachelor,Product Manager,9.0,185000.0,UK,Mixed,Mid,Early_Career,Senior
455,25.0,Female,Master,Data Analyst,1.0,100000.0,Australia,Australian,Entry,Young,Junior
456,33.0,Male,PhD,Data Scientist,8.0,190000.0,China,Chinese,Mid,Early_Career,Junior
457,31.0,Female,Bachelor,Software Engineer,6.0,155000.0,USA,Hispanic,Mid,Early_Career,Junior
458,28.0,Male,Master,Product Manager,3.0,130000.0,Canada,Asian,Junior,Early_Career,Senior
459,30.0,Female,Bachelor,Data Analyst,5.0,145000.0,Australia,Asian,Junior,Early_Career,Junior
460,28.0,Male,Bachelor,Software Engineer,3.0,125000.0,Australia,Asian,Junior,Early_Career,Junior
461,26.0,Female,Master,Product Manager,2.0,120000.0,Australia,Australian,Entry,Early_Career,Senior
462,27.0,Male,Bachelor,Data Analyst,2.0,110000.0,Australia,Asian,Entry,Early_Career,Junior
463,30.0,Female,PhD,Data Scientist,5.0,180000.0,USA,Asian,Junior,Early_Career,Junior
464,29.0,Male,Bachelor,Software Engineer,4.0,140000.0,USA,Hispanic,Junior,Early_Career,Junior
465,32.0,Male,Bachelor,Product Manager,7.0,170000.0,Canada,White,Mid,Early_Career,Senior
466,25.0,Female,Master,Data Analyst,1.0,100000.0,UK,Welsh,Entry,Young,Junior
467,33.0,Male,PhD,Data Scientist,8.0,190000.0,China,Korean,Mid,Early_Career,Junior
468,31.0,Female,Bachelor,Software Engineer,6.0,155000.0,USA,Asian,Mid,Early_Career,Junior
469,28.0,Male,Master,Product Manager,3.0,130000.0,UK,Mixed,Junior,Early_Career,Senior
470,30.0,Female,Bachelor,Data Analyst,5.0,145000.0,Australia,White,Junior,Early_Career,Junior
471,27.0,Male,PhD,Data Scientist,2.0,115000.0,Australia,Asian,Entry,Early_Career,Junior
472,29.0,Female,Bachelor,Software Engineer,4.0,140000.0,China,Korean,Junior,Early_Career,Junior
473,34.0,Male,Bachelor,Product Manager,9.0,185000.0,China,Korean,Mid,Early_Career,Senior
474,25.0,Female,Master,Data Analyst,1.0,100000.0,Canada,Asian,Entry,Young,Junior
475,33.0,Male,PhD,Data Scientist,8.0,190000.0,UK,Mixed,Mid,Early_Career,Junior
476,31.0,Female,Bachelor,Software Engineer,6.0,155000.0,UK,Welsh,Mid,Early_Career,Junior
477,28.0,Male,Master,Product Manager,3.0,130000.0,UK,Asian,Junior,Early_Career,Senior
478,30.0,Female,Bachelor,Data Analyst,5.0,145000.0,China,Chinese,Junior,Early_Career,Junior
479,27.0,Male,PhD,Data Scientist,2.0,115000.0,UK,Welsh,Entry,Early_Career,Junior
480,29.0,Female,Bachelor,Software Engineer,4.0,140000.0,China,Chinese,Junior,Early_Career,Junior
481,34.0,Male,Bachelor,Product Manager,9.0,185000.0,China,White,Mid,Early_Career,Senior
482,25.0,Female,Master,Data Analyst,1.0,100000.0,UK,White,Entry,Young,Junior
483,33.0,Male,PhD,Data Scientist,8.0,190000.0,UK,Mixed,Mid,Early_Career,Junior
484,31.0,Female,Bachelor,Software Engineer,6.0,155000.0,China,Chinese,Mid,Early_Career,Junior
485,28.0,Male,Master,Product Manager,3.0,130000.0,Canada,White,Junior,Early_Career,Senior
486,30.0,Female,Bachelor,Data Analyst,5.0,145000.0,USA,White,Junior,Early_Career,Junior
487,27.0,Male,PhD,Data Scientist,2.0,115000.0,UK,Mixed,Entry,Early_Career,Junior
488,29.0,Female,Bachelor,Software Engineer,4.0,140000.0,USA,White,Junior,Early_Career,Junior
489,34.0,Male,Bachelor,Product Manager,9.0,185000.0,Australia,Asian,Mid,Early_Career,Senior
490,25.0,Female,Master,Data Analyst,1.0,100000.0,Australia,Asian,Entry,Young,Junior
491,33.0,Male,PhD,Data Scientist,8.0,190000.0,Canada,Asian,Mid,Early_Career,Junior
492,31.0,Female,Bachelor,Software Engineer,6.0,155000.0,Australia,Australian,Mid,Early_Career,Junior
493,28.0,Male,Master,Product Manager,3.0,130000.0,Canada,Asian,Junior,Early_Career,Senior
494,30.0,Female,Bachelor,Data Analyst,5.0,145000.0,China,Chinese,Junior,Early_Career,Junior
495,27.0,Male,PhD,Data Scientist,2.0,115000.0,Australia,White,Entry,Early_Career,Junior
496,29.0,Female,Bachelor,Software Engineer,4.0,140000.0,China,Chinese,Junior,Early_Career,Junior
497,34.0,Male,Bachelor,Product Manager,9.0,185000.0,Canada,White,Mid,Early_Career,Senior
498,25.0,Female,Master,Data Analyst,1.0,100000.0,China,Korean,Entry,Young,Junior
499,33.0,Male,PhD,Data Scientist,8.0,190000.0,UK,Mixed,Mid,Early_Career,Junior
500,31.0,Female,Bachelor,Software Engineer,6.0,155000.0,USA,White,Mid,Early_Career,Junior
501,28.0,Male,Master,Product Manager,3.0,130000.0,Australia,White,Junior,Early_Career,Senior
502,30.0,Female,Bachelor,Data Analyst,5.0,145000.0,USA,Hispanic,Junior,Early_Career,Junior
503,27.0,Male,PhD,Data Scientist,2.0,115000.0,UK,Welsh,Entry,Early_Career,Junior
504,29.0,Female,Bachelor,Software Engineer,4.0,140000.0,Canada,Asian,Junior,Early_Career,Junior
505,34.0,Male,Bachelor,Product Manager,9.0,185000.0,Australia,Australian,Mid,Early_Career,Senior
506,26.0,Male,Bachelor,Data Analyst,3.0,130000.0,Australia,Australian,Junior,Early_Career,Junior
507,29.0,Female,Master,Data Scientist,6.0,180000.0,UK,Asian,Mid,Early_Career,Junior
508,32.0,Male,Bachelor,Software Engineer,8.0,190000.0,Australia,White,Mid,Early_Career,Junior
509,27.0,Female,Bachelor,Product Manager,4.0,150000.0,UK,Welsh,Junior,Early_Career,Senior
510,24.0,Male,Bachelor,Data Analyst,1.0,90000.0,China,Chinese,Entry,Young,Junior
511,31.0,Female,Master,Data Scientist,9.0,195000.0,UK,Asian,Mid,Early_Career,Junior
512,28.0,Male,Bachelor,Software Engineer,5.0,160000.0,China,White,Junior,Early_Career,Junior
513,33.0,Female,Master,Product Manager,11.0,198000.0,USA,African American,Senior,Early_Career,Senior
514,25.0,Male,Bachelor,Data Analyst,2.0,110000.0,USA,Hispanic,Entry,Young,Junior
515,30.0,Female,PhD,Data Scientist,7.0,185000.0,China,Korean,Mid,Early_Career,Junior
516,27.0,Male,Bachelor,Software Engineer,4.0,140000.0,UK,Mixed,Junior,Early_Career,Junior
517,34.0,Female,Master,Product Manager,12.0,196000.0,China,Chinese,Senior,Early_Career,Senior
518,23.0,Male,Bachelor,Data Analyst,1.0,95000.0,China,Korean,Entry,Young,Junior
519,32.0,Female,PhD,Data Scientist,10.0,193000.0,Australia,White,Mid,Early_Career,Junior
520,29.0,Male,Bachelor,Software Engineer,6.0,175000.0,Australia,White,Mid,Early_Career,Junior
521,30.0,Female,Bachelor,Product Manager,5.0,160000.0,Australia,White,Junior,Early_Career,Senior
522,26.0,Male,Bachelor,Data Analyst,3.0,130000.0,Canada,Black,Junior,Early_Career,Junior
523,31.0,Female,Master,Data Scientist,6.0,180000.0,China,Korean,Mid,Early_Career,Junior
524,28.0,Male,Bachelor,Software Engineer,5.0,160000.0,USA,African American,Junior,Early_Career,Junior
525,33.0,Female,Master,Product Manager,11.0,198000.0,UK,Mixed,Senior,Early_Career,Senior
526,24.0,Male,Bachelor,Data Analyst,1.0,90000.0,China,White,Entry,Young,Junior
527,30.0,Female,PhD,Data Scientist,7.0,185000.0,Canada,White,Mid,Early_Career,Junior
528,27.0,Male,Bachelor,Software Engineer,4.0,140000.0,Canada,Black,Junior,Early_Career,Junior
529,34.0,Female,Master,Product Manager,12.0,196000.0,Canada,White,Senior,Early_Career,Senior
530,25.0,Male,Bachelor,Data Analyst,2.0,110000.0,China,Chinese,Entry,Young,Junior
531,29.0,Female,Master,Data Scientist,6.0,180000.0,USA,White,Mid,Early_Career,Junior
532,32.0,Male,Bachelor,Software Engineer,8.0,190000.0,Australia,White,Mid,Early_Career,Junior
533,27.0,Female,Bachelor,Product Manager,4.0,150000.0,China,White,Junior,Early_Career,Senior
534,31.0,Male,Bachelor,Data Analyst,9.0,195000.0,China,Korean,Mid,Early_Career,Junior
535,28.0,Female,Bachelor,Software Engineer,5.0,160000.0,Australia,Asian,Junior,Early_Career,Junior
536,33.0,Male,Master,Product Manager,11.0,198000.0,UK,White,Senior,Early_Career,Senior
537,26.0,Female,Bachelor,Data Analyst,3.0,130000.0,Australia,White,Junior,Early_Career,Junior
538,30.0,Male,PhD,Data Scientist,7.0,185000.0,USA,African American,Mid,Early_Career,Junior
539,27.0,Female,Bachelor,Software Engineer,4.0,140000.0,UK,Welsh,Junior,Early_Career,Junior
540,34.0,Male,Master,Product Manager,12.0,196000.0,China,Korean,Senior,Early_Career,Senior
541,25.0,Female,Bachelor,Data Analyst,2.0,110000.0,China,Korean,Entry,Young,Junior
542,32.0,Male,Bachelor,Software Engineer,8.0,190000.0,UK,Asian,Mid,Early_Career,Junior
543,29.0,Female,Master,Data Scientist,6.0,180000.0,USA,White,Mid,Early_Career,Junior
544,30.0,Male,Bachelor,Data Analyst,5.0,160000.0,USA,African American,Junior,Early_Career,Junior
545,33.0,Female,Master,Product Manager,11.0,198000.0,USA,White,Senior,Early_Career,Senior
546,24.0,Male,Bachelor,Data Analyst,1.0,90000.0,USA,African American,Entry,Young,Junior
547,31.0,Female,PhD,Data Scientist,9.0,195000.0,Australia,White,Mid,Early_Career,Junior
548,28.0,Male,Bachelor,Software Engineer,5.0,160000.0,Australia,Asian,Junior,Early_Career,Junior
549,27.0,Female,Bachelor,Product Manager,4.0,150000.0,UK,White,Junior,Early_Career,Senior
550,26.0,Male,Bachelor,Data Analyst,3.0,130000.0,Canada,White,Junior,Early_Career,Junior
551,29.0,Female,Master,Data Scientist,6.0,180000.0,Canada,White,Mid,Early_Career,Junior
552,32.0,Male,Bachelor,Software Engineer,8.0,190000.0,China,White,Mid,Early_Career,Junior
553,33.0,Female,Master,Product Manager,11.0,198000.0,UK,White,Senior,Early_Career,Senior
554,25.0,Male,Bachelor,Data Analyst,2.0,110000.0,Australia,White,Entry,Young,Junior
555,30.0,Female,PhD,Data Scientist,7.0,185000.0,USA,Asian,Mid,Early_Career,Junior
556,27.0,Male,Bachelor,Software Engineer,4.0,140000.0,China,Chinese,Junior,Early_Career,Junior
557,34.0,Female,Master,Product Manager,12.0,196000.0,UK,Mixed,Senior,Early_Career,Senior
558,31.0,Male,Bachelor,Data Analyst,9.0,195000.0,Canada,Asian,Mid,Early_Career,Junior
559,28.0,Female,Bachelor,Software Engineer,5.0,160000.0,China,White,Junior,Early_Career,Junior
560,26.0,Male,Bachelor,Data Analyst,3.0,130000.0,Australia,Australian,Junior,Early_Career,Junior
561,29.0,Female,Master,Data Scientist,6.0,180000.0,China,White,Mid,Early_Career,Junior
562,32.0,Male,Bachelor,Software Engineer,8.0,190000.0,Australia,Australian,Mid,Early_Career,Junior
563,33.0,Female,Master,Product Manager,11.0,198000.0,Australia,Australian,Senior,Early_Career,Senior
564,24.0,Male,Bachelor,Data Analyst,1.0,90000.0,China,White,Entry,Young,Junior
565,27.0,Male,Bachelor,Software Engineer,4.0,140000.0,Australia,Asian,Junior,Early_Career,Junior
566,25.0,Female,Bachelor,Data Analyst,2.0,110000.0,Australia,White,Entry,Young,Junior
567,30.0,Female,PhD,Data Scientist,7.0,185000.0,USA,Asian,Mid,Early_Career,Junior
568,31.0,Male,Bachelor,Data Analyst,9.0,195000.0,UK,Asian,Mid,Early_Career,Junior
569,28.0,Female,Bachelor,Software Engineer,5.0,160000.0,Canada,Asian,Junior,Early_Career,Junior
570,26.0,Male,Bachelor,Data Analyst,3.0,130000.0,Canada,White,Junior,Early_Career,Junior
571,29.0,Female,Master,Data Scientist,6.0,180000.0,USA,Hispanic,Mid,Early_Career,Junior
572,32.0,Male,Bachelor,Software Engineer,8.0,190000.0,Australia,Australian,Mid,Early_Career,Junior
573,33.0,Female,Master,Product Manager,11.0,198000.0,Canada,Asian,Senior,Early_Career,Senior
574,24.0,Male,Bachelor,Data Analyst,1.0,90000.0,UK,Welsh,Entry,Young,Junior
575,27.0,Male,Bachelor,Software Engineer,4.0,140000.0,USA,Hispanic,Junior,Early_Career,Junior
576,25.0,Female,Bachelor,Data Analyst,2.0,110000.0,USA,African American,Entry,Young,Junior
577,30.0,Female,PhD,Data Scientist,7.0,185000.0,Australia,Asian,Mid,Early_Career,Junior
578,31.0,Male,Bachelor,Data Analyst,9.0,195000.0,China,Chinese,Mid,Early_Career,Junior
579,28.0,Female,Bachelor,Software Engineer,5.0,160000.0,Canada,Asian,Junior,Early_Career,Junior
580,26.0,Male,Bachelor,Data Analyst,3.0,130000.0,UK,Asian,Junior,Early_Career,Junior
581,29.0,Female,Master,Data Scientist,6.0,180000.0,Canada,Asian,Mid,Early_Career,Junior
582,32.0,Male,Bachelor,Software Engineer,8.0,190000.0,China,White,Mid,Early_Career,Junior
583,33.0,Female,Master,Product Manager,11.0,198000.0,Canada,White,Senior,Early_Career,Senior
584,24.0,Male,Bachelor,Data Analyst,1.0,90000.0,China,Korean,Entry,Young,Junior
585,27.0,Male,Bachelor,Software Engineer,4.0,140000.0,China,Korean,Junior,Early_Career,Junior
586,25.0,Female,Bachelor,Data Analyst,2.0,110000.0,USA,Hispanic,Entry,Young,Junior
587,30.0,Female,PhD,Data Scientist,7.0,185000.0,USA,Hispanic,Mid,Early_Career,Junior
588,31.0,Male,Bachelor,Data Analyst,9.0,195000.0,UK,Asian,Mid,Early_Career,Junior
589,28.0,Female,Bachelor,Software Engineer,5.0,160000.0,Australia,Asian,Junior,Early_Career,Junior
590,26.0,Male,Bachelor,Data Analyst,3.0,130000.0,Australia,Australian,Junior,Early_Career,Junior
591,29.0,Female,Master,Data Scientist,6.0,180000.0,Australia,Asian,Mid,Early_Career,Junior
592,32.0,Male,Bachelor,Software Engineer,8.0,190000.0,Australia,Asian,Mid,Early_Career,Junior
593,33.0,Female,Master,Product Manager,11.0,198000.0,China,White,Senior,Early_Career,Senior
594,24.0,Male,Bachelor,Data Analyst,1.0,90000.0,Canada,White,Entry,Young,Junior
595,27.0,Male,Bachelor,Software Engineer,4.0,140000.0,USA,White,Junior,Early_Career,Junior
596,25.0,Male,Bachelor,Data Analyst,2.0,125000.0,UK,White,Entry,Young,Junior
597,28.0,Female,Master,Data Scientist,6.0,175000.0,Canada,Asian,Mid,Early_Career,Junior
598,30.0,Male,Bachelor,Software Engineer,8.0,190000.0,UK,White,Mid,Early_Career,Junior
599,27.0,Female,Bachelor,Product Manager,4.0,150000.0,UK,Welsh,Junior,Early_Career,Senior
600,24.0,Male,Bachelor,Data Analyst,1.0,95000.0,UK,Mixed,Entry,Young,Junior
601,31.0,Male,Master,Data Scientist,9.0,195000.0,Canada,White,Mid,Early_Career,Junior
602,28.0,Male,Bachelor,Software Engineer,5.0,160000.0,USA,African American,Junior,Early_Career,Junior
603,33.0,Female,Master,Product Manager,11.0,198000.0,Australia,White,Senior,Early_Career,Senior
604,26.0,Male,Bachelor,Data Analyst,3.0,130000.0,Canada,Asian,Junior,Early_Career,Junior
605,30.0,Female,PhD,Data Scientist,7.0,185000.0,China,Chinese,Mid,Early_Career,Junior
606,27.0,Male,Bachelor,Software Engineer,4.0,140000.0,Australia,White,Junior,Early_Career,Junior
607,34.0,Female,Master,Product Manager,12.0,196000.0,UK,Asian,Senior,Early_Career,Senior
608,23.0,Male,Bachelor,Data Analyst,1.0,90000.0,Canada,Asian,Entry,Young,Junior
609,32.0,Female,PhD,Data Scientist,10.0,193000.0,Canada,Black,Mid,Early_Career,Junior
610,29.0,Male,Bachelor,Software Engineer,6.0,170000.0,USA,Hispanic,Mid,Early_Career,Junior
611,30.0,Female,Bachelor,Product Manager,5.0,160000.0,China,White,Junior,Early_Career,Senior
612,26.0,Male,Bachelor,Data Analyst,3.0,135000.0,Canada,Asian,Junior,Early_Career,Junior
613,31.0,Female,Master,Data Scientist,6.0,180000.0,Canada,White,Mid,Early_Career,Junior
614,28.0,Male,Bachelor,Software Engineer,5.0,160000.0,UK,Mixed,Junior,Early_Career,Junior
615,33.0,Female,Master,Product Manager,11.0,198000.0,Canada,Black,Senior,Early_Career,Senior
616,24.0,Male,Bachelor,Data Analyst,1.0,90000.0,Australia,White,Entry,Young,Junior
617,30.0,Female,PhD,Data Scientist,7.0,185000.0,China,Korean,Mid,Early_Career,Junior
618,27.0,Male,Bachelor,Software Engineer,4.0,140000.0,Australia,Australian,Junior,Early_Career,Junior
619,34.0,Female,Master,Product Manager,12.0,196000.0,USA,Asian,Senior,Early_Career,Senior
620,25.0,Male,Bachelor,Data Analyst,2.0,115000.0,China,Korean,Entry,Young,Junior
621,29.0,Female,Master,Data Scientist,6.0,180000.0,Canada,Asian,Mid,Early_Career,Junior
622,32.0,Male,Bachelor,Software Engineer,8.0,190000.0,China,Korean,Mid,Early_Career,Junior
623,27.0,Female,Bachelor,Product Manager,4.0,150000.0,USA,African American,Junior,Early_Career,Senior
624,31.0,Male,Bachelor,Data Analyst,9.0,195000.0,UK,Asian,Mid,Early_Career,Junior
625,28.0,Female,Bachelor,Software Engineer,5.0,160000.0,UK,Asian,Junior,Early_Career,Junior
626,33.0,Male,Master,Product Manager,11.0,198000.0,UK,Mixed,Senior,Early_Career,Senior
627,26.0,Female,Bachelor,Data Analyst,3.0,130000.0,Canada,Asian,Junior,Early_Career,Junior
628,30.0,Male,PhD,Data Scientist,7.0,185000.0,UK,Welsh,Mid,Early_Career,Junior
629,27.0,Female,Bachelor,Software Engineer,4.0,140000.0,Canada,White,Junior,Early_Career,Junior
630,34.0,Male,Master,Product Manager,12.0,196000.0,China,Korean,Senior,Early_Career,Senior
631,25.0,Female,Bachelor,Data Analyst,2.0,110000.0,Australia,Asian,Entry,Young,Junior
632,32.0,Male,Bachelor,Software Engineer,8.0,190000.0,Canada,Black,Mid,Early_Career,Junior
633,29.0,Female,Master,Data Scientist,6.0,180000.0,China,White,Mid,Early_Career,Junior
634,30.0,Male,Bachelor,Data Analyst,5.0,160000.0,China,Chinese,Junior,Early_Career,Junior
635,33.0,Female,Master,Product Manager,11.0,198000.0,UK,Welsh,Senior,Early_Career,Senior
636,24.0,Male,Bachelor,Data Analyst,1.0,90000.0,Canada,Asian,Entry,Young,Junior
637,31.0,Female,PhD,Data Scientist,9.0,195000.0,Australia,Asian,Mid,Early_Career,Junior
638,28.0,Male,Bachelor,Software Engineer,5.0,160000.0,Canada,Black,Junior,Early_Career,Junior
639,27.0,Female,Bachelor,Product Manager,4.0,150000.0,USA,Asian,Junior,Early_Career,Senior
640,26.0,Male,Bachelor,Data Analyst,3.0,130000.0,Canada,Black,Junior,Early_Career,Junior
641,29.0,Female,Master,Data Scientist,6.0,180000.0,Canada,Black,Mid,Early_Career,Junior
642,32.0,Male,Bachelor,Software Engineer,8.0,190000.0,UK,White,Mid,Early_Career,Junior
643,33.0,Female,Master,Product Manager,11.0,198000.0,USA,African American,Senior,Early_Career,Senior
644,25.0,Male,Bachelor,Data Analyst,2.0,110000.0,UK,Welsh,Entry,Young,Junior
645,30.0,Female,PhD,Data Scientist,7.0,185000.0,UK,White,Mid,Early_Career,Junior
646,27.0,Male,Bachelor,Software Engineer,4.0,140000.0,Canada,White,Junior,Early_Career,Junior
647,34.0,Female,Master,Product Manager,12.0,196000.0,UK,Welsh,Senior,Early_Career,Senior
648,31.0,Male,Bachelor,Data Analyst,9.0,195000.0,China,Chinese,Mid,Early_Career,Junior
649,28.0,Female,Bachelor,Software Engineer,5.0,160000.0,Canada,Black,Junior,Early_Career,Junior
650,26.0,Male,Bachelor,Data Analyst,3.0,130000.0,China,Korean,Junior,Early_Career,Junior
651,29.0,Female,Master,Data Scientist,6.0,180000.0,Canada,Black,Mid,Early_Career,Junior
652,32.0,Male,Bachelor,Software Engineer,8.0,190000.0,Canada,White,Mid,Early_Career,Junior
653,33.0,Female,Master,Product Manager,11.0,198000.0,UK,Asian,Senior,Early_Career,Senior
654,24.0,Male,Bachelor,Data Analyst,1.0,90000.0,China,Korean,Entry,Young,Junior
655,27.0,Male,Bachelor,Software Engineer,4.0,140000.0,Canada,Black,Junior,Early_Career,Junior
656,25.0,Female,Bachelor,Data Analyst,2.0,110000.0,UK,White,Entry,Young,Junior
657,30.0,Female,PhD,Data Scientist,7.0,185000.0,Australia,Asian,Mid,Early_Career,Junior
658,31.0,Male,Bachelor,Data Analyst,9.0,195000.0,USA,Hispanic,Mid,Early_Career,Junior
659,28.0,Female,Bachelor,Software Engineer,5.0,160000.0,Australia,Australian,Junior,Early_Career,Junior
660,26.0,Male,Bachelor,Data Analyst,3.0,130000.0,Australia,Asian,Junior,Early_Career,Junior
661,29.0,Female,Master,Data Scientist,6.0,180000.0,Canada,Asian,Mid,Early_Career,Junior
662,32.0,Male,Bachelor,Software Engineer,8.0,190000.0,UK,Asian,Mid,Early_Career,Junior
663,33.0,Female,Master,Product Manager,11.0,198000.0,UK,Welsh,Senior,Early_Career,Senior
664,24.0,Male,Bachelor,Data Analyst,1.0,90000.0,Canada,Black,Entry,Young,Junior
665,27.0,Male,Bachelor,Software Engineer,4.0,140000.0,Canada,Black,Junior,Early_Career,Junior
666,25.0,Female,Bachelor,Data Analyst,2.0,110000.0,Australia,White,Entry,Young,Junior
667,30.0,Female,PhD,Data Scientist,7.0,185000.0,USA,White,Mid,Early_Career,Junior
668,31.0,Male,Bachelor,Data Analyst,9.0,195000.0,China,Korean,Mid,Early_Career,Junior
669,28.0,Female,Bachelor,Software Engineer,5.0,160000.0,Canada,White,Junior,Early_Career,Junior
670,26.0,Male,Bachelor,Data Analyst,3.0,130000.0,China,White,Junior,Early_Career,Junior
671,29.0,Female,Master,Data Scientist,6.0,180000.0,Australia,Asian,Mid,Early_Career,Junior
672,32.0,Male,Bachelor,Software Engineer,8.0,190000.0,USA,African American,Mid,Early_Career,Junior
673,33.0,Female,Master,Product Manager,11.0,198000.0,USA,Hispanic,Senior,Early_Career,Senior
674,24.0,Male,Bachelor,Data Analyst,1.0,90000.0,Australia,White,Entry,Young,Junior
675,27.0,Male,Bachelor,Software Engineer,4.0,140000.0,USA,Asian,Junior,Early_Career,Junior
676,23.0,Male,Bachelor,Data Analyst,1.0,90000.0,USA,White,Entry,Young,Junior
677,27.0,Female,Master,Data Scientist,4.0,150000.0,Canada,Asian,Junior,Early_Career,Junior
678,32.0,Male,Bachelor,Software Engineer,8.0,190000.0,China,White,Mid,Early_Career,Junior
679,24.0,Female,Bachelor,Product Manager,3.0,125000.0,Australia,Australian,Junior,Young,Senior
680,25.0,Male,Bachelor,Data Analyst,2.0,110000.0,China,Chinese,Entry,Young,Junior
681,31.0,Male,Master,Data Scientist,7.0,180000.0,USA,Hispanic,Mid,Early_Career,Junior
682,28.0,Male,Bachelor,Software Engineer,5.0,160000.0,UK,Asian,Junior,Early_Career,Junior
683,33.0,Female,Master,Product Manager,10.0,195000.0,China,Korean,Mid,Early_Career,Senior
684,26.0,Male,Bachelor,Data Analyst,3.0,130000.0,UK,Welsh,Junior,Early_Career,Junior
685,30.0,Female,PhD,Data Scientist,6.0,170000.0,Canada,White,Mid,Early_Career,Junior
686,27.0,Male,Bachelor,Software Engineer,4.0,140000.0,USA,Asian,Junior,Early_Career,Junior
687,34.0,Female,Master,Product Manager,11.0,196000.0,Australia,Australian,Senior,Early_Career,Senior
688,23.0,Male,Bachelor,Data Analyst,1.0,92000.0,Canada,Asian,Entry,Young,Junior
689,32.0,Female,PhD,Data Scientist,9.0,195000.0,Australia,Australian,Mid,Early_Career,Junior
690,29.0,Male,Bachelor,Software Engineer,6.0,170000.0,UK,Mixed,Mid,Early_Career,Junior
691,30.0,Female,Bachelor,Product Manager,5.0,160000.0,Canada,Asian,Junior,Early_Career,Senior
692,26.0,Male,Bachelor,Data Analyst,3.0,135000.0,UK,White,Junior,Early_Career,Junior
693,31.0,Female,Master,Data Scientist,6.0,180000.0,China,Korean,Mid,Early_Career,Junior
694,28.0,Male,Bachelor,Software Engineer,5.0,165000.0,Canada,Asian,Junior,Early_Career,Junior
695,33.0,Female,Master,Product Manager,11.0,198000.0,Australia,Australian,Senior,Early_Career,Senior
696,24.0,Male,Bachelor,Data Analyst,1.0,95000.0,UK,Asian,Entry,Young,Junior
697,30.0,Female,PhD,Data Scientist,7.0,185000.0,USA,African American,Mid,Early_Career,Junior
698,27.0,Male,Bachelor,Software Engineer,4.0,140000.0,USA,African American,Junior,Early_Career,Junior
699,34.0,Female,Master,Product Manager,12.0,196000.0,Australia,Australian,Senior,Early_Career,Senior
700,25.0,Male,Bachelor,Data Analyst,2.0,115000.0,USA,Asian,Entry,Young,Junior
701,29.0,Female,Master,Data Scientist,6.0,180000.0,Canada,White,Mid,Early_Career,Junior
702,32.0,Male,Bachelor,Software Engineer,8.0,190000.0,Canada,Asian,Mid,Early_Career,Junior
703,27.0,Female,Bachelor,Product Manager,4.0,150000.0,USA,Asian,Junior,Early_Career,Senior
704,31.0,Male,Bachelor,Data Analyst,9.0,195000.0,USA,Asian,Mid,Early_Career,Junior
705,28.0,Female,Bachelor,Software Engineer,5.0,160000.0,Australia,White,Junior,Early_Career,Junior
706,33.0,Male,Master,Product Manager,11.0,198000.0,China,Korean,Senior,Early_Career,Senior
707,26.0,Female,Bachelor,Data Analyst,3.0,130000.0,Australia,Asian,Junior,Early_Career,Junior
708,30.0,Male,PhD,Data Scientist,7.0,185000.0,UK,Welsh,Mid,Early_Career,Junior
709,27.0,Female,Bachelor,Software Engineer,4.0,140000.0,Australia,Asian,Junior,Early_Career,Junior
710,34.0,Male,Master,Product Manager,12.0,196000.0,Canada,Asian,Senior,Early_Career,Senior
711,25.0,Female,Bachelor,Data Analyst,2.0,110000.0,Canada,White,Entry,Young,Junior
712,32.0,Male,Bachelor,Software Engineer,8.0,190000.0,Australia,Asian,Mid,Early_Career,Junior
713,29.0,Female,Master,Data Scientist,6.0,180000.0,USA,Hispanic,Mid,Early_Career,Junior
714,30.0,Male,Bachelor,Data Analyst,5.0,160000.0,UK,White,Junior,Early_Career,Junior
715,33.0,Female,Master,Product Manager,11.0,198000.0,UK,Mixed,Senior,Early_Career,Senior
716,24.0,Male,Bachelor,Data Analyst,1.0,90000.0,China,White,Entry,Young,Junior
717,31.0,Female,PhD,Data Scientist,9.0,195000.0,USA,Hispanic,Mid,Early_Career,Junior
718,28.0,Male,Bachelor,Software Engineer,5.0,160000.0,Canada,White,Junior,Early_Career,Junior
719,27.0,Female,Bachelor,Product Manager,4.0,150000.0,China,Korean,Junior,Early_Career,Senior
720,26.0,Male,Bachelor,Data Analyst,3.0,130000.0,USA,Asian,Junior,Early_Career,Junior
721,29.0,Female,Master,Data Scientist,6.0,180000.0,China,Korean,Mid,Early_Career,Junior
722,32.0,Male,Bachelor,Software Engineer,8.0,190000.0,USA,Hispanic,Mid,Early_Career,Junior
723,33.0,Female,Master,Product Manager,11.0,198000.0,USA,Hispanic,Senior,Early_Career,Senior
724,25.0,Male,Bachelor,Data Analyst,2.0,110000.0,Australia,White,Entry,Young,Junior
725,30.0,Female,PhD,Data Scientist,7.0,185000.0,Canada,Asian,Mid,Early_Career,Junior
726,27.0,Male,Bachelor,Software Engineer,4.0,140000.0,USA,White,Junior,Early_Career,Junior
727,34.0,Female,Master,Product Manager,12.0,196000.0,USA,Asian,Senior,Early_Career,Senior
728,31.0,Male,Bachelor,Data Analyst,9.0,195000.0,Canada,Asian,Mid,Early_Career,Junior
729,28.0,Female,Bachelor,Software Engineer,5.0,160000.0,UK,Mixed,Junior,Early_Career,Junior
730,26.0,Male,Bachelor,Data Analyst,3.0,130000.0,Australia,Australian,Junior,Early_Career,Junior
731,29.0,Female,Master,Data Scientist,6.0,180000.0,Australia,Asian,Mid,Early_Career,Junior
732,32.0,Male,Bachelor,Software Engineer,8.0,190000.0,UK,Asian,Mid,Early_Career,Junior
733,33.0,Female,Master,Product Manager,11.0,198000.0,USA,Asian,Senior,Early_Career,Senior
734,24.0,Male,Bachelor,Data Analyst,1.0,90000.0,Australia,White,Entry,Young,Junior
735,27.0,Male,Bachelor,Software Engineer,4.0,140000.0,China,Chinese,Junior,Early_Career,Junior
736,25.0,Female,Bachelor,Data Analyst,2.0,110000.0,Australia,White,Entry,Young,Junior
737,30.0,Female,PhD,Data Scientist,7.0,185000.0,Canada,Black,Mid,Early_Career,Junior
738,31.0,Male,Bachelor,Data Analyst,9.0,195000.0,Canada,Black,Mid,Early_Career,Junior
739,28.0,Female,Bachelor,Software Engineer,5.0,160000.0,Canada,Asian,Junior,Early_Career,Junior
740,26.0,Male,Bachelor,Data Analyst,3.0,130000.0,USA,Asian,Junior,Early_Career,Junior
741,29.0,Female,Master,Data Scientist,6.0,180000.0,Australia,Asian,Mid,Early_Career,Junior
742,32.0,Male,Bachelor,Software Engineer,8.0,190000.0,USA,Asian,Mid,Early_Career,Junior
743,33.0,Female,Master,Product Manager,11.0,198000.0,USA,White,Senior,Early_Career,Senior
744,24.0,Male,Bachelor,Data Analyst,1.0,90000.0,Australia,Asian,Entry,Young,Junior
745,27.0,Male,Bachelor,Software Engineer,4.0,140000.0,UK,Welsh,Junior,Early_Career,Junior
746,25.0,Female,Bachelor,Data Analyst,2.0,110000.0,Australia,Australian,Entry,Young,Junior
747,30.0,Female,PhD,Data Scientist,7.0,185000.0,UK,Mixed,Mid,Early_Career,Junior
748,31.0,Male,Bachelor,Data Analyst,9.0,195000.0,UK,Welsh,Mid,Early_Career,Junior
749,28.0,Female,Bachelor,Software Engineer,5.0,160000.0,China,Korean,Junior,Early_Career,Junior
750,26.0,Male,Bachelor,Data Analyst,3.0,130000.0,China,Chinese,Junior,Early_Career,Junior
751,29.0,Female,Master,Data Scientist,6.0,180000.0,Australia,Asian,Mid,Early_Career,Junior
752,32.0,Male,Bachelor,Software Engineer,8.0,190000.0,UK,White,Mid,Early_Career,Junior
753,33.0,Female,Master,Product Manager,11.0,198000.0,China,Korean,Senior,Early_Career,Senior
754,24.0,Male,Bachelor,Data Analyst,1.0,90000.0,China,Chinese,Entry,Young,Junior
755,27.0,Male,Bachelor,Software Engineer,4.0,140000.0,Canada,Asian,Junior,Early_Career,Junior
756,25.0,Female,Bachelor,Data Analyst,2.0,110000.0,Canada,White,Entry,Young,Junior
757,30.0,Female,PhD,Data Scientist,7.0,185000.0,Canada,Asian,Mid,Early_Career,Junior
758,31.0,Male,Bachelor,Data Analyst,9.0,195000.0,USA,White,Mid,Early_Career,Junior
759,28.0,Female,Bachelor,Software Engineer,5.0,160000.0,UK,Asian,Junior,Early_Career,Junior
760,26.0,Male,Bachelor,Data Analyst,3.0,130000.0,Canada,Asian,Junior,Early_Career,Junior
761,29.0,Female,Master,Data Scientist,6.0,180000.0,Australia,White,Mid,Early_Career,Junior
762,32.0,Male,Bachelor,Software Engineer,8.0,190000.0,UK,Asian,Mid,Early_Career,Junior
763,33.0,Female,Master,Product Manager,11.0,198000.0,China,Chinese,Senior,Early_Career,Senior
764,24.0,Male,Bachelor,Data Analyst,1.0,90000.0,China,White,Entry,Young,Junior
765,27.0,Male,Bachelor,Software Engineer,4.0,140000.0,China,Korean,Junior,Early_Career,Junior
766,25.0,Female,Bachelor,Data Analyst,2.0,110000.0,Australia,Asian,Entry,Young,Junior
767,30.0,Female,PhD,Data Scientist,7.0,185000.0,China,Chinese,Mid,Early_Career,Junior
768,31.0,Male,Bachelor,Data Analyst,9.0,195000.0,Canada,White,Mid,Early_Career,Junior
769,28.0,Female,Bachelor,Software Engineer,5.0,160000.0,USA,White,Junior,Early_Career,Junior
770,26.0,Male,Bachelor,Data Analyst,3.0,130000.0,Canada,Black,Junior,Early_Career,Junior
771,29.0,Female,Master,Data Scientist,6.0,180000.0,Canada,Black,Mid,Early_Career,Junior
772,32.0,Male,Bachelor,Software Engineer,8.0,190000.0,Canada,White,Mid,Early_Career,Junior
773,33.0,Female,Master,Product Manager,11.0,198000.0,USA,White,Senior,Early_Career,Senior
774,24.0,Male,Bachelor,Data Analyst,1.0,90000.0,Australia,White,Entry,Young,Junior
775,27.0,Male,Bachelor,Software Engineer,4.0,140000.0,China,Chinese,Junior,Early_Career,Junior
776,25.0,Female,Bachelor,Data Analyst,2.0,110000.0,USA,Asian,Entry,Young,Junior
777,30.0,Female,PhD,Data Scientist,7.0,185000.0,UK,Asian,Mid,Early_Career,Junior
778,31.0,Male,Bachelor,Data Analyst,9.0,195000.0,USA,Hispanic,Mid,Early_Career,Junior
779,28.0,Female,Bachelor,Software Engineer,5.0,160000.0,USA,African American,Junior,Early_Career,Junior
780,26.0,Male,Bachelor,Data Analyst,3.0,130000.0,Australia,Australian,Junior,Early_Career,Junior
781,29.0,Female,Master,Data Scientist,6.0,180000.0,USA,African American,Mid,Early_Career,Junior
782,32.0,Male,Bachelor,Software Engineer,8.0,190000.0,Australia,Asian,Mid,Early_Career,Junior
783,33.0,Female,Master,Product Manager,11.0,198000.0,UK,White,Senior,Early_Career,Senior
784,24.0,Male,Bachelor,Data Analyst,1.0,90000.0,UK,White,Entry,Young,Junior
785,27.0,Male,Bachelor,Software Engineer,4.0,140000.0,China,Korean,Junior,Early_Career,Junior
786,25.0,Female,Bachelor,Data Analyst,2.0,110000.0,UK,Welsh,Entry,Young,Junior
787,30.0,Female,PhD,Data Scientist,7.0,185000.0,Australia,Australian,Mid,Early_Career,Junior
788,31.0,Male,Bachelor,Data Analyst,9.0,195000.0,Australia,Australian,Mid,Early_Career,Junior
789,28.0,Female,Bachelor,Software Engineer,5.0,160000.0,Australia,Asian,Junior,Early_Career,Junior
790,26.0,Male,Bachelor,Data Analyst,3.0,130000.0,USA,White,Junior,Early_Career,Junior
791,29.0,Female,Master,Data Scientist,6.0,180000.0,USA,African American,Mid,Early_Career,Junior
792,32.0,Male,Bachelor,Software Engineer,8.0,190000.0,UK,Asian,Mid,Early_Career,Junior
793,33.0,Female,Master,Product Manager,11.0,198000.0,Canada,Black,Senior,Early_Career,Senior
794,24.0,Male,Bachelor,Data Analyst,1.0,90000.0,China,Chinese,Entry,Young,Junior
795,27.0,Male,Bachelor,Software Engineer,4.0,140000.0,Canada,White,Junior,Early_Career,Junior
796,25.0,Female,Bachelor,Data Analyst,2.0,110000.0,USA,Asian,Entry,Young,Junior
797,30.0,Female,PhD,Data Scientist,7.0,185000.0,UK,Welsh,Mid,Early_Career,Junior
798,31.0,Male,Bachelor,Data Analyst,9.0,195000.0,Canada,White,Mid,Early_Career,Junior
799,28.0,Female,Bachelor,Software Engineer,5.0,160000.0,UK,Mixed,Junior,Early_Career,Junior
800,26.0,Male,Bachelor,Data Analyst,3.0,130000.0,China,White,Junior,Early_Career,Junior
801,29.0,Female,Master,Data Scientist,6.0,180000.0,Australia,Australian,Mid,Early_Career,Junior
802,32.0,Male,Bachelor,Software Engineer,8.0,190000.0,UK,Mixed,Mid,Early_Career,Junior
803,33.0,Female,Master,Product Manager,11.0,198000.0,USA,Asian,Senior,Early_Career,Senior
804,24.0,Male,Bachelor,Data Analyst,1.0,90000.0,China,Chinese,Entry,Young,Junior
805,27.0,Male,Bachelor,Software Engineer,4.0,140000.0,UK,Mixed,Junior,Early_Career,Junior
806,25.0,Female,Bachelor,Data Analyst,2.0,110000.0,USA,African American,Entry,Young,Junior
807,30.0,Female,PhD,Data Scientist,7.0,185000.0,China,Korean,Mid,Early_Career,Junior
808,31.0,Male,Bachelor,Data Analyst,9.0,195000.0,USA,Hispanic,Mid,Early_Career,Junior
809,28.0,Female,Bachelor,Software Engineer,5.0,160000.0,UK,Welsh,Junior,Early_Career,Junior
810,25.0,Male,Bachelor,Data Analyst,3.0,135000.0,Australia,Asian,Junior,Young,Junior
811,32.0,Male,Bachelor,Software Engineer,8.0,190000.0,China,White,Mid,Early_Career,Junior
812,29.0,Female,Master,Data Scientist,6.0,180000.0,UK,Welsh,Mid,Early_Career,Junior
813,30.0,Male,Bachelor,Data Analyst,5.0,160000.0,UK,Asian,Junior,Early_Career,Junior
814,24.0,Male,Bachelor,Data Analyst,1.0,95000.0,Australia,White,Entry,Young,Junior
815,33.0,Female,Master,Product Manager,11.0,196000.0,Australia,Australian,Senior,Early_Career,Senior
816,27.0,Male,Bachelor,Software Engineer,4.0,140000.0,UK,Mixed,Junior,Early_Career,Junior
817,26.0,Male,Bachelor,Data Analyst,3.0,130000.0,USA,African American,Junior,Early_Career,Junior
818,30.0,Female,PhD,Data Scientist,7.0,185000.0,UK,Mixed,Mid,Early_Career,Junior
819,31.0,Male,Bachelor,Data Analyst,9.0,195000.0,USA,White,Mid,Early_Career,Junior
820,28.0,Female,Bachelor,Software Engineer,5.0,160000.0,UK,White,Junior,Early_Career,Junior
821,26.0,Female,Bachelor,Data Analyst,3.0,130000.0,Canada,Asian,Junior,Early_Career,Junior
822,30.0,Male,PhD,Data Scientist,7.0,185000.0,Australia,Asian,Mid,Early_Career,Junior
823,27.0,Female,Bachelor,Product Manager,4.0,150000.0,Canada,Black,Junior,Early_Career,Senior
824,24.0,Male,Bachelor,Data Analyst,1.0,90000.0,UK,Asian,Entry,Young,Junior
825,33.0,Male,Master,Product Manager,11.0,198000.0,USA,African American,Senior,Early_Career,Senior
826,25.0,Male,Bachelor,Data Analyst,2.0,115000.0,USA,White,Entry,Young,Junior
827,28.0,Male,Bachelor,Software Engineer,5.0,165000.0,China,Korean,Junior,Early_Career,Junior
828,26.0,Male,Bachelor,Data Analyst,3.0,130000.0,USA,Asian,Junior,Early_Career,Junior
829,29.0,Female,Master,Data Scientist,6.0,180000.0,Canada,Asian,Mid,Early_Career,Junior
830,32.0,Male,Bachelor,Software Engineer,8.0,190000.0,UK,Asian,Mid,Early_Career,Junior
831,33.0,Female,Master,Product Manager,11.0,198000.0,USA,Hispanic,Senior,Early_Career,Senior
832,27.0,Male,Bachelor,Software Engineer,4.0,140000.0,China,White,Junior,Early_Career,Junior
833,31.0,Female,Master,Data Scientist,6.0,180000.0,Australia,Asian,Mid,Early_Career,Junior
834,30.0,Male,Bachelor,Data Analyst,5.0,160000.0,China,White,Junior,Early_Career,Junior
835,24.0,Male,Bachelor,Data Analyst,1.0,92000.0,China,White,Entry,Young,Junior
836,28.0,Female,Bachelor,Software Engineer,5.0,160000.0,China,White,Junior,Early_Career,Junior
837,26.0,Male,Bachelor,Data Analyst,3.0,130000.0,Australia,Australian,Junior,Early_Career,Junior
838,32.0,Male,Bachelor,Software Engineer,8.0,190000.0,China,White,Mid,Early_Career,Junior
839,33.0,Female,Master,Product Manager,11.0,198000.0,Australia,Asian,Senior,Early_Career,Senior
840,25.0,Male,Bachelor,Data Analyst,2.0,110000.0,USA,Hispanic,Entry,Young,Junior
841,30.0,Female,PhD,Data Scientist,7.0,185000.0,UK,White,Mid,Early_Career,Junior
842,27.0,Male,Bachelor,Software Engineer,4.0,140000.0,China,Chinese,Junior,Early_Career,Junior
843,34.0,Female,Master,Product Manager,12.0,196000.0,UK,Asian,Senior,Early_Career,Senior
844,31.0,Male,Bachelor,Data Analyst,9.0,195000.0,Australia,Asian,Mid,Early_Career,Junior
845,28.0,Female,Bachelor,Software Engineer,5.0,160000.0,China,Korean,Junior,Early_Career,Junior
846,26.0,Male,Bachelor,Data Analyst,3.0,130000.0,China,Korean,Junior,Early_Career,Junior
847,29.0,Female,Master,Data Scientist,6.0,180000.0,UK,Asian,Mid,Early_Career,Junior
848,32.0,Male,Bachelor,Software Engineer,8.0,190000.0,China,Chinese,Mid,Early_Career,Junior
849,33.0,Female,Master,Product Manager,11.0,198000.0,China,Chinese,Senior,Early_Career,Senior
850,24.0,Male,Bachelor,Data Analyst,1.0,90000.0,China,Korean,Entry,Young,Junior
851,27.0,Male,Bachelor,Software Engineer,4.0,140000.0,USA,African American,Junior,Early_Career,Junior
852,25.0,Female,Bachelor,Data Analyst,2.0,110000.0,USA,Asian,Entry,Young,Junior
853,30.0,Female,PhD,Data Scientist,7.0,185000.0,UK,Mixed,Mid,Early_Career,Junior
854,31.0,Male,Bachelor,Data Analyst,9.0,195000.0,UK,Mixed,Mid,Early_Career,Junior
855,28.0,Female,Bachelor,Software Engineer,5.0,160000.0,USA,Asian,Junior,Early_Career,Junior
856,26.0,Male,Bachelor,Data Analyst,3.0,130000.0,UK,White,Junior,Early_Career,Junior
857,29.0,Female,Master,Data Scientist,6.0,180000.0,UK,White,Mid,Early_Career,Junior
858,32.0,Male,Bachelor,Software Engineer,8.0,190000.0,Australia,White,Mid,Early_Career,Junior
859,33.0,Female,Master,Product Manager,11.0,198000.0,China,Chinese,Senior,Early_Career,Senior
860,24.0,Male,Bachelor,Data Analyst,1.0,90000.0,USA,Hispanic,Entry,Young,Junior
861,27.0,Male,Bachelor,Software Engineer,4.0,140000.0,Australia,Asian,Junior,Early_Career,Junior
862,25.0,Female,Bachelor,Data Analyst,2.0,110000.0,UK,Welsh,Entry,Young,Junior
863,30.0,Female,PhD,Data Scientist,7.0,185000.0,UK,White,Mid,Early_Career,Junior
864,31.0,Male,Bachelor,Data Analyst,9.0,195000.0,Australia,Asian,Mid,Early_Career,Junior
865,28.0,Female,Bachelor,Software Engineer,5.0,160000.0,Australia,White,Junior,Early_Career,Junior
866,26.0,Male,Bachelor,Data Analyst,3.0,130000.0,China,White,Junior,Early_Career,Junior
867,29.0,Female,Master,Data Scientist,6.0,180000.0,Australia,Asian,Mid,Early_Career,Junior
868,32.0,Male,Bachelor,Software Engineer,8.0,190000.0,Canada,White,Mid,Early_Career,Junior
869,33.0,Female,Master,Product Manager,11.0,198000.0,USA,African American,Senior,Early_Career,Senior
870,24.0,Male,Bachelor,Data Analyst,1.0,90000.0,China,Chinese,Entry,Young,Junior
871,27.0,Male,Bachelor,Software Engineer,4.0,140000.0,USA,Hispanic,Junior,Early_Career,Junior
872,25.0,Female,Bachelor,Data Analyst,2.0,110000.0,UK,Asian,Entry,Young,Junior
873,30.0,Female,PhD,Data Scientist,7.0,185000.0,Canada,Asian,Mid,Early_Career,Junior
874,31.0,Male,Bachelor,Data Analyst,9.0,195000.0,Australia,White,Mid,Early_Career,Junior
875,28.0,Female,Bachelor,Software Engineer,5.0,160000.0,China,Korean,Junior,Early_Career,Junior
876,26.0,Male,Bachelor,Data Analyst,3.0,130000.0,UK,Welsh,Junior,Early_Career,Junior
877,29.0,Female,Master,Data Scientist,6.0,180000.0,USA,White,Mid,Early_Career,Junior
878,32.0,Male,Bachelor,Software Engineer,8.0,190000.0,UK,Asian,Mid,Early_Career,Junior
879,33.0,Female,Master,Product Manager,11.0,198000.0,China,White,Senior,Early_Career,Senior
880,24.0,Male,Bachelor,Data Analyst,1.0,90000.0,China,White,Entry,Young,Junior
881,27.0,Male,Bachelor,Software Engineer,4.0,140000.0,Canada,Asian,Junior,Early_Career,Junior
882,25.0,Female,Bachelor,Data Analyst,2.0,110000.0,Canada,Black,Entry,Young,Junior
883,30.0,Female,PhD,Data Scientist,7.0,185000.0,Canada,Asian,Mid,Early_Career,Junior
884,31.0,Male,Bachelor,Data Analyst,9.0,195000.0,Canada,White,Mid,Early_Career,Junior
885,28.0,Female,Bachelor,Software Engineer,5.0,160000.0,USA,White,Junior,Early_Career,Junior
886,26.0,Male,Bachelor,Data Analyst,3.0,130000.0,Australia,Australian,Junior,Early_Career,Junior
887,29.0,Female,Master,Data Scientist,6.0,180000.0,Australia,Australian,Mid,Early_Career,Junior
888,32.0,Male,Bachelor,Software Engineer,8.0,190000.0,USA,White,Mid,Early_Career,Junior
889,33.0,Female,Master,Product Manager,11.0,198000.0,China,Chinese,Senior,Early_Career,Senior
890,24.0,Male,Bachelor,Data Analyst,1.0,90000.0,Australia,Asian,Entry,Young,Junior
891,27.0,Male,Bachelor,Software Engineer,4.0,140000.0,China,Chinese,Junior,Early_Career,Junior
892,25.0,Female,Bachelor,Data Analyst,2.0,110000.0,China,Chinese,Entry,Young,Junior
893,30.0,Female,PhD,Data Scientist,7.0,185000.0,UK,Mixed,Mid,Early_Career,Junior
894,31.0,Male,Bachelor,Data Analyst,9.0,195000.0,USA,White,Mid,Early_Career,Junior
895,28.0,Female,Bachelor,Software Engineer,5.0,160000.0,UK,Mixed,Junior,Early_Career,Junior
896,26.0,Male,Bachelor,Data Analyst,3.0,130000.0,UK,Asian,Junior,Early_Career,Junior
897,29.0,Female,Master,Data Scientist,6.0,180000.0,Australia,White,Mid,Early_Career,Junior
898,32.0,Male,Bachelor,Software Engineer,8.0,190000.0,China,Korean,Mid,Early_Career,Junior
899,33.0,Female,Master,Product Manager,11.0,198000.0,USA,Hispanic,Senior,Early_Career,Senior
900,24.0,Male,Bachelor,Data Analyst,1.0,90000.0,UK,Mixed,Entry,Young,Junior
901,27.0,Male,Bachelor,Software Engineer,4.0,140000.0,Australia,White,Junior,Early_Career,Junior
902,25.0,Female,Bachelor,Data Analyst,2.0,110000.0,Canada,Asian,Entry,Young,Junior
903,30.0,Female,PhD,Data Scientist,7.0,185000.0,Canada,Asian,Mid,Early_Career,Junior
904,31.0,Male,Bachelor,Data Analyst,9.0,195000.0,USA,African American,Mid,Early_Career,Junior
905,28.0,Female,Bachelor,Software Engineer,5.0,160000.0,USA,Asian,Junior,Early_Career,Junior
906,26.0,Male,Bachelor,Data Analyst,3.0,130000.0,China,White,Junior,Early_Career,Junior
907,29.0,Female,Master,Data Scientist,6.0,180000.0,Canada,White,Mid,Early_Career,Junior
908,32.0,Male,Bachelor,Software Engineer,8.0,190000.0,USA,Hispanic,Mid,Early_Career,Junior
909,33.0,Female,Master,Product Manager,11.0,198000.0,Canada,Black,Senior,Early_Career,Senior
910,24.0,Male,Bachelor,Data Analyst,1.0,90000.0,Australia,Asian,Entry,Young,Junior
911,27.0,Male,Bachelor,Software Engineer,4.0,140000.0,UK,White,Junior,Early_Career,Junior
912,25.0,Female,Bachelor,Data Analyst,2.0,110000.0,Australia,White,Entry,Young,Junior
913,30.0,Female,PhD,Data Scientist,7.0,185000.0,Canada,Asian,Mid,Early_Career,Junior
914,31.0,Male,Bachelor,Data Analyst,9.0,195000.0,China,Korean,Mid,Early_Career,Junior
915,28.0,Female,Bachelor,Software Engineer,5.0,160000.0,Canada,Asian,Junior,Early_Career,Junior
916,26.0,Male,Bachelor,Data Analyst,3.0,130000.0,Canada,White,Junior,Early_Career,Junior
917,29.0,Female,Master,Data Scientist,6.0,180000.0,Canada,Asian,Mid,Early_Career,Junior
918,32.0,Male,Bachelor,Software Engineer,8.0,190000.0,Australia,Australian,Mid,Early_Career,Junior
919,33.0,Female,Master,Product Manager,11.0,198000.0,Canada,Black,Senior,Early_Career,Senior
920,24.0,Male,Bachelor,Data Analyst,1.0,90000.0,Canada,White,Entry,Young,Junior
921,27.0,Male,Bachelor,Software Engineer,4.0,140000.0,UK,Welsh,Junior,Early_Career,Junior
922,25.0,Female,Bachelor,Data Analyst,2.0,110000.0,Australia,Asian,Entry,Young,Junior
923,30.0,Female,PhD,Data Scientist,7.0,185000.0,UK,Asian,Mid,Early_Career,Junior
924,31.0,Male,Bachelor,Data Analyst,9.0,195000.0,UK,Welsh,Mid,Early_Career,Junior
925,28.0,Female,Bachelor,Software Engineer,5.0,160000.0,Canada,Black,Junior,Early_Career,Junior
926,26.0,Male,Bachelor,Data Analyst,3.0,130000.0,Australia,Australian,Junior,Early_Career,Junior
927,29.0,Female,Master,Data Scientist,6.0,180000.0,USA,Hispanic,Mid,Early_Career,Junior
928,32.0,Male,Bachelor,Software Engineer,8.0,190000.0,Canada,Asian,Mid,Early_Career,Junior
929,33.0,Female,Master,Product Manager,11.0,198000.0,Canada,White,Senior,Early_Career,Senior
930,24.0,Male,Bachelor,Data Analyst,1.0,90000.0,China,Korean,Entry,Young,Junior
931,27.0,Male,Bachelor,Software Engineer,4.0,140000.0,UK,Mixed,Junior,Early_Career,Junior
932,25.0,Female,Bachelor,Data Analyst,2.0,110000.0,China,White,Entry,Young,Junior
933,30.0,Female,PhD,Data Scientist,7.0,185000.0,USA,Asian,Mid,Early_Career,Junior
934,31.0,Male,Bachelor,Data Analyst,9.0,195000.0,UK,Asian,Mid,Early_Career,Junior
935,28.0,Female,Bachelor,Software Engineer,5.0,160000.0,UK,Asian,Junior,Early_Career,Junior
936,26.0,Male,Bachelor,Data Analyst,3.0,130000.0,Canada,Black,Junior,Early_Career,Junior
937,29.0,Female,Master,Data Scientist,6.0,180000.0,USA,White,Mid,Early_Career,Junior
938,32.0,Male,Bachelor,Software Engineer,8.0,190000.0,USA,White,Mid,Early_Career,Junior
939,33.0,Female,Master,Product Manager,11.0,198000.0,Canada,White,Senior,Early_Career,Senior
940,24.0,Male,Bachelor,Data Analyst,1.0,90000.0,Australia,Asian,Entry,Young,Junior
941,27.0,Male,Bachelor,Software Engineer,4.0,140000.0,USA,Hispanic,Junior,Early_Career,Junior
942,25.0,Female,Bachelor,Data Analyst,2.0,110000.0,UK,Mixed,Entry,Young,Junior
943,30.0,Female,PhD,Data Scientist,7.0,185000.0,USA,White,Mid,Early_Career,Junior
944,32.0,Male,Bachelor,Data Analyst,5.0,135000.0,USA,Hispanic,Junior,Early_Career,Junior
945,27.0,Female,Master,Data Scientist,3.0,180000.0,Canada,Asian,Junior,Early_Career,Junior
946,40.0,Male,Bachelor,Software Engineer,12.0,195000.0,Australia,White,Senior,Mid_Career,Junior
947,35.0,Female,Bachelor,Product Manager,8.0,165000.0,USA,Asian,Mid,Early_Career,Senior
948,43.0,Male,Master,Data Scientist,15.0,198000.0,USA,White,Senior,Mid_Career,Junior
949,29.0,Female,Bachelor,Software Engineer,4.0,150000.0,USA,Hispanic,Junior,Early_Career,Junior
950,36.0,Male,Bachelor,Data Analyst,9.0,162000.0,Australia,Asian,Mid,Mid_Career,Junior
951,31.0,Male,Master,Data Scientist,6.0,175000.0,China,Korean,Mid,Early_Career,Junior
952,42.0,Female,Bachelor,Software Engineer,13.0,197000.0,USA,White,Senior,Mid_Career,Junior
953,33.0,Male,Bachelor,Data Analyst,7.0,142000.0,USA,White,Mid,Early_Career,Junior
954,29.0,Female,Master,Data Scientist,4.0,182000.0,Australia,Australian,Junior,Early_Career,Junior
955,41.0,Male,Bachelor,Software Engineer,11.0,185000.0,China,Korean,Senior,Mid_Career,Junior
956,35.0,Female,Bachelor,Product Manager,8.0,170000.0,Australia,Asian,Mid,Early_Career,Senior
957,27.0,Male,Bachelor,Software Engineer,4.0,160000.0,Australia,Asian,Junior,Early_Career,Junior
958,32.0,Male,Bachelor,Data Scientist,8.0,180000.0,Australia,Australian,Mid,Early_Career,Junior
959,29.0,Female,Master,Data Analyst,6.0,150000.0,USA,Asian,Mid,Early_Career,Junior
960,30.0,Male,Bachelor,Data Analyst,5.0,140000.0,Canada,White,Junior,Early_Career,Junior
961,24.0,Male,Bachelor,Data Analyst,2.0,100000.0,China,Chinese,Entry,Young,Junior
962,33.0,Female,Master,Product Manager,11.0,190000.0,UK,Mixed,Senior,Early_Career,Senior
963,27.0,Male,Bachelor,Software Engineer,4.0,160000.0,China,White,Junior,Early_Career,Junior
964,26.0,Male,Bachelor,Data Analyst,3.0,120000.0,UK,Asian,Junior,Early_Career,Junior
965,30.0,Female,PhD,Data Scientist,7.0,170000.0,USA,Asian,Mid,Early_Career,Junior
966,31.0,Male,Bachelor,Data Analyst,9.0,190000.0,Canada,White,Mid,Early_Career,Junior
967,28.0,Female,Bachelor,Software Engineer,5.0,150000.0,Australia,Australian,Junior,Early_Career,Junior
968,26.0,Female,Bachelor,Data Analyst,3.0,120000.0,UK,Mixed,Junior,Early_Career,Junior
969,30.0,Male,PhD,Data Scientist,7.0,170000.0,Canada,Black,Mid,Early_Career,Junior
970,27.0,Female,Bachelor,Product Manager,4.0,130000.0,China,Korean,Junior,Early_Career,Senior
971,24.0,Male,Bachelor,Data Analyst,2.0,95000.0,Canada,Black,Entry,Young,Junior
972,33.0,Male,Master,Product Manager,11.0,195000.0,USA,White,Senior,Early_Career,Senior
973,25.0,Male,Bachelor,Data Analyst,2.0,100000.0,USA,Asian,Entry,Young,Junior
974,28.0,Male,Bachelor,Software Engineer,5.0,150000.0,UK,Mixed,Junior,Early_Career,Junior
975,26.0,Male,Bachelor,Data Analyst,3.0,120000.0,Australia,White,Junior,Early_Career,Junior
976,29.0,Female,Master,Data Scientist,6.0,150000.0,USA,White,Mid,Early_Career,Junior
977,32.0,Male,Bachelor,Data Scientist,8.0,180000.0,Australia,White,Mid,Early_Career,Junior
978,33.0,Female,Master,Product Manager,11.0,195000.0,Australia,Australian,Senior,Early_Career,Senior
979,27.0,Male,Bachelor,Software Engineer,4.0,160000.0,UK,Mixed,Junior,Early_Career,Junior
980,31.0,Female,Master,Data Scientist,6.0,170000.0,Canada,Black,Mid,Early_Career,Junior
981,30.0,Male,Bachelor,Data Analyst,5.0,140000.0,China,White,Junior,Early_Career,Junior
982,24.0,Male,Bachelor,Data Analyst,2.0,95000.0,USA,African American,Entry,Young,Junior
983,28.0,Female,Bachelor,Software Engineer,5.0,150000.0,Canada,Asian,Junior,Early_Career,Junior
984,26.0,Male,Bachelor,Data Analyst,3.0,120000.0,USA,White,Junior,Early_Career,Junior
985,32.0,Male,Bachelor,Software Engineer,8.0,180000.0,USA,White,Mid,Early_Career,Junior
986,33.0,Female,Master,Product Manager,11.0,195000.0,Australia,Australian,Senior,Early_Career,Senior
987,25.0,Male,Bachelor,Data Analyst,2.0,100000.0,China,White,Entry,Young,Junior
988,30.0,Female,PhD,Data Scientist,7.0,170000.0,UK,Asian,Mid,Early_Career,Junior
989,27.0,Male,Bachelor,Software Engineer,4.0,160000.0,USA,White,Junior,Early_Career,Junior
990,34.0,Female,Master,Product Manager,12.0,190000.0,USA,White,Senior,Early_Career,Senior
991,31.0,Male,Bachelor,Data Analyst,9.0,190000.0,China,White,Mid,Early_Career,Junior
992,28.0,Female,Bachelor,Software Engineer,5.0,150000.0,Canada,White,Junior,Early_Career,Junior
993,26.0,Male,Bachelor,Data Analyst,3.0,120000.0,UK,White,Junior,Early_Career,Junior
994,29.0,Female,Master,Data Scientist,6.0,150000.0,Canada,White,Mid,Early_Career,Junior
995,32.0,Male,Bachelor,Software Engineer,8.0,180000.0,China,White,Mid,Early_Career,Junior
996,33.0,Female,Master,Product Manager,11.0,195000.0,USA,White,Senior,Early_Career,Senior
997,24.0,Male,Bachelor,Data Analyst,2.0,95000.0,Canada,Asian,Entry,Young,Junior
998,27.0,Male,Bachelor,Software Engineer,4.0,160000.0,Canada,Asian,Junior,Early_Career,Junior
999,25.0,Female,Bachelor,Data Analyst,2.0,100000.0,USA,White,Entry,Young,Junior
1000,30.0,Female,PhD,Data Scientist,7.0,170000.0,UK,White,Mid,Early_Career,Junior
1001,31.0,Male,Bachelor,Data Analyst,9.0,190000.0,Australia,Asian,Mid,Early_Career,Junior
1002,28.0,Female,Bachelor,Software Engineer,5.0,150000.0,Canada,White,Junior,Early_Career,Junior
1003,26.0,Male,Bachelor,Data Analyst,3.0,120000.0,Australia,White,Junior,Early_Career,Junior
1004,29.0,Female,Master,Data Scientist,6.0,150000.0,UK,White,Mid,Early_Career,Junior
1005,32.0,Male,Bachelor,Software Engineer,8.0,180000.0,Australia,White,Mid,Early_Career,Junior
1006,33.0,Female,Master,Product Manager,11.0,195000.0,China,Korean,Senior,Early_Career,Senior
1007,24.0,Male,Bachelor,Data Analyst,2.0,95000.0,Canada,Asian,Entry,Young,Junior
1008,27.0,Male,Bachelor,Software Engineer,4.0,160000.0,Australia,Australian,Junior,Early_Career,Junior
1009,25.0,Female,Bachelor,Data Analyst,2.0,100000.0,USA,African American,Entry,Young,Junior
1010,30.0,Female,PhD,Data Scientist,7.0,170000.0,UK,White,Mid,Early_Career,Junior
1011,31.0,Male,Bachelor,Data Analyst,9.0,190000.0,China,Chinese,Mid,Early_Career,Junior
1012,28.0,Female,Bachelor,Software Engineer,5.0,150000.0,Canada,White,Junior,Early_Career,Junior
1013,26.0,Male,Bachelor,Data Analyst,3.0,120000.0,UK,Welsh,Junior,Early_Career,Junior
1014,29.0,Female,Master,Data Scientist,6.0,150000.0,Australia,White,Mid,Early_Career,Junior
1015,32.0,Male,Bachelor,Software Engineer,8.0,180000.0,China,Korean,Mid,Early_Career,Junior
1016,33.0,Female,Master,Product Manager,11.0,195000.0,China,White,Senior,Early_Career,Senior
1017,24.0,Male,Bachelor,Data Analyst,2.0,95000.0,Australia,White,Entry,Young,Junior
1018,27.0,Male,Bachelor,Software Engineer,4.0,160000.0,UK,Mixed,Junior,Early_Career,Junior
1019,25.0,Female,Bachelor,Data Analyst,2.0,100000.0,UK,Welsh,Entry,Young,Junior
1020,30.0,Female,PhD,Data Scientist,7.0,170000.0,Canada,White,Mid,Early_Career,Junior
1021,31.0,Male,Bachelor,Data Analyst,9.0,190000.0,UK,Asian,Mid,Early_Career,Junior
1022,28.0,Female,Bachelor,Software Engineer,5.0,150000.0,UK,Asian,Junior,Early_Career,Junior
1023,26.0,Male,Bachelor,Data Analyst,3.0,120000.0,China,Chinese,Junior,Early_Career,Junior
1024,29.0,Female,Master,Data Scientist,6.0,150000.0,UK,Welsh,Mid,Early_Career,Junior
1025,32.0,Male,Bachelor,Software Engineer,8.0,180000.0,Australia,Australian,Mid,Early_Career,Junior
1026,33.0,Female,Master,Product Manager,11.0,195000.0,Canada,Black,Senior,Early_Career,Senior
1027,24.0,Male,Bachelor,Data Analyst,2.0,95000.0,UK,White,Entry,Young,Junior
1028,27.0,Male,Bachelor,Software Engineer,4.0,160000.0,China,Korean,Junior,Early_Career,Junior
1029,25.0,Female,Bachelor,Data Analyst,2.0,100000.0,USA,White,Entry,Young,Junior
1030,30.0,Female,PhD,Data Scientist,7.0,170000.0,Canada,Asian,Mid,Early_Career,Junior
1031,31.0,Male,Bachelor,Data Analyst,9.0,190000.0,USA,Hispanic,Mid,Early_Career,Junior
1032,28.0,Female,Bachelor,Software Engineer,5.0,150000.0,Canada,Asian,Junior,Early_Career,Junior
1033,26.0,Male,Bachelor,Data Analyst,3.0,120000.0,Australia,White,Junior,Early_Career,Junior
1034,29.0,Female,Master,Data Scientist,6.0,150000.0,USA,White,Mid,Early_Career,Junior
1035,32.0,Male,Bachelor,Software Engineer,8.0,180000.0,USA,Asian,Mid,Early_Career,Junior
1036,33.0,Female,Master,Product Manager,11.0,195000.0,Australia,Asian,Senior,Early_Career,Senior
1037,24.0,Male,Bachelor,Data Analyst,2.0,95000.0,Canada,Asian,Entry,Young,Junior
1038,27.0,Male,Bachelor,Software Engineer,4.0,160000.0,Canada,White,Junior,Early_Career,Junior
1039,25.0,Female,Bachelor,Data Analyst,2.0,100000.0,China,White,Entry,Young,Junior
1040,30.0,Female,PhD,Data Scientist,7.0,170000.0,Australia,Australian,Mid,Early_Career,Junior
1041,31.0,Male,Bachelor,Data Analyst,9.0,190000.0,USA,White,Mid,Early_Career,Junior
1042,28.0,Female,Bachelor,Software Engineer,5.0,150000.0,Canada,Black,Junior,Early_Career,Junior
1043,26.0,Male,Bachelor,Data Analyst,3.0,120000.0,China,Chinese,Junior,Early_Career,Junior
1044,29.0,Female,Master,Data Scientist,6.0,150000.0,Canada,Asian,Mid,Early_Career,Junior
1045,32.0,Male,Bachelor,Software Engineer,8.0,180000.0,Australia,Asian,Mid,Early_Career,Junior
1046,33.0,Female,Master,Product Manager,11.0,195000.0,UK,White,Senior,Early_Career,Senior
1047,24.0,Male,Bachelor,Data Analyst,2.0,95000.0,Canada,Black,Entry,Young,Junior
1048,27.0,Male,Bachelor,Software Engineer,4.0,160000.0,USA,Asian,Junior,Early_Career,Junior
1049,25.0,Female,Bachelor,Data Analyst,2.0,100000.0,China,Chinese,Entry,Young,Junior
1050,30.0,Female,PhD,Data Scientist,7.0,170000.0,Canada,Black,Mid,Early_Career,Junior
1051,31.0,Male,Bachelor,Data Analyst,9.0,190000.0,Canada,Black,Mid,Early_Career,Junior
1052,28.0,Female,Bachelor,Software Engineer,5.0,150000.0,Australia,Australian,Junior,Early_Career,Junior
1053,26.0,Male,Bachelor,Data Analyst,3.0,120000.0,UK,Asian,Junior,Early_Career,Junior
1054,29.0,Female,Master,Data Scientist,6.0,150000.0,UK,Welsh,Mid,Early_Career,Junior
1055,32.0,Male,Bachelor,Software Engineer,8.0,180000.0,UK,Asian,Mid,Early_Career,Junior
1056,33.0,Female,Master,Product Manager,11.0,195000.0,Australia,Australian,Senior,Early_Career,Senior
1057,24.0,Male,Bachelor,Data Analyst,2.0,95000.0,Canada,White,Entry,Young,Junior
1058,27.0,Male,Bachelor,Software Engineer,4.0,160000.0,Canada,Asian,Junior,Early_Career,Junior
1059,25.0,Female,Bachelor,Data Analyst,2.0,100000.0,Canada,Asian,Entry,Young,Junior
1060,30.0,Female,PhD,Data Scientist,7.0,170000.0,Australia,Asian,Mid,Early_Career,Junior
1061,31.0,Male,Bachelor,Data Analyst,9.0,190000.0,USA,Asian,Mid,Early_Career,Junior
1062,28.0,Female,Bachelor,Software Engineer,5.0,150000.0,USA,Hispanic,Junior,Early_Career,Junior
1063,26.0,Male,Bachelor,Data Analyst,3.0,120000.0,UK,Welsh,Junior,Early_Career,Junior
1064,29.0,Female,Master,Data Scientist,6.0,150000.0,Australia,Asian,Mid,Early_Career,Junior
1065,32.0,Male,Bachelor,Software Engineer,8.0,180000.0,USA,Asian,Mid,Early_Career,Junior
1066,33.0,Female,Master,Product Manager,11.0,195000.0,China,White,Senior,Early_Career,Senior
1067,24.0,Male,Bachelor,Data Analyst,2.0,95000.0,USA,White,Entry,Young,Junior
1068,27.0,Male,Bachelor,Software Engineer,4.0,160000.0,Australia,Asian,Junior,Early_Career,Junior
1069,25.0,Female,Bachelor,Data Analyst,2.0,100000.0,Australia,Asian,Entry,Young,Junior
1070,30.0,Female,PhD,Data Scientist,7.0,170000.0,China,Chinese,Mid,Early_Career,Junior
1071,31.0,Male,Bachelor,Data Analyst,9.0,190000.0,Canada,White,Mid,Early_Career,Junior
1072,28.0,Female,Bachelor,Software Engineer,5.0,150000.0,Canada,White,Junior,Early_Career,Junior
1073,26.0,Male,Bachelor,Data Analyst,3.0,120000.0,UK,White,Junior,Early_Career,Junior
1074,29.0,Female,Master,Data Scientist,6.0,150000.0,Canada,Black,Mid,Early_Career,Junior
1075,32.0,Male,Bachelor,Software Engineer,8.0,180000.0,USA,Hispanic,Mid,Early_Career,Junior
1076,33.0,Female,Master,Product Manager,11.0,195000.0,USA,African American,Senior,Early_Career,Senior
1077,24.0,Male,Bachelor,Data Analyst,2.0,95000.0,China,White,Entry,Young,Junior
1078,27.0,Male,Bachelor,Software Engineer,4.0,160000.0,Canada,Black,Junior,Early_Career,Junior
1079,25.0,Female,Bachelor,Data Analyst,2.0,100000.0,Canada,Asian,Entry,Young,Junior
1080,30.0,Female,PhD,Data Scientist,7.0,170000.0,USA,African American,Mid,Early_Career,Junior
1081,31.0,Male,Bachelor,Data Analyst,9.0,190000.0,UK,White,Mid,Early_Career,Junior
1082,28.0,Female,Bachelor,Software Engineer,5.0,150000.0,Canada,Black,Junior,Early_Career,Junior
1083,26.0,Male,Bachelor,Data Analyst,3.0,120000.0,UK,Welsh,Junior,Early_Career,Junior
1084,29.0,Female,Master,Data Scientist,6.0,150000.0,Australia,Australian,Mid,Early_Career,Junior
1085,32.0,Male,Bachelor,Software Engineer,8.0,180000.0,Australia,Australian,Mid,Early_Career,Junior
1086,33.0,Female,Master,Product Manager,11.0,195000.0,China,White,Senior,Early_Career,Senior
1087,24.0,Male,Bachelor,Data Analyst,2.0,95000.0,Canada,Asian,Entry,Young,Junior
1088,27.0,Male,Bachelor,Software Engineer,4.0,160000.0,USA,Asian,Junior,Early_Career,Junior
1089,25.0,Female,Bachelor,Data Analyst,2.0,100000.0,China,White,Entry,Young,Junior
1090,30.0,Female,PhD,Data Scientist,7.0,170000.0,Australia,Australian,Mid,Early_Career,Junior
1091,29.0,Male,Bachelor,Software Engineer,7.0,180000.0,Canada,Black,Mid,Early_Career,Junior
1092,27.0,Female,Bachelor,Data Analyst,5.0,120000.0,Canada,White,Junior,Early_Career,Junior
1093,33.0,Male,Master,Data Scientist,10.0,195000.0,Canada,White,Mid,Early_Career,Junior
1094,28.0,Male,Bachelor,Software Engineer,4.0,160000.0,Canada,White,Junior,Early_Career,Junior
1095,26.0,Female,Bachelor,Data Analyst,3.0,100000.0,USA,Asian,Junior,Early_Career,Junior
1096,31.0,Male,Bachelor,Product Manager,8.0,190000.0,China,Korean,Mid,Early_Career,Senior
1097,30.0,Male,Master,Software Engineer,6.0,170000.0,Canada,Black,Mid,Early_Career,Junior
1098,32.0,Female,Bachelor,Data Scientist,9.0,185000.0,China,Korean,Mid,Early_Career,Junior
1099,29.0,Male,Bachelor,Data Analyst,7.0,130000.0,Australia,Australian,Mid,Early_Career,Junior
1100,35.0,Female,Bachelor,Product Manager,12.0,190000.0,UK,Welsh,Senior,Early_Career,Senior
1101,27.0,Male,Bachelor,Software Engineer,5.0,150000.0,China,Chinese,Junior,Early_Career,Junior
1102,28.0,Female,Master,Data Scientist,6.0,150000.0,USA,Asian,Mid,Early_Career,Junior
1103,37.0,Male,PhD,Product Manager,14.0,195000.0,USA,Hispanic,Senior,Mid_Career,Senior
1104,26.0,Male,Bachelor,Data Analyst,3.0,110000.0,UK,Asian,Junior,Early_Career,Junior
1105,30.0,Female,Bachelor,Software Engineer,8.0,180000.0,China,Korean,Mid,Early_Career,Junior
1106,31.0,Male,Master,Data Scientist,9.0,185000.0,Australia,White,Mid,Early_Career,Junior
1107,29.0,Female,Bachelor,Data Analyst,7.0,130000.0,China,Chinese,Mid,Early_Career,Junior
1108,32.0,Male,Bachelor,Software Engineer,10.0,190000.0,USA,Hispanic,Mid,Early_Career,Junior
1109,28.0,Female,Master,Data Scientist,6.0,155000.0,Australia,Australian,Mid,Early_Career,Junior
1110,34.0,Male,Bachelor,Software Engineer,12.0,195000.0,UK,White,Senior,Early_Career,Junior
1111,25.0,Female,Bachelor,Data Analyst,2.0,90000.0,UK,Asian,Entry,Young,Junior
1112,30.0,Male,Bachelor,Product Manager,8.0,185000.0,USA,Hispanic,Mid,Early_Career,Senior
1113,29.0,Female,Bachelor,Data Analyst,6.0,120000.0,UK,White,Mid,Early_Career,Junior
1114,31.0,Male,Bachelor,Software Engineer,9.0,180000.0,Australia,Asian,Mid,Early_Career,Junior
1115,26.0,Female,Bachelor,Data Analyst,3.0,100000.0,Canada,Black,Junior,Early_Career,Junior
1116,33.0,Male,Master,Data Scientist,10.0,195000.0,Australia,Australian,Mid,Early_Career,Junior
1117,28.0,Male,Bachelor,Software Engineer,4.0,160000.0,Canada,White,Junior,Early_Career,Junior
1118,27.0,Female,Bachelor,Data Analyst,5.0,125000.0,USA,Asian,Junior,Early_Career,Junior
1119,30.0,Male,Master,Software Engineer,6.0,170000.0,UK,Asian,Mid,Early_Career,Junior
1120,32.0,Female,Bachelor,Data Scientist,9.0,185000.0,China,Chinese,Mid,Early_Career,Junior
1121,29.0,Male,Bachelor,Data Analyst,7.0,130000.0,Canada,White,Mid,Early_Career,Junior
1122,35.0,Female,Bachelor,Product Manager,12.0,190000.0,China,White,Senior,Early_Career,Senior
1123,27.0,Male,Bachelor,Software Engineer,5.0,150000.0,UK,Asian,Junior,Early_Career,Junior
1124,28.0,Female,Master,Data Scientist,6.0,150000.0,UK,Asian,Mid,Early_Career,Junior
1125,37.0,Male,PhD,Product Manager,14.0,195000.0,China,Chinese,Senior,Mid_Career,Senior
1126,26.0,Male,Bachelor,Data Analyst,3.0,110000.0,Australia,Australian,Junior,Early_Career,Junior
1127,30.0,Female,Bachelor,Software Engineer,8.0,180000.0,USA,Hispanic,Mid,Early_Career,Junior
1128,31.0,Male,Master,Data Scientist,9.0,185000.0,China,White,Mid,Early_Career,Junior
1129,29.0,Female,Bachelor,Data Analyst,7.0,130000.0,USA,Asian,Mid,Early_Career,Junior
1130,32.0,Male,Bachelor,Software Engineer,10.0,190000.0,China,Korean,Mid,Early_Career,Junior
1131,28.0,Female,Master,Data Scientist,6.0,155000.0,China,Korean,Mid,Early_Career,Junior
1132,34.0,Male,Bachelor,Software Engineer,12.0,195000.0,UK,White,Senior,Early_Career,Junior
1133,25.0,Female,Bachelor,Data Analyst,2.0,90000.0,USA,Asian,Entry,Young,Junior
1134,30.0,Male,Bachelor,Product Manager,8.0,185000.0,Australia,Australian,Mid,Early_Career,Senior
1135,29.0,Female,Bachelor,Data Analyst,6.0,120000.0,Australia,White,Mid,Early_Career,Junior
1136,31.0,Male,Bachelor,Software Engineer,9.0,180000.0,China,Korean,Mid,Early_Career,Junior
1137,26.0,Female,Bachelor,Data Analyst,3.0,100000.0,USA,White,Junior,Early_Career,Junior
1138,33.0,Male,Master,Data Scientist,10.0,195000.0,Australia,Asian,Mid,Early_Career,Junior
1139,28.0,Male,Bachelor,Software Engineer,4.0,160000.0,Australia,White,Junior,Early_Career,Junior
1140,27.0,Female,Bachelor,Data Analyst,5.0,125000.0,Australia,White,Junior,Early_Career,Junior
1141,30.0,Male,Master,Software Engineer,6.0,170000.0,Australia,White,Mid,Early_Career,Junior
1142,32.0,Female,Bachelor,Data Scientist,9.0,185000.0,Australia,Australian,Mid,Early_Career,Junior
1143,29.0,Male,Bachelor,Data Analyst,7.0,130000.0,Australia,Asian,Mid,Early_Career,Junior
1144,35.0,Female,Bachelor,Product Manager,12.0,190000.0,UK,Mixed,Senior,Early_Career,Senior
1145,27.0,Male,Bachelor,Software Engineer,5.0,150000.0,Canada,White,Junior,Early_Career,Junior
1146,28.0,Female,Master,Data Scientist,6.0,150000.0,China,Korean,Mid,Early_Career,Junior
1147,37.0,Male,PhD,Product Manager,14.0,195000.0,Australia,White,Senior,Mid_Career,Senior
1148,26.0,Male,Bachelor,Data Analyst,3.0,110000.0,Australia,White,Junior,Early_Career,Junior
1149,30.0,Female,Bachelor,Software Engineer,8.0,180000.0,China,Chinese,Mid,Early_Career,Junior
1150,31.0,Male,Master,Data Scientist,9.0,185000.0,UK,White,Mid,Early_Career,Junior
1151,29.0,Female,Bachelor,Data Analyst,7.0,130000.0,China,Korean,Mid,Early_Career,Junior
1152,32.0,Male,Bachelor,Software Engineer,10.0,190000.0,China,Korean,Mid,Early_Career,Junior
1153,28.0,Female,Master,Data Scientist,6.0,155000.0,China,Korean,Mid,Early_Career,Junior
1154,34.0,Male,Bachelor,Software Engineer,12.0,195000.0,Canada,Asian,Senior,Early_Career,Junior
1155,25.0,Female,Bachelor,Data Analyst,2.0,90000.0,Australia,White,Entry,Young,Junior
1156,30.0,Male,Bachelor,Product Manager,8.0,185000.0,Canada,Asian,Mid,Early_Career,Senior
1157,29.0,Female,Bachelor,Data Analyst,6.0,120000.0,Canada,Black,Mid,Early_Career,Junior
1158,31.0,Male,Bachelor,Software Engineer,9.0,180000.0,UK,Asian,Mid,Early_Career,Junior
1159,26.0,Female,Bachelor,Data Analyst,3.0,100000.0,UK,Asian,Junior,Early_Career,Junior
1160,33.0,Male,Master,Data Scientist,10.0,195000.0,Australia,White,Mid,Early_Career,Junior
1161,28.0,Male,Bachelor,Software Engineer,4.0,160000.0,Canada,White,Junior,Early_Career,Junior
1162,27.0,Female,Bachelor,Data Analyst,5.0,125000.0,China,Korean,Junior,Early_Career,Junior
1163,30.0,Male,Master,Software Engineer,6.0,170000.0,Canada,White,Mid,Early_Career,Junior
1164,32.0,Female,Bachelor,Data Scientist,9.0,185000.0,USA,Hispanic,Mid,Early_Career,Junior
1165,29.0,Male,Bachelor,Data Analyst,7.0,130000.0,Australia,Asian,Mid,Early_Career,Junior
1166,35.0,Female,Bachelor,Product Manager,12.0,190000.0,China,White,Senior,Early_Career,Senior
1167,27.0,Male,Bachelor,Software Engineer,5.0,150000.0,USA,Asian,Junior,Early_Career,Junior
1168,28.0,Female,Master,Data Scientist,6.0,150000.0,Canada,White,Mid,Early_Career,Junior
1169,37.0,Male,PhD,Product Manager,14.0,195000.0,Australia,Asian,Senior,Mid_Career,Senior
1170,26.0,Male,Bachelor,Data Analyst,3.0,110000.0,Australia,White,Junior,Early_Career,Junior
1171,30.0,Female,Bachelor,Software Engineer,8.0,180000.0,UK,Asian,Mid,Early_Career,Junior
1172,31.0,Male,Master,Data Scientist,9.0,185000.0,China,White,Mid,Early_Career,Junior
1173,29.0,Female,Bachelor,Data Analyst,7.0,130000.0,Canada,Black,Mid,Early_Career,Junior
1174,32.0,Male,Bachelor,Software Engineer,10.0,190000.0,Canada,Black,Mid,Early_Career,Junior
1175,28.0,Female,Master,Data Scientist,6.0,155000.0,UK,White,Mid,Early_Career,Junior
1176,34.0,Male,Bachelor,Software Engineer,12.0,195000.0,USA,African American,Senior,Early_Career,Junior
1177,25.0,Female,Bachelor,Data Analyst,2.0,90000.0,Canada,Black,Entry,Young,Junior
1178,30.0,Male,Bachelor,Product Manager,8.0,185000.0,Australia,Asian,Mid,Early_Career,Senior
1179,29.0,Female,Bachelor,Data Analyst,6.0,120000.0,UK,Asian,Mid,Early_Career,Junior
1180,31.0,Male,Bachelor,Software Engineer,9.0,180000.0,USA,Asian,Mid,Early_Career,Junior
1181,26.0,Female,Bachelor,Data Analyst,3.0,100000.0,UK,White,Junior,Early_Career,Junior
1182,33.0,Male,Master,Data Scientist,10.0,195000.0,USA,Asian,Mid,Early_Career,Junior
1183,28.0,Male,Bachelor,Software Engineer,4.0,160000.0,USA,Hispanic,Junior,Early_Career,Junior
1184,27.0,Female,Bachelor,Data Analyst,5.0,125000.0,USA,Hispanic,Junior,Early_Career,Junior
1185,30.0,Male,Master,Software Engineer,6.0,170000.0,Canada,White,Mid,Early_Career,Junior
1186,32.0,Female,Bachelor,Data Scientist,9.0,185000.0,Canada,White,Mid,Early_Career,Junior
1187,29.0,Male,Bachelor,Data Analyst,7.0,130000.0,Canada,White,Mid,Early_Career,Junior
1188,35.0,Female,Bachelor,Product Manager,12.0,190000.0,USA,Asian,Senior,Early_Career,Senior
1189,27.0,Male,Bachelor,Software Engineer,5.0,150000.0,Australia,Asian,Junior,Early_Career,Junior
1190,28.0,Female,Master,Data Scientist,6.0,150000.0,Canada,Asian,Mid,Early_Career,Junior
1191,37.0,Male,PhD,Product Manager,14.0,195000.0,USA,African American,Senior,Mid_Career,Senior
1192,26.0,Male,Bachelor,Data Analyst,3.0,110000.0,UK,Mixed,Junior,Early_Career,Junior
1193,30.0,Female,Bachelor,Software Engineer,8.0,180000.0,China,Korean,Mid,Early_Career,Junior
1194,31.0,Male,Master,Data Scientist,9.0,185000.0,Australia,Asian,Mid,Early_Career,Junior
1195,29.0,Female,Bachelor,Data Analyst,7.0,130000.0,Australia,Australian,Mid,Early_Career,Junior
1196,32.0,Male,Bachelor,Software Engineer,10.0,190000.0,UK,Mixed,Mid,Early_Career,Junior
1197,28.0,Female,Master,Data Scientist,6.0,155000.0,Australia,White,Mid,Early_Career,Junior
1198,34.0,Male,Bachelor,Software Engineer,12.0,195000.0,Australia,White,Senior,Early_Career,Junior
1199,25.0,Female,Bachelor,Data Analyst,2.0,90000.0,UK,White,Entry,Young,Junior
1200,30.0,Male,Bachelor,Product Manager,8.0,185000.0,Canada,Black,Mid,Early_Career,Senior
1201,28.0,Male,Bachelor,Senior Software Engineer,7.0,175000.0,USA,Asian,Mid,Early_Career,Senior
1202,44.0,Male,PhD,Software Engineer Manager,18.0,190000.0,Australia,White,Senior,Mid_Career,Senior
1203,33.0,Female,Master,Back End Developer,5.0,110000.0,China,White,Junior,Early_Career,Junior
1204,50.0,Male,PhD,Senior Project Engineer,16.0,195000.0,Canada,Asian,Senior,Senior_Career,Senior
1205,27.0,Female,Master,Full Stack Engineer,3.0,100000.0,UK,Mixed,Junior,Early_Career,Junior
1206,25.0,Male,Bachelor,Front End Developer,1.0,60000.0,China,Korean,Entry,Young,Junior
1207,35.0,Male,Master,Senior Software Engineer,8.0,155000.0,Australia,White,Mid,Early_Career,Senior
1208,47.0,Female,PhD,Full Stack Engineer,12.0,175000.0,UK,Mixed,Senior,Senior_Career,Junior
1209,46.0,Female,Master,Senior Project Engineer,13.0,180000.0,UK,Welsh,Senior,Senior_Career,Senior
1210,32.0,Male,Bachelor,Back End Developer,4.0,95000.0,UK,White,Junior,Early_Career,Junior
1211,61.0,Male,PhD,Software Engineer Manager,20.0,200000.0,UK,Welsh,Senior,Late_Career,Senior
1212,41.0,Male,Master,Senior Software Engineer,11.0,165000.0,Australia,Australian,Senior,Mid_Career,Senior
1213,37.0,Male,Master,Senior Project Engineer,9.0,145000.0,UK,White,Mid,Mid_Career,Senior
1214,53.0,Male,PhD,Software Engineer Manager,19.0,195000.0,Australia,Australian,Senior,Senior_Career,Senior
1215,30.0,Female,Bachelor,Front End Developer,2.0,75000.0,USA,Asian,Entry,Early_Career,Junior
1216,26.0,Female,Master,Back End Developer,3.0,90000.0,Canada,Black,Junior,Early_Career,Junior
1217,37.0,Female,Master,Senior Software Engineer,9.0,155000.0,UK,Asian,Mid,Mid_Career,Senior
1218,32.0,Male,Bachelor,Full Stack Engineer,5.0,115000.0,Australia,White,Junior,Early_Career,Junior
1219,44.0,Female,Master,Senior Software Engineer,12.0,170000.0,Canada,Black,Senior,Mid_Career,Senior
1220,50.0,Female,PhD,Software Engineer Manager,16.0,190000.0,UK,Welsh,Senior,Senior_Career,Senior
1221,27.0,Male,Bachelor,Senior Project Engineer,4.0,115000.0,USA,White,Junior,Early_Career,Senior
1222,42.0,Male,PhD,Full Stack Engineer,14.0,180000.0,China,White,Senior,Mid_Career,Junior
1223,57.0,Male,PhD,Software Engineer Manager,18.0,195000.0,China,White,Senior,Late_Career,Senior
1224,35.0,Male,Master,Senior Software Engineer,7.0,140000.0,China,White,Mid,Early_Career,Senior
1225,62.0,Male,PhD,Software Engineer Manager,19.0,200000.0,UK,White,Senior,Late_Career,Senior
1226,26.0,Female,Master,Back End Developer,2.0,70000.0,Canada,White,Entry,Early_Career,Junior
1227,42.0,Female,Master,Senior Project Engineer,11.0,170000.0,Canada,Asian,Senior,Mid_Career,Senior
1228,41.0,Female,PhD,Software Engineer Manager,14.0,185000.0,Canada,Asian,Senior,Mid_Career,Senior
1229,36.0,Female,Master,Full Stack Engineer,8.0,140000.0,China,Korean,Mid,Mid_Career,Junior
1230,49.0,Male,PhD,Software Engineer Manager,15.0,185000.0,Canada,Black,Senior,Senior_Career,Senior
1231,49.0,Male,PhD,Senior Project Engineer,15.0,185000.0,Australia,Australian,Senior,Senior_Career,Senior
1232,47.0,Male,PhD,Software Engineer Manager,15.0,180000.0,USA,Asian,Senior,Senior_Career,Senior
1233,47.0,Male,PhD,Senior Software Engineer,14.0,175000.0,China,Korean,Senior,Senior_Career,Senior
1234,26.0,Male,Bachelor,Front End Developer,2.0,70000.0,Canada,White,Entry,Early_Career,Junior
1235,24.0,Female,Bachelor,Back End Developer,1.0,60000.0,Canada,White,Entry,Young,Junior
1236,62.0,Male,PhD,Software Engineer Manager,20.0,200000.0,China,Korean,Senior,Late_Career,Senior
1237,42.0,Male,PhD,Senior Software Engineer,14.0,170000.0,Australia,White,Senior,Mid_Career,Senior
1238,41.0,Female,Master,Senior Project Engineer,11.0,165000.0,Canada,Black,Senior,Mid_Career,Senior
1239,23.0,Male,Bachelor,Full Stack Engineer,1.0,55000.0,Australia,Asian,Entry,Young,Junior
1240,55.0,Male,PhD,Software Engineer Manager,17.0,190000.0,USA,African American,Senior,Senior_Career,Senior
1241,26.0,Female,Master,Back End Developer,3.0,90000.0,China,Korean,Junior,Early_Career,Junior
1242,33.0,Female,Bachelor,Front End Developer,5.0,105000.0,UK,Welsh,Junior,Early_Career,Junior
1243,31.0,Male,Master,Full Stack Engineer,6.0,130000.0,China,Chinese,Mid,Early_Career,Junior
1244,50.0,Female,PhD,Software Engineer Manager,16.0,185000.0,Australia,Asian,Senior,Senior_Career,Senior
1245,24.0,Female,Master,Back End Developer,1.0,60000.0,Canada,Asian,Entry,Young,Junior
1246,56.0,Male,PhD,Software Engineer Manager,17.0,195000.0,China,White,Senior,Late_Career,Senior
1247,24.0,Male,Bachelor,Front End Developer,1.0,60000.0,USA,Asian,Entry,Young,Junior
1248,37.0,Male,Master,Senior Software Engineer,8.0,150000.0,UK,Mixed,Mid,Mid_Career,Senior
1249,43.0,Female,PhD,Senior Project Engineer,13.0,180000.0,USA,African American,Senior,Mid_Career,Senior
1250,44.0,Female,Master,Senior Software Engineer,12.0,170000.0,Canada,Black,Senior,Mid_Career,Senior
1251,34.0,Male,Master,Back End Developer,6.0,125000.0,Canada,White,Mid,Early_Career,Junior
1252,45.0,Male,PhD,Software Engineer Manager,15.0,185000.0,China,White,Senior,Mid_Career,Senior
1253,29.0,Male,Bachelor,Full Stack Engineer,3.0,90000.0,UK,White,Junior,Early_Career,Junior
1254,29.0,Male,Bachelor,Front End Developer,3.0,80000.0,UK,Mixed,Junior,Early_Career,Junior
1255,29.0,Female,Bachelor,Back End Developer,3.0,85000.0,Australia,Australian,Junior,Early_Career,Junior
1256,48.0,Male,PhD,Senior Project Engineer,16.0,190000.0,UK,White,Senior,Senior_Career,Senior
1257,43.0,Female,Master,Software Engineer Manager,11.0,160000.0,Canada,White,Senior,Mid_Career,Senior
1258,62.0,Male,PhD,Software Engineer Manager,19.0,200000.0,UK,Mixed,Senior,Late_Career,Senior
1259,54.0,Male,PhD,Software Engineer Manager,17.0,195000.0,Canada,Asian,Senior,Senior_Career,Senior
1260,60.0,Male,PhD,Software Engineer Manager,18.0,195000.0,Australia,White,Senior,Late_Career,Senior
1261,54.0,Female,PhD,Software Engineer Manager,14.0,190000.0,Australia,Australian,Senior,Senior_Career,Senior
1262,27.0,Female,Master,Full Stack Engineer,3.0,95000.0,USA,African American,Junior,Early_Career,Junior
1263,23.0,Male,Bachelor,Back End Developer,1.0,55000.0,UK,Asian,Entry,Young,Junior
1264,45.0,Male,PhD,Senior Software Engineer,13.0,185000.0,Canada,White,Senior,Mid_Career,Senior
1265,32.0,Female,Master,Full Stack Engineer,5.0,120000.0,Canada,Black,Junior,Early_Career,Junior
1266,57.0,Male,PhD,Software Engineer Manager,16.0,195000.0,China,Korean,Senior,Late_Career,Senior
1267,47.0,Male,PhD,Software Engineer Manager,14.0,175000.0,China,White,Senior,Senior_Career,Senior
1268,25.0,Female,Master,Back End Developer,2.0,75000.0,China,White,Entry,Young,Junior
1269,58.0,Male,PhD,Software Engineer Manager,17.0,200000.0,UK,Welsh,Senior,Late_Career,Senior
1270,41.0,Female,Master,Senior Software Engineer,12.0,160000.0,Canada,Asian,Senior,Mid_Career,Senior
1271,41.0,Male,PhD,Software Engineer Manager,12.0,175000.0,USA,Hispanic,Senior,Mid_Career,Senior
1272,26.0,Male,Bachelor,Front End Developer,2.0,70000.0,China,Korean,Entry,Early_Career,Junior
1273,47.0,Male,PhD,Senior Software Engineer,15.0,180000.0,UK,White,Senior,Senior_Career,Senior
1274,24.0,Female,Bachelor,Back End Developer,1.0,60000.0,UK,White,Entry,Young,Junior
1275,48.0,Male,PhD,Senior Project Engineer,16.0,190000.0,Australia,Australian,Senior,Senior_Career,Senior
1276,32.0,Male,Bachelor,Full Stack Engineer,5.0,120000.0,Australia,Australian,Junior,Early_Career,Junior
1277,61.0,Male,PhD,Software Engineer Manager,20.0,200000.0,USA,Hispanic,Senior,Late_Career,Senior
1278,45.0,Male,PhD,Senior Project Engineer,14.0,185000.0,Australia,Asian,Senior,Mid_Career,Senior
1279,50.0,Female,PhD,Software Engineer Manager,16.0,190000.0,Canada,Asian,Senior,Senior_Career,Senior
1280,53.0,Male,PhD,Software Engineer Manager,18.0,195000.0,Australia,Australian,Senior,Senior_Career,Senior
1281,47.0,Female,PhD,Senior Software Engineer,14.0,170000.0,China,White,Senior,Senior_Career,Senior
1282,23.0,Male,Bachelor,Front End Developer,1.0,55000.0,Australia,White,Entry,Young,Junior
1283,33.0,Male,Master,Back End Developer,6.0,130000.0,China,Korean,Mid,Early_Career,Junior
1284,42.0,Male,PhD,Software Engineer Manager,14.0,180000.0,China,Chinese,Senior,Mid_Career,Senior
1285,45.0,Male,PhD,Senior Project Engineer,14.0,185000.0,Australia,White,Senior,Mid_Career,Senior
1286,23.0,Male,Bachelor,Front End Developer,1.0,55000.0,China,Korean,Entry,Young,Junior
1287,37.0,Male,Master,Senior Software Engineer,9.0,145000.0,Canada,White,Mid,Mid_Career,Senior
1288,44.0,Female,Master,Senior Project Engineer,12.0,170000.0,China,White,Senior,Mid_Career,Senior
1289,54.0,Male,PhD,Software Engineer Manager,17.0,195000.0,UK,Mixed,Senior,Senior_Career,Senior
1290,38.0,Female,Master,Back End Developer,10.0,155000.0,Australia,Asian,Mid,Mid_Career,Junior
1291,34.0,Male,Master,Full Stack Engineer,6.0,125000.0,USA,Hispanic,Mid,Early_Career,Junior
1292,46.0,Female,PhD,Software Engineer Manager,14.0,180000.0,China,Korean,Senior,Senior_Career,Senior
1293,30.0,Male,Bachelor,Back End Developer,4.0,95000.0,China,Chinese,Junior,Early_Career,Junior
1294,44.0,Female,Master,Senior Software Engineer,11.0,170000.0,Canada,White,Senior,Mid_Career,Senior
1295,27.0,Female,Master,Full Stack Engineer,3.0,100000.0,USA,Asian,Junior,Early_Career,Junior
1296,42.0,Male,PhD,Senior Project Engineer,14.0,175000.0,China,Korean,Senior,Mid_Career,Senior
1297,27.0,Male,Bachelor,Front End Developer,3.0,80000.0,UK,Mixed,Junior,Early_Career,Junior
1298,54.0,Male,PhD,Software Engineer Manager,18.0,195000.0,Canada,Black,Senior,Senior_Career,Senior
1299,38.0,Male,Master,Senior Software Engineer,10.0,155000.0,Canada,Black,Mid,Mid_Career,Senior
1300,31.0,Male,Master,Senior Project Engineer,6.0,125000.0,China,Chinese,Mid,Early_Career,Senior
1301,28.0,Female,Master,Full Stack Engineer,4.0,110000.0,UK,Asian,Junior,Early_Career,Junior
1302,30.0,Female,Master,Back End Developer,6.0,130000.0,USA,Asian,Mid,Early_Career,Junior
1303,54.0,Male,PhD,Software Engineer Manager,16.0,190000.0,UK,White,Senior,Senior_Career,Senior
1304,62.0,Male,PhD,Software Engineer Manager,20.0,200000.0,Canada,Asian,Senior,Late_Career,Senior
1305,62.0,Male,PhD,Software Engineer Manager,19.0,200000.0,Australia,Asian,Senior,Late_Career,Senior
1306,37.0,Male,Master,Senior Software Engineer,9.0,150000.0,UK,White,Mid,Mid_Career,Senior
1307,31.0,Male,Master,Senior Software Engineer,7.0,140000.0,UK,Mixed,Mid,Early_Career,Senior
1308,58.0,Female,PhD,Software Engineer Manager,17.0,195000.0,China,White,Senior,Late_Career,Senior
1309,56.0,Male,PhD,Software Engineer Manager,17.0,195000.0,UK,White,Senior,Late_Career,Senior
1310,23.0,Female,Bachelor,Back End Developer,1.0,55000.0,Australia,Asian,Entry,Young,Junior
1311,49.0,Male,PhD,Software Engineer Manager,15.0,185000.0,USA,White,Senior,Senior_Career,Senior
1312,32.0,Female,Master,Full Stack Engineer,5.0,120000.0,USA,White,Junior,Early_Career,Junior
1313,52.0,Female,PhD,Software Engineer Manager,16.0,190000.0,Canada,White,Senior,Senior_Career,Senior
1314,32.0,Female,Master,Full Stack Engineer,6.0,130000.0,China,Korean,Mid,Early_Career,Junior
1315,50.0,Female,PhD,Software Engineer Manager,16.0,190000.0,USA,Asian,Senior,Senior_Career,Senior
1316,32.0,Male,Master,Back End Developer,6.0,130000.0,China,Chinese,Mid,Early_Career,Junior
1317,34.0,Male,Master,Full Stack Engineer,7.0,140000.0,UK,White,Mid,Early_Career,Junior
1318,28.0,Male,Bachelor,Front End Developer,2.0,70000.0,Australia,White,Entry,Early_Career,Junior
1319,44.0,Male,Master,Senior Project Engineer,11.0,170000.0,USA,Asian,Senior,Mid_Career,Senior
1320,55.0,Male,PhD,Software Engineer Manager,17.0,190000.0,Canada,White,Senior,Senior_Career,Senior
1321,27.0,Male,Bachelor,Front End Developer,3.0,80000.0,Australia,Australian,Junior,Early_Career,Junior
1322,46.0,Male,PhD,Software Engineer Manager,14.0,180000.0,UK,Asian,Senior,Senior_Career,Senior
1323,27.0,Female,Master,Back End Developer,2.0,70000.0,UK,Mixed,Entry,Early_Career,Junior
1324,45.0,Male,PhD,Senior Project Engineer,14.0,185000.0,China,Chinese,Senior,Mid_Career,Senior
1325,23.0,Female,Bachelor,Front End Developer,1.0,55000.0,USA,African American,Entry,Young,Junior
1326,36.0,Female,Master,Full Stack Engineer,8.0,140000.0,UK,White,Mid,Mid_Career,Junior
1327,47.0,Female,PhD,Senior Software Engineer,14.0,170000.0,Canada,Black,Senior,Senior_Career,Senior
1328,33.0,Male,Master,Back End Developer,6.0,130000.0,China,Chinese,Mid,Early_Career,Junior
1329,43.0,Male,PhD,Software Engineer Manager,13.0,180000.0,USA,African American,Senior,Mid_Career,Senior
1330,30.0,Male,Bachelor,Back End Developer,4.0,95000.0,USA,White,Junior,Early_Career,Junior
1331,28.0,Female,Bachelor,Front End Developer,2.0,70000.0,UK,Mixed,Entry,Early_Career,Junior
1332,43.0,Male,Master,Senior Project Engineer,12.0,165000.0,Canada,White,Senior,Mid_Career,Senior
1333,43.0,Male,PhD,Senior Project Engineer,13.0,185000.0,China,Korean,Senior,Mid_Career,Senior
1334,36.0,Male,Master,Senior Software Engineer,7.0,140000.0,UK,White,Mid,Mid_Career,Senior
1335,24.0,Male,Bachelor,Front End Developer,1.0,60000.0,Australia,White,Entry,Young,Junior
1336,28.0,Female,Bachelor,Front End Developer,3.0,80000.0,Australia,Asian,Junior,Early_Career,Junior
1337,37.0,Male,Master,Senior Software Engineer,9.0,150000.0,China,White,Mid,Mid_Career,Senior
1338,41.0,Female,PhD,Software Engineer Manager,14.0,185000.0,Australia,Asian,Senior,Mid_Career,Senior
1339,26.0,Male,Bachelor,Front End Developer,2.0,70000.0,Canada,White,Entry,Early_Career,Junior
1340,28.0,Female,Master,Back End Developer,3.0,90000.0,USA,White,Junior,Early_Career,Junior
1341,43.0,Male,PhD,Senior Software Engineer,12.0,170000.0,USA,Asian,Senior,Mid_Career,Senior
1342,42.0,Male,PhD,Senior Software Engineer,14.0,170000.0,USA,African American,Senior,Mid_Career,Senior
1343,48.0,Male,PhD,Senior Project Engineer,16.0,190000.0,Canada,Black,Senior,Senior_Career,Senior
1344,27.0,Female,Master,Back End Developer,2.0,70000.0,USA,Hispanic,Entry,Early_Career,Junior
1345,49.0,Male,PhD,Software Engineer Manager,15.0,185000.0,Canada,Asian,Senior,Senior_Career,Senior
1346,44.0,Male,PhD,Senior Project Engineer,12.0,170000.0,Canada,Black,Senior,Mid_Career,Senior
1347,27.0,Female,Master,Full Stack Engineer,3.0,100000.0,Canada,Asian,Junior,Early_Career,Junior
1348,37.0,Male,Master,Senior Software Engineer,10.0,155000.0,China,White,Mid,Mid_Career,Senior
1349,44.0,Female,Master,Senior Project Engineer,12.0,170000.0,Australia,Asian,Senior,Mid_Career,Senior
1350,56.0,Male,PhD,Software Engineer Manager,18.0,195000.0,Australia,Australian,Senior,Late_Career,Senior
1351,49.0,Male,PhD,Software Engineer Manager,15.0,185000.0,Canada,Asian,Senior,Senior_Career,Senior
1352,27.0,Male,Bachelor,Front End Developer,2.0,70000.0,USA,African American,Entry,Early_Career,Junior
1353,48.0,Male,PhD,Senior Project Engineer,16.0,190000.0,China,Korean,Senior,Senior_Career,Senior
1354,31.0,Male,Master,Full Stack Engineer,7.0,140000.0,Australia,White,Mid,Early_Career,Junior
1355,25.0,Male,Bachelor,Front End Developer,1.0,60000.0,Canada,Asian,Entry,Young,Junior
1356,50.0,Male,PhD,Software Engineer Manager,16.0,190000.0,UK,White,Senior,Senior_Career,Senior
1357,46.0,Male,PhD,Software Engineer Manager,14.0,180000.0,China,White,Senior,Senior_Career,Senior
1358,33.0,Male,Master,Full Stack Engineer,6.0,130000.0,Canada,Black,Mid,Early_Career,Junior
1359,42.0,Male,PhD,Senior Software Engineer,14.0,170000.0,USA,Asian,Senior,Mid_Career,Senior
1360,41.0,Male,PhD,Senior Project Engineer,12.0,165000.0,Australia,Australian,Senior,Mid_Career,Senior
1361,43.0,Male,PhD,Senior Project Engineer,13.0,185000.0,UK,Mixed,Senior,Mid_Career,Senior
1362,32.0,Male,Master,Back End Developer,6.0,130000.0,Australia,Asian,Mid,Early_Career,Junior
1363,24.0,Male,Bachelor,Front End Developer,1.0,60000.0,USA,Asian,Entry,Young,Junior
1364,44.0,Female,Master,Senior Software Engineer,11.0,170000.0,China,Korean,Senior,Mid_Career,Senior
1365,36.0,Male,Master,Senior Software Engineer,7.0,140000.0,China,White,Mid,Mid_Career,Senior
1366,28.0,Female,Master,Full Stack Engineer,4.0,110000.0,Australia,White,Junior,Early_Career,Junior
1367,28.0,Male,Bachelor,Front End Developer,2.0,70000.0,USA,White,Entry,Early_Career,Junior
1368,37.0,Male,Master,Senior Software Engineer,9.0,145000.0,UK,Asian,Mid,Mid_Career,Senior
1369,54.0,Male,PhD,Software Engineer Manager,16.0,190000.0,USA,Hispanic,Senior,Senior_Career,Senior
1370,58.0,Male,PhD,Software Engineer Manager,17.0,200000.0,China,White,Senior,Late_Career,Senior
1371,27.0,Male,Bachelor,Front End Developer,3.0,80000.0,Canada,Black,Junior,Early_Career,Junior
1372,30.0,Male,Bachelor,Back End Developer,4.0,95000.0,USA,African American,Junior,Early_Career,Junior
1373,27.0,Female,Master,Full Stack Engineer,3.0,100000.0,USA,Hispanic,Junior,Early_Career,Junior
1374,54.0,Male,PhD,Software Engineer Manager,17.0,195000.0,Australia,Asian,Senior,Senior_Career,Senior
1375,49.0,Male,PhD,Software Engineer Manager,15.0,185000.0,China,White,Senior,Senior_Career,Senior
1376,38.0,Male,Master,Senior Software Engineer,10.0,155000.0,Canada,Asian,Mid,Mid_Career,Senior
1377,54.0,Male,PhD,Software Engineer Manager,18.0,195000.0,USA,White,Senior,Senior_Career,Senior
1378,31.0,Male,Master,Senior Project Engineer,6.0,125000.0,USA,Hispanic,Mid,Early_Career,Senior
1379,56.0,Male,PhD,Software Engineer Manager,17.0,195000.0,Canada,Black,Senior,Late_Career,Senior
1380,31.0,Male,Master,Senior Software Engineer,7.0,140000.0,UK,Mixed,Mid,Early_Career,Senior
1381,42.0,Male,PhD,Senior Software Engineer,14.0,170000.0,China,Korean,Senior,Mid_Career,Senior
1382,44.0,Male,Master,Senior Project Engineer,11.0,170000.0,Canada,White,Senior,Mid_Career,Senior
1383,37.0,Male,Master,Senior Software Engineer,9.0,150000.0,Australia,Asian,Mid,Mid_Career,Senior
1384,24.0,Female,Bachelor,Back End Developer,1.0,60000.0,USA,Hispanic,Entry,Young,Junior
1385,27.0,Male,Bachelor,Front End Developer,2.0,70000.0,Australia,Australian,Entry,Early_Career,Junior
1386,42.0,Male,PhD,Senior Software Engineer,14.0,170000.0,Australia,White,Senior,Mid_Career,Senior
1387,24.0,Female,Bachelor,Front End Developer,1.0,55000.0,USA,White,Entry,Young,Junior
1388,28.0,Female,Bachelor,Front End Developer,3.0,80000.0,UK,Welsh,Junior,Early_Career,Junior
1389,43.0,Male,PhD,Senior Project Engineer,13.0,185000.0,Canada,Asian,Senior,Mid_Career,Senior
1390,31.0,Male,Master,Full Stack Engineer,7.0,140000.0,China,Korean,Mid,Early_Career,Junior
1391,43.0,Male,PhD,Software Engineer Manager,13.0,180000.0,UK,Asian,Senior,Mid_Career,Senior
1392,27.0,Female,Master,Back End Developer,2.0,70000.0,China,Korean,Entry,Early_Career,Junior
1393,49.0,Male,PhD,Software Engineer Manager,15.0,185000.0,UK,White,Senior,Senior_Career,Senior
1394,48.0,Male,PhD,Senior Project Engineer,16.0,190000.0,Australia,White,Senior,Senior_Career,Senior
1395,30.0,Female,Master,Back End Developer,6.0,130000.0,Australia,Australian,Mid,Early_Career,Junior
1396,28.0,Female,Master,Full Stack Engineer,4.0,110000.0,China,White,Junior,Early_Career,Junior
1397,46.0,Male,PhD,Software Engineer Manager,14.0,180000.0,China,Korean,Senior,Senior_Career,Senior
1398,37.0,Male,Master,Senior Software Engineer,9.0,145000.0,USA,African American,Mid,Mid_Career,Senior
1399,42.0,Male,PhD,Senior Software Engineer,14.0,170000.0,China,Korean,Senior,Mid_Career,Senior
1400,43.0,Male,PhD,Senior Project Engineer,12.0,165000.0,China,Chinese,Senior,Mid_Career,Senior
1401,31.0,Male,Master,Senior Software Engineer,7.0,140000.0,Canada,White,Mid,Early_Career,Senior
1402,56.0,Male,PhD,Software Engineer Manager,17.0,195000.0,China,White,Senior,Late_Career,Senior
1403,37.0,Male,Master,Senior Software Engineer,10.0,155000.0,USA,White,Mid,Mid_Career,Senior
1404,54.0,Male,PhD,Software Engineer Manager,16.0,190000.0,Australia,Asian,Senior,Senior_Career,Senior
1405,58.0,Male,PhD,Software Engineer Manager,17.0,195000.0,Canada,Asian,Senior,Late_Career,Senior
1406,33.0,Male,Master,Back End Developer,6.0,130000.0,China,Chinese,Mid,Early_Career,Junior
1407,29.0,Female,Bachelor,Front End Developer,3.0,85000.0,UK,White,Junior,Early_Career,Junior
1408,52.0,Male,PhD,Software Engineer Manager,18.0,200000.0,China,White,Senior,Senior_Career,Senior
1409,36.0,Male,Master,Full Stack Engineer,8.0,140000.0,USA,Hispanic,Mid,Mid_Career,Junior
1410,26.0,Male,Bachelor,Back End Developer,2.0,65000.0,UK,Asian,Entry,Early_Career,Junior
1411,47.0,Male,PhD,Senior Project Engineer,16.0,190000.0,Australia,Australian,Senior,Senior_Career,Senior
1412,32.0,Male,Master,Full Stack Engineer,6.0,120000.0,Canada,Black,Mid,Early_Career,Junior
1413,29.0,Male,Bachelor,Front End Developer,3.0,80000.0,USA,Asian,Junior,Early_Career,Junior
1414,28.0,Female,Master,Back End Developer,3.0,90000.0,USA,Hispanic,Junior,Early_Career,Junior
1415,54.0,Male,PhD,Software Engineer Manager,16.0,190000.0,USA,Asian,Senior,Senior_Career,Senior
1416,57.0,Male,PhD,Software Engineer Manager,18.0,200000.0,Australia,Australian,Senior,Late_Career,Senior
1417,51.0,Male,PhD,Software Engineer Manager,16.0,190000.0,UK,Mixed,Senior,Senior_Career,Senior
1418,28.0,Female,Master,Full Stack Engineer,4.0,110000.0,Canada,Asian,Junior,Early_Career,Junior
1419,46.0,Male,PhD,Software Engineer Manager,14.0,180000.0,China,White,Senior,Senior_Career,Senior
1420,27.0,Female,Master,Back End Developer,2.0,65000.0,Australia,Asian,Entry,Early_Career,Junior
1421,45.0,Male,PhD,Senior Project Engineer,14.0,185000.0,USA,Hispanic,Senior,Mid_Career,Senior
1422,23.0,Female,Bachelor,Front End Developer,1.0,55000.0,Australia,Australian,Entry,Young,Junior
1423,36.0,Male,Master,Full Stack Engineer,7.0,130000.0,Canada,Asian,Mid,Mid_Career,Junior
1424,48.0,Male,PhD,Senior Project Engineer,16.0,190000.0,China,Korean,Senior,Senior_Career,Senior
1425,33.0,Female,Master,Full Stack Engineer,5.0,120000.0,Australia,Australian,Junior,Early_Career,Junior
1426,38.0,Female,Master,Back End Developer,10.0,155000.0,Australia,Australian,Mid,Mid_Career,Junior
1427,51.0,Male,PhD,Software Engineer Manager,16.0,190000.0,USA,Hispanic,Senior,Senior_Career,Senior
1428,27.0,Female,Master,Full Stack Engineer,3.0,100000.0,Australia,Asian,Junior,Early_Career,Junior
1429,37.0,Male,Master,Senior Software Engineer,9.0,150000.0,China,Chinese,Mid,Mid_Career,Senior
1430,44.0,Female,Master,Senior Project Engineer,12.0,170000.0,USA,White,Senior,Mid_Career,Senior
1431,27.0,Male,Bachelor,Front End Developer,3.0,80000.0,Australia,Australian,Junior,Early_Career,Junior
1432,38.0,Male,Master,Senior Software Engineer,10.0,155000.0,UK,Asian,Mid,Mid_Career,Senior
1433,54.0,Male,PhD,Software Engineer Manager,17.0,195000.0,USA,African American,Senior,Senior_Career,Senior
1434,49.0,Male,PhD,Software Engineer Manager,15.0,185000.0,USA,Asian,Senior,Senior_Career,Senior
1435,27.0,Male,Bachelor,Front End Developer,2.0,70000.0,Australia,White,Entry,Early_Career,Junior
1436,48.0,Male,PhD,Senior Project Engineer,16.0,190000.0,China,White,Senior,Senior_Career,Senior
1437,31.0,Male,Master,Full Stack Engineer,7.0,140000.0,USA,Asian,Mid,Early_Career,Junior
1438,25.0,Male,Bachelor,Front End Developer,1.0,55000.0,USA,White,Entry,Young,Junior
1439,50.0,Male,PhD,Software Engineer Manager,16.0,190000.0,Australia,Australian,Senior,Senior_Career,Senior
1440,46.0,Male,PhD,Software Engineer Manager,14.0,180000.0,Canada,White,Senior,Senior_Career,Senior
1441,33.0,Male,Master,Full Stack Engineer,6.0,130000.0,USA,African American,Mid,Early_Career,Junior
1442,42.0,Male,PhD,Senior Software Engineer,14.0,170000.0,USA,Asian,Senior,Mid_Career,Senior
1443,41.0,Male,PhD,Senior Project Engineer,12.0,165000.0,UK,White,Senior,Mid_Career,Senior
1444,43.0,Male,PhD,Senior Project Engineer,13.0,185000.0,China,White,Senior,Mid_Career,Senior
1445,32.0,Male,Master,Back End Developer,6.0,130000.0,China,Korean,Mid,Early_Career,Junior
1446,24.0,Male,Bachelor,Front End Developer,1.0,60000.0,USA,Hispanic,Entry,Young,Junior
1447,44.0,Female,Master,Senior Software Engineer,11.0,170000.0,Australia,Australian,Senior,Mid_Career,Senior
1448,36.0,Male,Master,Senior Software Engineer,7.0,140000.0,Australia,Asian,Mid,Mid_Career,Senior
1449,28.0,Female,Master,Full Stack Engineer,4.0,110000.0,Canada,Asian,Junior,Early_Career,Junior
1450,28.0,Male,Bachelor,Front End Developer,2.0,70000.0,China,Korean,Entry,Early_Career,Junior
1451,37.0,Male,Master,Senior Software Engineer,9.0,145000.0,Canada,Black,Mid,Mid_Career,Senior
1452,54.0,Male,PhD,Software Engineer Manager,16.0,190000.0,China,White,Senior,Senior_Career,Senior
1453,58.0,Male,PhD,Software Engineer Manager,17.0,200000.0,Canada,Black,Senior,Late_Career,Senior
1454,27.0,Male,Bachelor,Front End Developer,3.0,80000.0,Canada,White,Junior,Early_Career,Junior
1455,30.0,Male,Bachelor,Back End Developer,4.0,95000.0,UK,White,Junior,Early_Career,Junior
1456,27.0,Female,Master,Full Stack Engineer,3.0,100000.0,UK,White,Junior,Early_Career,Junior
1457,54.0,Male,PhD,Software Engineer Manager,17.0,195000.0,UK,Asian,Senior,Senior_Career,Senior
1458,49.0,Male,PhD,Software Engineer Manager,15.0,185000.0,USA,African American,Senior,Senior_Career,Senior
1459,38.0,Male,Master,Senior Software Engineer,10.0,155000.0,USA,Asian,Mid,Mid_Career,Senior
1460,54.0,Male,PhD,Software Engineer Manager,18.0,195000.0,China,Chinese,Senior,Senior_Career,Senior
1461,31.0,Male,Master,Senior Project Engineer,6.0,125000.0,China,Korean,Mid,Early_Career,Senior
1462,56.0,Male,PhD,Software Engineer Manager,17.0,195000.0,China,Korean,Senior,Late_Career,Senior
1463,31.0,Male,Master,Senior Software Engineer,7.0,140000.0,Canada,Black,Mid,Early_Career,Senior
1464,42.0,Male,PhD,Senior Software Engineer,14.0,170000.0,Australia,Australian,Senior,Mid_Career,Senior
1465,44.0,Male,Master,Senior Project Engineer,11.0,170000.0,Australia,White,Senior,Mid_Career,Senior
1466,37.0,Male,Master,Senior Software Engineer,9.0,150000.0,Canada,Asian,Mid,Mid_Career,Senior
1467,24.0,Female,Bachelor,Back End Developer,1.0,60000.0,Australia,Australian,Entry,Young,Junior
1468,27.0,Male,Bachelor,Front End Developer,2.0,70000.0,UK,Welsh,Entry,Early_Career,Junior
1469,42.0,Male,PhD,Senior Software Engineer,14.0,170000.0,Australia,White,Senior,Mid_Career,Senior
1470,24.0,Female,Bachelor,Front End Developer,1.0,55000.0,UK,Welsh,Entry,Young,Junior
1471,28.0,Female,Bachelor,Front End Developer,3.0,80000.0,Australia,White,Junior,Early_Career,Junior
1472,43.0,Male,PhD,Senior Project Engineer,13.0,185000.0,China,White,Senior,Mid_Career,Senior
1473,31.0,Male,Master,Full Stack Engineer,7.0,140000.0,Australia,White,Mid,Early_Career,Junior
1474,43.0,Male,PhD,Software Engineer Manager,13.0,180000.0,Australia,White,Senior,Mid_Career,Senior
1475,27.0,Female,Master,Back End Developer,2.0,70000.0,Canada,White,Entry,Early_Career,Junior
1476,49.0,Male,PhD,Software Engineer Manager,15.0,185000.0,UK,Welsh,Senior,Senior_Career,Senior
1477,48.0,Male,PhD,Senior Project Engineer,16.0,190000.0,Canada,White,Senior,Senior_Career,Senior
1478,31.0,Male,Master,Senior Project Engineer,6.0,125000.0,Canada,Asian,Mid,Early_Career,Senior
1479,40.0,Male,PhD,Senior Software Engineer,12.0,160000.0,UK,Mixed,Senior,Mid_Career,Senior
1480,36.0,Male,Master,Senior Software Engineer,8.0,140000.0,China,White,Mid,Mid_Career,Senior
1481,54.0,Male,PhD,Software Engineer Manager,17.0,195000.0,Australia,White,Senior,Senior_Career,Senior
1482,27.0,Male,Bachelor,Front End Developer,2.0,70000.0,USA,African American,Entry,Early_Career,Junior
1483,28.0,Male,Bachelor,Front End Developer,2.0,70000.0,UK,White,Entry,Early_Career,Junior
1484,44.0,Male,Master,Senior Project Engineer,11.0,170000.0,Canada,Black,Senior,Mid_Career,Senior
1485,43.0,Male,PhD,Senior Project Engineer,13.0,185000.0,China,Korean,Senior,Mid_Career,Senior
1486,54.0,Male,PhD,Software Engineer Manager,17.0,195000.0,Canada,Black,Senior,Senior_Career,Senior
1487,32.0,Male,Master,Back End Developer,6.0,130000.0,USA,Asian,Mid,Early_Career,Junior
1488,38.0,Male,Master,Senior Software Engineer,10.0,155000.0,China,White,Mid,Mid_Career,Senior
1489,49.0,Male,PhD,Software Engineer Manager,15.0,185000.0,Australia,Asian,Senior,Senior_Career,Senior
1490,27.0,Male,Bachelor,Front End Developer,3.0,80000.0,UK,Mixed,Junior,Early_Career,Junior
1491,54.0,Male,PhD,Software Engineer Manager,17.0,195000.0,China,Chinese,Senior,Senior_Career,Senior
1492,31.0,Male,Master,Senior Project Engineer,7.0,135000.0,Australia,Australian,Mid,Early_Career,Senior
1493,24.0,Male,Bachelor,Back End Developer,1.0,55000.0,Canada,White,Entry,Young,Junior
1494,48.0,Male,PhD,Senior Project Engineer,16.0,190000.0,Australia,Asian,Senior,Senior_Career,Senior
1495,27.0,Female,Master,Back End Developer,2.0,70000.0,China,Chinese,Entry,Early_Career,Junior
1496,43.0,Male,PhD,Senior Project Engineer,13.0,185000.0,Australia,Australian,Senior,Mid_Career,Senior
1497,44.0,Male,Master,Senior Project Engineer,11.0,170000.0,Australia,Australian,Senior,Mid_Career,Senior
1498,37.0,Male,Master,Senior Software Engineer,9.0,150000.0,China,Korean,Mid,Mid_Career,Senior
1499,56.0,Male,PhD,Software Engineer Manager,17.0,195000.0,Canada,White,Senior,Late_Career,Senior
1500,28.0,Male,Bachelor,Front End Developer,2.0,70000.0,UK,Mixed,Entry,Early_Career,Junior
1501,54.0,Male,PhD,Software Engineer Manager,17.0,195000.0,USA,Asian,Senior,Senior_Career,Senior
1502,31.0,Male,Master,Senior Project Engineer,6.0,125000.0,China,Chinese,Mid,Early_Career,Senior
1503,49.0,Male,PhD,Software Engineer Manager,15.0,185000.0,Australia,Australian,Senior,Senior_Career,Senior
1504,27.0,Female,Master,Back End Developer,2.0,70000.0,UK,Mixed,Entry,Early_Career,Junior
1505,38.0,Male,Master,Senior Software Engineer,10.0,155000.0,Australia,White,Mid,Mid_Career,Senior
1506,27.0,Male,Bachelor,Front End Developer,3.0,80000.0,Canada,White,Junior,Early_Career,Junior
1507,43.0,Male,PhD,Senior Project Engineer,13.0,185000.0,China,White,Senior,Mid_Career,Senior
1508,48.0,Male,PhD,Senior Project Engineer,16.0,190000.0,Canada,Asian,Senior,Senior_Career,Senior
1509,44.0,Male,Master,Senior Project Engineer,11.0,170000.0,Canada,Asian,Senior,Mid_Career,Senior
1510,54.0,Male,PhD,Software Engineer Manager,17.0,195000.0,China,Chinese,Senior,Senior_Career,Senior
1511,37.0,Male,Master,Senior Software Engineer,9.0,150000.0,UK,Mixed,Mid,Mid_Career,Senior
1512,28.0,Male,Bachelor,Front End Developer,2.0,70000.0,China,White,Entry,Early_Career,Junior
1513,27.0,Female,Master,Back End Developer,2.0,70000.0,USA,Asian,Entry,Early_Career,Junior
1514,49.0,Male,PhD,Software Engineer Manager,15.0,185000.0,UK,Welsh,Senior,Senior_Career,Senior
1515,31.0,Male,Master,Senior Project Engineer,7.0,135000.0,Australia,Asian,Mid,Early_Career,Senior
1516,27.0,Male,Bachelor,Front End Developer,3.0,80000.0,Canada,White,Junior,Early_Career,Junior
1517,54.0,Male,PhD,Software Engineer Manager,17.0,195000.0,UK,Welsh,Senior,Senior_Career,Senior
1518,38.0,Male,Master,Senior Software Engineer,10.0,155000.0,Australia,Australian,Mid,Mid_Career,Senior
1519,44.0,Male,Master,Senior Project Engineer,11.0,170000.0,UK,Welsh,Senior,Mid_Career,Senior
1520,43.0,Male,PhD,Senior Project Engineer,13.0,185000.0,Canada,Black,Senior,Mid_Career,Senior
1521,27.0,Male,Bachelor,Front End Developer,2.0,70000.0,Canada,Black,Entry,Early_Career,Junior
1522,48.0,Male,PhD,Senior Project Engineer,16.0,190000.0,Canada,Black,Senior,Senior_Career,Senior
1523,31.0,Male,Master,Senior Project Engineer,6.0,125000.0,USA,Asian,Mid,Early_Career,Senior
1524,54.0,Male,PhD,Software Engineer Manager,17.0,195000.0,Australia,Australian,Senior,Senior_Career,Senior
1525,37.0,Male,Master,Senior Software Engineer,9.0,150000.0,Canada,White,Mid,Mid_Career,Senior
1526,28.0,Male,Bachelor,Front End Developer,2.0,70000.0,UK,Mixed,Entry,Early_Career,Junior
1527,27.0,Female,Master,Back End Developer,2.0,70000.0,China,Korean,Entry,Early_Career,Junior
1528,34.0,Male,Bachelor,Front End Developer,5.0,95000.0,Canada,White,Junior,Early_Career,Junior
1529,43.0,Female,Master,Senior Software Engineer,12.0,170000.0,Australia,Asian,Senior,Mid_Career,Senior
1530,27.0,Male,Bachelor,Back End Developer,2.0,75000.0,Australia,Asian,Entry,Early_Career,Junior
1531,56.0,Female,PhD,Software Engineer Manager,18.0,210000.0,China,White,Senior,Late_Career,Senior
1532,32.0,Male,Master,Full Stack Engineer,7.0,135000.0,USA,White,Mid,Early_Career,Junior
1533,40.0,Male,PhD,Senior Software Engineer,12.0,160000.0,China,White,Senior,Mid_Career,Senior
1534,23.0,Male,Bachelor,Front End Developer,1.0,55000.0,USA,African American,Entry,Young,Junior
1535,46.0,Male,PhD,Senior Project Engineer,16.0,190000.0,UK,White,Senior,Senior_Career,Senior
1536,41.0,Female,PhD,Senior Project Engineer,11.0,165000.0,UK,Asian,Senior,Mid_Career,Senior
1537,28.0,Female,Bachelor,Front End Developer,3.0,80000.0,Canada,Black,Junior,Early_Career,Junior
1538,34.0,Male,Bachelor,Back End Developer,6.0,120000.0,Australia,Asian,Mid,Early_Career,Junior
1539,49.0,Male,PhD,Software Engineer Manager,15.0,185000.0,UK,Mixed,Senior,Senior_Career,Senior
1540,43.0,Male,PhD,Senior Project Engineer,13.0,185000.0,Canada,Black,Senior,Mid_Career,Senior
1541,54.0,Male,PhD,Software Engineer Manager,16.0,190000.0,UK,Mixed,Senior,Senior_Career,Senior
1542,36.0,Male,Master,Senior Software Engineer,8.0,140000.0,Canada,Black,Mid,Mid_Career,Senior
1543,33.0,Male,Master,Full Stack Engineer,6.0,130000.0,UK,Welsh,Mid,Early_Career,Junior
1544,27.0,Female,Master,Back End Developer,2.0,70000.0,Canada,White,Entry,Early_Career,Junior
1545,44.0,Male,Master,Senior Project Engineer,11.0,170000.0,Canada,White,Senior,Mid_Career,Senior
1546,31.0,Male,Master,Senior Project Engineer,6.0,125000.0,China,Korean,Mid,Early_Career,Senior
1547,38.0,Male,Master,Senior Software Engineer,10.0,155000.0,USA,Hispanic,Mid,Mid_Career,Senior
1548,27.0,Male,Bachelor,Front End Developer,2.0,70000.0,USA,African American,Entry,Early_Career,Junior
1549,54.0,Male,PhD,Software Engineer Manager,17.0,195000.0,Australia,White,Senior,Senior_Career,Senior
1550,31.0,Male,Master,Senior Software Engineer,7.0,140000.0,China,White,Mid,Early_Career,Senior
1551,32.0,Male,Master,Back End Developer,6.0,130000.0,USA,White,Mid,Early_Career,Junior
1552,38.0,Female,Master,Back End Developer,10.0,155000.0,UK,Asian,Mid,Mid_Career,Junior
1553,51.0,Male,PhD,Software Engineer Manager,16.0,190000.0,Australia,Asian,Senior,Senior_Career,Senior
1554,28.0,Male,Bachelor,Front End Developer,2.0,70000.0,UK,Mixed,Entry,Early_Career,Junior
1555,27.0,Male,Bachelor,Front End Developer,3.0,80000.0,Canada,Asian,Junior,Early_Career,Junior
1556,43.0,Male,PhD,Senior Project Engineer,13.0,185000.0,China,White,Senior,Mid_Career,Senior
1557,27.0,Female,Master,Full Stack Engineer,3.0,100000.0,USA,White,Junior,Early_Career,Junior
1558,49.0,Male,PhD,Software Engineer Manager,15.0,185000.0,Australia,Asian,Senior,Senior_Career,Senior
1559,48.0,Male,PhD,Senior Project Engineer,16.0,190000.0,Australia,Australian,Senior,Senior_Career,Senior
1560,31.0,Male,Master,Senior Project Engineer,7.0,135000.0,Australia,White,Mid,Early_Career,Senior
1561,40.0,Female,PhD,Senior Software Engineer,12.0,160000.0,USA,White,Senior,Mid_Career,Senior
1562,24.0,Male,Bachelor,Front End Developer,1.0,55000.0,Canada,White,Entry,Young,Junior
1563,27.0,Male,Bachelor,Front End Developer,3.0,80000.0,USA,White,Junior,Early_Career,Junior
1564,42.0,Male,PhD,Senior Software Engineer,14.0,170000.0,Canada,Asian,Senior,Mid_Career,Senior
1565,24.0,Female,Bachelor,Front End Developer,1.0,55000.0,UK,Welsh,Entry,Young,Junior
1566,28.0,Female,Bachelor,Front End Developer,3.0,80000.0,USA,African American,Junior,Early_Career,Junior
1567,43.0,Male,PhD,Senior Project Engineer,13.0,185000.0,China,White,Senior,Mid_Career,Senior
1568,31.0,Male,Master,Full Stack Engineer,7.0,140000.0,USA,Asian,Mid,Early_Career,Junior
1569,43.0,Male,PhD,Software Engineer Manager,13.0,180000.0,China,White,Senior,Mid_Career,Senior
1570,27.0,Female,Master,Back End Developer,2.0,70000.0,Australia,Australian,Entry,Early_Career,Junior
1571,49.0,Male,PhD,Software Engineer Manager,15.0,185000.0,USA,African American,Senior,Senior_Career,Senior
1572,48.0,Male,PhD,Senior Project Engineer,16.0,190000.0,UK,Mixed,Senior,Senior_Career,Senior
1573,31.0,Male,Master,Senior Project Engineer,6.0,125000.0,Canada,Asian,Mid,Early_Career,Senior
1574,40.0,Male,PhD,Senior Software Engineer,12.0,160000.0,China,Chinese,Senior,Mid_Career,Senior
1575,36.0,Male,Master,Senior Software Engineer,8.0,140000.0,UK,Welsh,Mid,Mid_Career,Senior
1576,54.0,Male,PhD,Software Engineer Manager,17.0,195000.0,Canada,Asian,Senior,Senior_Career,Senior
1577,27.0,Male,Bachelor,Front End Developer,2.0,70000.0,Australia,Australian,Entry,Early_Career,Junior
1578,28.0,Male,Bachelor,Front End Developer,2.0,70000.0,USA,African American,Entry,Early_Career,Junior
1579,44.0,Male,Master,Senior Project Engineer,11.0,170000.0,China,White,Senior,Mid_Career,Senior
1580,43.0,Male,PhD,Senior Project Engineer,13.0,185000.0,China,Chinese,Senior,Mid_Career,Senior
1581,54.0,Male,PhD,Software Engineer Manager,17.0,195000.0,UK,Asian,Senior,Senior_Career,Senior
1582,32.0,Male,Master,Back End Developer,6.0,130000.0,Australia,Australian,Mid,Early_Career,Junior
1583,38.0,Male,Master,Senior Software Engineer,10.0,155000.0,UK,Mixed,Mid,Mid_Career,Senior
1584,49.0,Male,PhD,Software Engineer Manager,15.0,185000.0,UK,Mixed,Senior,Senior_Career,Senior
1585,27.0,Male,Bachelor,Front End Developer,3.0,80000.0,Canada,Black,Junior,Early_Career,Junior
1586,54.0,Male,PhD,Software Engineer Manager,17.0,195000.0,Australia,White,Senior,Senior_Career,Senior
1587,31.0,Male,Master,Senior Project Engineer,7.0,135000.0,UK,White,Mid,Early_Career,Senior
1588,24.0,Male,Bachelor,Back End Developer,1.0,55000.0,Canada,White,Entry,Young,Junior
1589,48.0,Male,PhD,Senior Project Engineer,16.0,190000.0,USA,White,Senior,Senior_Career,Senior
1590,27.0,Female,Master,Back End Developer,2.0,70000.0,Canada,Black,Entry,Early_Career,Junior
1591,43.0,Male,PhD,Senior Project Engineer,13.0,185000.0,USA,Hispanic,Senior,Mid_Career,Senior
1592,44.0,Male,Master,Senior Project Engineer,11.0,170000.0,Canada,Asian,Senior,Mid_Career,Senior
1593,37.0,Male,Master,Senior Software Engineer,9.0,150000.0,Canada,Asian,Mid,Mid_Career,Senior
1594,56.0,Male,PhD,Software Engineer Manager,17.0,195000.0,UK,Welsh,Senior,Late_Career,Senior
1595,28.0,Male,Bachelor,Front End Developer,2.0,70000.0,USA,Hispanic,Entry,Early_Career,Junior
1596,54.0,Male,PhD,Software Engineer Manager,17.0,195000.0,Canada,Asian,Senior,Senior_Career,Senior
1597,31.0,Male,Master,Senior Project Engineer,6.0,125000.0,USA,Asian,Mid,Early_Career,Senior
1598,49.0,Male,PhD,Software Engineer Manager,15.0,185000.0,China,White,Senior,Senior_Career,Senior
1599,54.0,Male,PhD,Software Engineer Manager,17.0,195000.0,Canada,Black,Senior,Senior_Career,Senior
1600,27.0,Male,Bachelor,Front End Developer,3.0,80000.0,Australia,White,Junior,Early_Career,Junior
1601,42.0,Male,PhD,Senior Software Engineer,14.0,170000.0,China,Korean,Senior,Mid_Career,Senior
1602,38.0,Male,Master,Senior Software Engineer,10.0,155000.0,China,White,Mid,Mid_Career,Senior
1603,43.0,Male,PhD,Senior Project Engineer,13.0,185000.0,Canada,White,Senior,Mid_Career,Senior
1604,27.0,Male,Bachelor,Front End Developer,2.0,70000.0,Canada,Asian,Entry,Early_Career,Junior
1605,31.0,Male,Master,Full Stack Engineer,7.0,140000.0,Canada,Asian,Mid,Early_Career,Junior
1606,54.0,Male,PhD,Software Engineer Manager,17.0,195000.0,UK,Asian,Senior,Senior_Career,Senior
1607,36.0,Male,Master,Senior Software Engineer,8.0,140000.0,Canada,Black,Mid,Mid_Career,Senior
1608,27.0,Female,Master,Back End Developer,2.0,70000.0,USA,African American,Entry,Early_Career,Junior
1609,49.0,Male,PhD,Software Engineer Manager,15.0,185000.0,China,Chinese,Senior,Senior_Career,Senior
1610,48.0,Male,PhD,Senior Project Engineer,16.0,190000.0,UK,Mixed,Senior,Senior_Career,Senior
1611,31.0,Male,Master,Senior Project Engineer,7.0,135000.0,USA,African American,Mid,Early_Career,Senior
1612,40.0,Female,PhD,Senior Software Engineer,12.0,160000.0,UK,White,Senior,Mid_Career,Senior
1613,24.0,Male,Bachelor,Front End Developer,1.0,55000.0,UK,Welsh,Entry,Young,Junior
1614,27.0,Male,Bachelor,Front End Developer,3.0,80000.0,China,Chinese,Junior,Early_Career,Junior
1615,43.0,Male,PhD,Senior Project Engineer,13.0,185000.0,USA,White,Senior,Mid_Career,Senior
1616,27.0,Female,Master,Full Stack Engineer,3.0,100000.0,UK,Mixed,Junior,Early_Career,Junior
1617,49.0,Male,PhD,Software Engineer Manager,15.0,185000.0,UK,Asian,Senior,Senior_Career,Senior
1618,48.0,Male,PhD,Senior Project Engineer,16.0,190000.0,USA,White,Senior,Senior_Career,Senior
1619,31.0,Male,Master,Senior Project Engineer,6.0,125000.0,UK,White,Mid,Early_Career,Senior
1620,40.0,Male,PhD,Senior Software Engineer,12.0,160000.0,USA,Hispanic,Senior,Mid_Career,Senior
1621,36.0,Male,Master,Senior Software Engineer,8.0,140000.0,China,Korean,Mid,Mid_Career,Senior
1622,54.0,Male,PhD,Software Engineer Manager,17.0,195000.0,UK,Asian,Senior,Senior_Career,Senior
1623,27.0,Male,Bachelor,Front End Developer,2.0,70000.0,Australia,Australian,Entry,Early_Career,Junior
1624,28.0,Male,Bachelor,Front End Developer,2.0,70000.0,Canada,Black,Entry,Early_Career,Junior
1625,44.0,Male,Master,Senior Project Engineer,11.0,170000.0,Canada,White,Senior,Mid_Career,Senior
1626,43.0,Male,PhD,Senior Project Engineer,13.0,185000.0,UK,Welsh,Senior,Mid_Career,Senior
1627,54.0,Male,PhD,Software Engineer Manager,17.0,195000.0,Canada,Black,Senior,Senior_Career,Senior
1628,32.0,Male,Master,Back End Developer,6.0,130000.0,Canada,Asian,Mid,Early_Career,Junior
1629,38.0,Male,Master,Senior Software Engineer,10.0,155000.0,Canada,White,Mid,Mid_Career,Senior
1630,49.0,Male,PhD,Software Engineer Manager,15.0,185000.0,Canada,White,Senior,Senior_Career,Senior
1631,27.0,Male,Bachelor,Front End Developer,3.0,80000.0,USA,African American,Junior,Early_Career,Junior
1632,54.0,Male,PhD,Software Engineer Manager,17.0,195000.0,China,White,Senior,Senior_Career,Senior
1633,31.0,Male,Master,Senior Project Engineer,7.0,135000.0,Australia,Asian,Mid,Early_Career,Senior
1634,24.0,Male,Bachelor,Back End Developer,1.0,55000.0,USA,Hispanic,Entry,Young,Junior
1635,48.0,Male,PhD,Senior Project Engineer,16.0,190000.0,Canada,Asian,Senior,Senior_Career,Senior
1636,27.0,Female,Master,Back End Developer,2.0,70000.0,UK,Mixed,Entry,Early_Career,Junior
1637,43.0,Male,PhD,Senior Project Engineer,13.0,185000.0,UK,Mixed,Senior,Mid_Career,Senior
1638,44.0,Male,Master,Senior Project Engineer,11.0,170000.0,USA,African American,Senior,Mid_Career,Senior
1639,37.0,Male,Master,Senior Software Engineer,9.0,150000.0,UK,Asian,Mid,Mid_Career,Senior
1640,56.0,Male,PhD,Software Engineer Manager,17.0,195000.0,USA,White,Senior,Late_Career,Senior
1641,28.0,Male,Bachelor,Front End Developer,2.0,70000.0,Canada,Black,Entry,Early_Career,Junior
1642,54.0,Male,PhD,Software Engineer Manager,17.0,195000.0,USA,African American,Senior,Senior_Career,Senior
1643,31.0,Male,Master,Senior Project Engineer,6.0,125000.0,China,White,Mid,Early_Career,Senior
1644,49.0,Male,PhD,Software Engineer Manager,15.0,185000.0,Australia,White,Senior,Senior_Career,Senior
1645,54.0,Male,PhD,Software Engineer Manager,17.0,195000.0,China,Chinese,Senior,Senior_Career,Senior
1646,27.0,Male,Bachelor,Front End Developer,3.0,80000.0,UK,Welsh,Junior,Early_Career,Junior
1647,42.0,Male,PhD,Senior Software Engineer,14.0,170000.0,China,White,Senior,Mid_Career,Senior
1648,38.0,Male,Master,Senior Software Engineer,10.0,155000.0,Australia,Asian,Mid,Mid_Career,Senior
1649,36.0,Male,Bachelor,Front End Developer,7.0,120000.0,UK,Asian,Mid,Mid_Career,Junior
1650,29.0,Female,Master,Back End Developer,3.0,90000.0,USA,Asian,Junior,Early_Career,Junior
1651,41.0,Female,PhD,Software Engineer Manager,14.0,180000.0,UK,Asian,Senior,Mid_Career,Senior
1652,33.0,Male,Bachelor,Full Stack Engineer,7.0,130000.0,UK,Welsh,Mid,Early_Career,Junior
1653,42.0,Male,PhD,Senior Software Engineer,12.0,170000.0,China,Korean,Senior,Mid_Career,Senior
1654,28.0,Male,Bachelor,Back End Developer,2.0,70000.0,UK,Welsh,Entry,Early_Career,Junior
1655,55.0,Male,PhD,Software Engineer Manager,18.0,210000.0,China,White,Senior,Senior_Career,Senior
1656,26.0,Female,Master,Front End Developer,1.0,55000.0,Canada,Asian,Entry,Early_Career,Junior
1657,47.0,Male,PhD,Senior Project Engineer,16.0,190000.0,UK,Welsh,Senior,Senior_Career,Senior
1658,44.0,Female,PhD,Software Engineer Manager,11.0,165000.0,Canada,Black,Senior,Mid_Career,Senior
1659,30.0,Male,Master,Full Stack Engineer,5.0,105000.0,China,Korean,Junior,Early_Career,Junior
1660,39.0,Female,Master,Senior Software Engineer,11.0,160000.0,UK,Welsh,Senior,Mid_Career,Senior
1661,32.0,Male,Bachelor,Front End Developer,6.0,110000.0,Canada,Black,Mid,Early_Career,Junior
1662,50.0,Male,PhD,Software Engineer Manager,17.0,195000.0,China,Korean,Senior,Senior_Career,Senior
1663,27.0,Male,Bachelor,Back End Developer,3.0,85000.0,China,Chinese,Junior,Early_Career,Junior
1664,46.0,Male,PhD,Senior Project Engineer,14.0,180000.0,UK,White,Senior,Senior_Career,Senior
1665,25.0,Female,Bachelor,Front End Developer,1.0,55000.0,Australia,White,Entry,Young,Junior
1666,43.0,Male,PhD,Senior Project Engineer,13.0,185000.0,UK,Welsh,Senior,Mid_Career,Senior
1667,35.0,Male,Bachelor,Back End Developer,8.0,140000.0,Canada,Black,Mid,Early_Career,Junior
1668,29.0,Female,Master,Back End Developer,3.0,90000.0,UK,Mixed,Junior,Early_Career,Junior
1669,40.0,Female,PhD,Senior Software Engineer,12.0,160000.0,USA,White,Senior,Mid_Career,Senior
1670,35.0,Male,Bachelor,Full Stack Engineer,8.0,145000.0,China,White,Mid,Early_Career,Junior
1671,41.0,Male,PhD,Senior Project Engineer,13.0,185000.0,Australia,White,Senior,Mid_Career,Senior
1672,30.0,Male,Master,Full Stack Engineer,5.0,105000.0,UK,White,Junior,Early_Career,Junior
1673,33.0,Male,Bachelor,Front End Developer,6.0,110000.0,Australia,Asian,Mid,Early_Career,Junior
1674,55.0,Male,PhD,Software Engineer Manager,18.0,210000.0,UK,Asian,Senior,Senior_Career,Senior
1675,26.0,Female,Master,Front End Developer,1.0,55000.0,UK,Mixed,Entry,Early_Career,Junior
1676,47.0,Male,PhD,Senior Project Engineer,16.0,190000.0,USA,African American,Senior,Senior_Career,Senior
1677,44.0,Female,PhD,Software Engineer Manager,11.0,165000.0,UK,Asian,Senior,Mid_Career,Senior
1678,30.0,Male,Master,Full Stack Engineer,5.0,105000.0,USA,White,Junior,Early_Career,Junior
1679,39.0,Female,Master,Senior Software Engineer,11.0,160000.0,China,Korean,Senior,Mid_Career,Senior
1680,32.0,Male,Bachelor,Front End Developer,6.0,110000.0,USA,Hispanic,Mid,Early_Career,Junior
1681,50.0,Male,PhD,Software Engineer Manager,17.0,195000.0,Australia,Australian,Senior,Senior_Career,Senior
1682,27.0,Male,Bachelor,Back End Developer,3.0,85000.0,UK,Mixed,Junior,Early_Career,Junior
1683,46.0,Male,PhD,Senior Project Engineer,14.0,180000.0,Australia,Asian,Senior,Senior_Career,Senior
1684,25.0,Female,Bachelor,Front End Developer,1.0,55000.0,UK,Asian,Entry,Young,Junior
1685,43.0,Male,PhD,Senior Project Engineer,13.0,185000.0,USA,African American,Senior,Mid_Career,Senior
1686,35.0,Male,Bachelor,Back End Developer,8.0,140000.0,Australia,Asian,Mid,Early_Career,Junior
1687,29.0,Female,Master,Back End Developer,3.0,90000.0,Canada,Black,Junior,Early_Career,Junior
1688,40.0,Female,PhD,Senior Software Engineer,12.0,160000.0,USA,Hispanic,Senior,Mid_Career,Senior
1689,35.0,Male,Bachelor,Full Stack Engineer,8.0,145000.0,UK,Mixed,Mid,Early_Career,Junior
1690,41.0,Male,PhD,Senior Project Engineer,13.0,185000.0,UK,White,Senior,Mid_Career,Senior
1691,30.0,Male,Master,Full Stack Engineer,5.0,105000.0,Australia,Asian,Junior,Early_Career,Junior
1692,33.0,Male,Bachelor,Front End Developer,6.0,110000.0,USA,African American,Mid,Early_Career,Junior
1693,55.0,Male,PhD,Software Engineer Manager,18.0,210000.0,China,Chinese,Senior,Senior_Career,Senior
1694,26.0,Female,Master,Front End Developer,1.0,55000.0,Australia,Australian,Entry,Early_Career,Junior
1695,47.0,Male,PhD,Senior Project Engineer,16.0,190000.0,USA,Hispanic,Senior,Senior_Career,Senior
1696,44.0,Female,PhD,Software Engineer Manager,11.0,165000.0,Canada,Black,Senior,Mid_Career,Senior
1697,30.0,Male,Master,Full Stack Engineer,5.0,105000.0,USA,African American,Junior,Early_Career,Junior
1698,39.0,Female,Master,Senior Software Engineer,11.0,160000.0,Canada,White,Senior,Mid_Career,Senior
1699,32.0,Male,Bachelor,Front End Developer,6.0,110000.0,Australia,Australian,Mid,Early_Career,Junior
1700,50.0,Male,PhD,Software Engineer Manager,17.0,195000.0,Australia,White,Senior,Senior_Career,Senior
1701,27.0,Male,Bachelor,Back End Developer,3.0,85000.0,Canada,Black,Junior,Early_Career,Junior
1702,46.0,Male,PhD,Senior Project Engineer,14.0,180000.0,Australia,White,Senior,Senior_Career,Senior
1703,25.0,Female,Bachelor,Front End Developer,1.0,55000.0,USA,White,Entry,Young,Junior
1704,43.0,Male,PhD,Senior Project Engineer,13.0,185000.0,China,White,Senior,Mid_Career,Senior
1705,35.0,Male,Bachelor,Back End Developer,8.0,140000.0,Australia,Australian,Mid,Early_Career,Junior
1706,29.0,Female,Master,Back End Developer,3.0,90000.0,Canada,Black,Junior,Early_Career,Junior
1707,40.0,Female,PhD,Senior Software Engineer,12.0,160000.0,Australia,Asian,Senior,Mid_Career,Senior
1708,35.0,Male,Bachelor,Full Stack Engineer,8.0,145000.0,Canada,Asian,Mid,Early_Career,Junior
1709,41.0,Male,PhD,Senior Project Engineer,13.0,185000.0,Australia,Australian,Senior,Mid_Career,Senior
1710,30.0,Male,Master,Full Stack Engineer,5.0,105000.0,UK,Asian,Junior,Early_Career,Junior
1711,33.0,Male,Bachelor,Front End Developer,6.0,110000.0,Australia,Australian,Mid,Early_Career,Junior
1712,55.0,Male,PhD,Software Engineer Manager,18.0,210000.0,UK,Asian,Senior,Senior_Career,Senior
1713,26.0,Female,Master,Front End Developer,1.0,55000.0,USA,Asian,Entry,Early_Career,Junior
1714,47.0,Male,PhD,Senior Project Engineer,16.0,190000.0,Australia,Asian,Senior,Senior_Career,Senior
1715,44.0,Female,PhD,Software Engineer Manager,11.0,165000.0,China,White,Senior,Mid_Career,Senior
1716,30.0,Male,Master,Full Stack Engineer,5.0,105000.0,China,Korean,Junior,Early_Career,Junior
1717,39.0,Female,Master,Senior Software Engineer,11.0,160000.0,Australia,Asian,Senior,Mid_Career,Senior
1718,32.0,Male,Bachelor,Front End Developer,6.0,110000.0,USA,White,Mid,Early_Career,Junior
1719,50.0,Male,PhD,Software Engineer Manager,17.0,195000.0,Australia,Australian,Senior,Senior_Career,Senior
1720,27.0,Male,Bachelor,Back End Developer,3.0,85000.0,Canada,Black,Junior,Early_Career,Junior
1721,46.0,Male,PhD,Senior Project Engineer,14.0,180000.0,UK,Welsh,Senior,Senior_Career,Senior
1722,25.0,Female,Bachelor,Front End Developer,1.0,55000.0,UK,White,Entry,Young,Junior
1723,43.0,Male,PhD,Senior Project Engineer,13.0,185000.0,Australia,Asian,Senior,Mid_Career,Senior
1724,35.0,Male,Bachelor,Back End Developer,8.0,140000.0,China,Chinese,Mid,Early_Career,Junior
1725,29.0,Female,Master,Back End Developer,3.0,90000.0,Australia,White,Junior,Early_Career,Junior
1726,40.0,Female,PhD,Senior Software Engineer,12.0,160000.0,Australia,White,Senior,Mid_Career,Senior
1727,35.0,Male,Bachelor,Full Stack Engineer,8.0,145000.0,China,White,Mid,Early_Career,Junior
1728,41.0,Male,PhD,Senior Project Engineer,13.0,185000.0,Australia,Asian,Senior,Mid_Career,Senior
1729,30.0,Male,Master,Full Stack Engineer,5.0,105000.0,UK,White,Junior,Early_Career,Junior
1730,33.0,Male,Bachelor,Front End Developer,6.0,110000.0,USA,Asian,Mid,Early_Career,Junior
1731,55.0,Male,PhD,Software Engineer Manager,18.0,210000.0,USA,Hispanic,Senior,Senior_Career,Senior
1732,26.0,Female,Master,Front End Developer,1.0,55000.0,UK,Mixed,Entry,Early_Career,Junior
1733,47.0,Male,PhD,Senior Project Engineer,16.0,190000.0,USA,African American,Senior,Senior_Career,Senior
1734,44.0,Female,PhD,Software Engineer Manager,11.0,165000.0,China,Chinese,Senior,Mid_Career,Senior
1735,30.0,Male,Master,Full Stack Engineer,5.0,105000.0,UK,Mixed,Junior,Early_Career,Junior
1736,39.0,Female,Master,Senior Software Engineer,11.0,160000.0,Australia,Asian,Senior,Mid_Career,Senior
1737,32.0,Male,Bachelor,Front End Developer,6.0,110000.0,USA,Asian,Mid,Early_Career,Junior
1738,50.0,Male,PhD,Software Engineer Manager,17.0,195000.0,China,White,Senior,Senior_Career,Senior
1739,27.0,Male,Bachelor,Back End Developer,3.0,85000.0,Australia,Asian,Junior,Early_Career,Junior
1740,46.0,Male,PhD,Senior Project Engineer,14.0,180000.0,Canada,Black,Senior,Senior_Career,Senior
1741,25.0,Female,Bachelor,Front End Developer,1.0,55000.0,Canada,Asian,Entry,Young,Junior
1742,43.0,Male,PhD,Senior Project Engineer,13.0,185000.0,Australia,Asian,Senior,Mid_Career,Senior
1743,35.0,Male,Bachelor,Back End Developer,8.0,140000.0,Australia,Australian,Mid,Early_Career,Junior
1744,29.0,Female,Master,Back End Developer,3.0,90000.0,Australia,Asian,Junior,Early_Career,Junior
1745,40.0,Female,PhD,Senior Software Engineer,12.0,160000.0,China,Korean,Senior,Mid_Career,Senior
1746,35.0,Male,Bachelor,Full Stack Engineer,8.0,145000.0,UK,Mixed,Mid,Early_Career,Junior
1747,41.0,Male,PhD,Senior Project Engineer,13.0,185000.0,Canada,Black,Senior,Mid_Career,Senior
1748,30.0,Male,Master,Full Stack Engineer,5.0,105000.0,China,Korean,Junior,Early_Career,Junior
1749,33.0,Male,Bachelor,Front End Developer,6.0,110000.0,Canada,Asian,Mid,Early_Career,Junior
1750,55.0,Male,PhD,Software Engineer Manager,18.0,210000.0,USA,White,Senior,Senior_Career,Senior
1751,26.0,Female,Master,Front End Developer,1.0,55000.0,Australia,Australian,Entry,Early_Career,Junior
1752,47.0,Male,PhD,Senior Project Engineer,16.0,190000.0,USA,African American,Senior,Senior_Career,Senior
1753,44.0,Female,PhD,Software Engineer Manager,11.0,165000.0,Canada,Asian,Senior,Mid_Career,Senior
1754,30.0,Male,Master,Full Stack Engineer,5.0,105000.0,Australia,Asian,Junior,Early_Career,Junior
1755,39.0,Female,Master,Senior Software Engineer,11.0,160000.0,Canada,White,Senior,Mid_Career,Senior
1756,32.0,Male,Bachelor,Front End Developer,6.0,110000.0,Canada,Black,Mid,Early_Career,Junior
1757,50.0,Male,PhD,Software Engineer Manager,17.0,195000.0,USA,White,Senior,Senior_Career,Senior
1758,27.0,Male,Bachelor,Back End Developer,3.0,85000.0,USA,African American,Junior,Early_Career,Junior
1759,46.0,Male,PhD,Senior Project Engineer,14.0,180000.0,USA,African American,Senior,Senior_Career,Senior
1760,25.0,Female,Bachelor,Front End Developer,1.0,55000.0,Australia,White,Entry,Young,Junior
1761,43.0,Male,PhD,Senior Project Engineer,13.0,185000.0,Australia,White,Senior,Mid_Career,Senior
1762,35.0,Male,Bachelor,Back End Developer,8.0,140000.0,USA,African American,Mid,Early_Career,Junior
1763,29.0,Female,Master,Back End Developer,3.0,90000.0,USA,Hispanic,Junior,Early_Career,Junior
1764,40.0,Female,PhD,Senior Software Engineer,12.0,160000.0,China,Chinese,Senior,Mid_Career,Senior
1765,35.0,Male,Bachelor,Full Stack Engineer,8.0,145000.0,China,Chinese,Mid,Early_Career,Junior
1766,41.0,Male,PhD,Senior Project Engineer,13.0,185000.0,USA,Asian,Senior,Mid_Career,Senior
1767,30.0,Male,Master,Full Stack Engineer,5.0,105000.0,Australia,White,Junior,Early_Career,Junior
1768,33.0,Male,Bachelor,Front End Developer,6.0,110000.0,Australia,Asian,Mid,Early_Career,Junior
1769,55.0,Male,PhD,Software Engineer Manager,18.0,210000.0,China,Korean,Senior,Senior_Career,Senior
1770,31.0,Male,Bachelor,Front End Developer,6.0,115000.0,Australia,Australian,Mid,Early_Career,Junior
1771,42.0,Female,Master,Software Engineer Manager,13.0,170000.0,Australia,Asian,Senior,Mid_Career,Senior
1772,27.0,Female,Bachelor,Back End Developer,3.0,80000.0,Canada,Asian,Junior,Early_Career,Junior
1773,51.0,Male,PhD,Senior Project Engineer,19.0,200000.0,UK,Mixed,Senior,Senior_Career,Senior
1774,34.0,Female,Master,Full Stack Engineer,7.0,130000.0,Australia,White,Mid,Early_Career,Junior
1775,38.0,Male,Bachelor,Software Engineer Manager,11.0,155000.0,Canada,Asian,Senior,Mid_Career,Senior
1776,29.0,Male,Bachelor,Front End Developer,5.0,105000.0,China,White,Junior,Early_Career,Junior
1777,43.0,Female,PhD,Senior Project Engineer,14.0,190000.0,Australia,Australian,Senior,Mid_Career,Senior
1778,36.0,Male,Master,Back End Developer,8.0,140000.0,USA,African American,Mid,Mid_Career,Junior
1779,48.0,Male,PhD,Software Engineer Manager,16.0,185000.0,Australia,Asian,Senior,Senior_Career,Senior
1780,35.0,Female,Bachelor,Full Stack Engineer,8.0,145000.0,Australia,White,Mid,Early_Career,Junior
1781,30.0,Female,Master,Front End Developer,4.0,90000.0,China,Chinese,Junior,Early_Career,Junior
1782,50.0,Male,PhD,Senior Project Engineer,18.0,195000.0,Australia,Australian,Senior,Senior_Career,Senior
1783,29.0,Male,Bachelor,Back End Developer,4.0,95000.0,USA,Asian,Junior,Early_Career,Junior
1784,41.0,Male,Master,Software Engineer Manager,13.0,170000.0,China,White,Senior,Mid_Career,Senior
1785,33.0,Female,Bachelor,Full Stack Engineer,6.0,115000.0,UK,Welsh,Mid,Early_Career,Junior
1786,45.0,Male,PhD,Senior Project Engineer,16.0,185000.0,UK,Mixed,Senior,Mid_Career,Senior
1787,28.0,Female,Bachelor,Front End Developer,2.0,65000.0,USA,African American,Entry,Early_Career,Junior
1788,39.0,Female,Master,Software Engineer Manager,12.0,160000.0,USA,African American,Senior,Mid_Career,Senior
1789,30.0,Male,Bachelor,Back End Developer,5.0,100000.0,UK,Mixed,Junior,Early_Career,Junior
1790,46.0,Male,PhD,Senior Project Engineer,15.0,180000.0,Canada,White,Senior,Senior_Career,Senior
1791,25.0,Female,Bachelor,Front End Developer,1.0,55000.0,Canada,Black,Entry,Young,Junior
1792,42.0,Male,PhD,Software Engineer Manager,14.0,190000.0,UK,Mixed,Senior,Mid_Career,Senior
1793,31.0,Male,Bachelor,Full Stack Engineer,6.0,115000.0,Australia,Asian,Mid,Early_Career,Junior
1794,49.0,Female,PhD,Senior Project Engineer,17.0,195000.0,Australia,Australian,Senior,Senior_Career,Senior
1795,36.0,Male,Master,Back End Developer,9.0,150000.0,Canada,White,Mid,Mid_Career,Junior
1796,33.0,Female,Bachelor,Full Stack Engineer,6.0,115000.0,China,Chinese,Mid,Early_Career,Junior
1797,45.0,Male,PhD,Software Engineer Manager,16.0,185000.0,Canada,White,Senior,Mid_Career,Senior
1798,28.0,Female,Bachelor,Front End Developer,2.0,65000.0,Canada,White,Entry,Early_Career,Junior
1799,39.0,Female,Master,Software Engineer Manager,12.0,160000.0,UK,Mixed,Senior,Mid_Career,Senior
1800,30.0,Male,Bachelor,Back End Developer,5.0,100000.0,USA,African American,Junior,Early_Career,Junior
1801,46.0,Male,PhD,Senior Project Engineer,15.0,180000.0,USA,Hispanic,Senior,Senior_Career,Senior
1802,25.0,Female,Bachelor,Front End Developer,1.0,55000.0,Australia,Asian,Entry,Young,Junior
1803,42.0,Male,PhD,Software Engineer Manager,14.0,190000.0,China,Korean,Senior,Mid_Career,Senior
1804,31.0,Male,Bachelor,Full Stack Engineer,6.0,115000.0,China,Chinese,Mid,Early_Career,Junior
1805,49.0,Female,PhD,Senior Project Engineer,17.0,195000.0,USA,White,Senior,Senior_Career,Senior
1806,36.0,Male,Master,Back End Developer,9.0,150000.0,UK,White,Mid,Mid_Career,Junior
1807,33.0,Female,Bachelor,Full Stack Engineer,6.0,115000.0,USA,Hispanic,Mid,Early_Career,Junior
1808,45.0,Male,PhD,Software Engineer Manager,16.0,185000.0,UK,White,Senior,Mid_Career,Senior
1809,28.0,Female,Bachelor,Front End Developer,2.0,65000.0,UK,Welsh,Entry,Early_Career,Junior
1810,39.0,Female,Master,Software Engineer Manager,12.0,160000.0,UK,Welsh,Senior,Mid_Career,Senior
1811,30.0,Male,Bachelor,Back End Developer,5.0,100000.0,USA,African American,Junior,Early_Career,Junior
1812,46.0,Male,PhD,Senior Project Engineer,15.0,180000.0,USA,Hispanic,Senior,Senior_Career,Senior
1813,25.0,Female,Bachelor,Front End Developer,1.0,55000.0,UK,Asian,Entry,Young,Junior
1814,42.0,Male,PhD,Software Engineer Manager,14.0,190000.0,Australia,Asian,Senior,Mid_Career,Senior
1815,31.0,Male,Bachelor,Full Stack Engineer,6.0,115000.0,China,Chinese,Mid,Early_Career,Junior
1816,49.0,Female,PhD,Senior Project Engineer,17.0,195000.0,Canada,Black,Senior,Senior_Career,Senior
1817,36.0,Male,Master,Back End Developer,9.0,150000.0,China,Korean,Mid,Mid_Career,Junior
1818,33.0,Female,Bachelor,Full Stack Engineer,6.0,115000.0,USA,White,Mid,Early_Career,Junior
1819,45.0,Male,PhD,Software Engineer Manager,16.0,185000.0,USA,Asian,Senior,Mid_Career,Senior
1820,28.0,Female,Bachelor,Front End Developer,2.0,65000.0,Canada,Black,Entry,Early_Career,Junior
1821,39.0,Female,Master,Software Engineer Manager,12.0,160000.0,UK,Welsh,Senior,Mid_Career,Senior
1822,30.0,Male,Bachelor,Back End Developer,5.0,100000.0,Australia,Australian,Junior,Early_Career,Junior
1823,46.0,Male,PhD,Senior Project Engineer,15.0,180000.0,Canada,Asian,Senior,Senior_Career,Senior
1824,25.0,Female,Bachelor,Front End Developer,1.0,55000.0,UK,Mixed,Entry,Young,Junior
1825,42.0,Male,PhD,Software Engineer Manager,14.0,190000.0,China,Chinese,Senior,Mid_Career,Senior
1826,31.0,Male,Bachelor,Full Stack Engineer,6.0,115000.0,China,Korean,Mid,Early_Career,Junior
1827,49.0,Female,PhD,Senior Project Engineer,17.0,195000.0,UK,Welsh,Senior,Senior_Career,Senior
1828,36.0,Male,Master,Back End Developer,9.0,150000.0,Australia,Australian,Mid,Mid_Career,Junior
1829,33.0,Female,Bachelor,Full Stack Engineer,6.0,115000.0,China,Korean,Mid,Early_Career,Junior
1830,45.0,Male,PhD,Software Engineer Manager,16.0,185000.0,USA,African American,Senior,Mid_Career,Senior
1831,28.0,Female,Bachelor,Front End Developer,2.0,65000.0,China,White,Entry,Early_Career,Junior
1832,39.0,Female,Master,Software Engineer Manager,12.0,160000.0,China,Korean,Senior,Mid_Career,Senior
1833,30.0,Male,Bachelor,Back End Developer,5.0,100000.0,Canada,Asian,Junior,Early_Career,Junior
1834,46.0,Male,PhD,Senior Project Engineer,15.0,180000.0,China,Korean,Senior,Senior_Career,Senior
1835,25.0,Female,Bachelor,Front End Developer,1.0,55000.0,USA,Asian,Entry,Young,Junior
1836,42.0,Male,PhD,Software Engineer Manager,14.0,190000.0,Australia,Australian,Senior,Mid_Career,Senior
1837,31.0,Male,Bachelor,Full Stack Engineer,6.0,115000.0,Canada,Asian,Mid,Early_Career,Junior
1838,49.0,Female,PhD,Senior Project Engineer,17.0,195000.0,Canada,Black,Senior,Senior_Career,Senior
1839,36.0,Male,Master,Back End Developer,9.0,150000.0,Canada,Asian,Mid,Mid_Career,Junior
1840,33.0,Female,Bachelor,Full Stack Engineer,6.0,115000.0,Australia,Australian,Mid,Early_Career,Junior
1841,45.0,Male,PhD,Software Engineer Manager,16.0,185000.0,China,Chinese,Senior,Mid_Career,Senior
1842,28.0,Female,Bachelor,Front End Developer,2.0,65000.0,Australia,Asian,Entry,Early_Career,Junior
1843,39.0,Female,Master,Software Engineer Manager,12.0,160000.0,Canada,Asian,Senior,Mid_Career,Senior
1844,30.0,Male,Bachelor,Back End Developer,5.0,100000.0,UK,Asian,Junior,Early_Career,Junior
1845,46.0,Male,PhD,Senior Project Engineer,15.0,180000.0,USA,African American,Senior,Senior_Career,Senior
1846,25.0,Female,Bachelor,Front End Developer,1.0,55000.0,Australia,White,Entry,Young,Junior
1847,42.0,Male,PhD,Software Engineer Manager,14.0,190000.0,Australia,Australian,Senior,Mid_Career,Senior
1848,31.0,Male,Bachelor,Full Stack Engineer,6.0,115000.0,Canada,Asian,Mid,Early_Career,Junior
1849,49.0,Female,PhD,Senior Project Engineer,17.0,195000.0,Canada,White,Senior,Senior_Career,Senior
1850,36.0,Male,Master,Back End Developer,9.0,150000.0,UK,Welsh,Mid,Mid_Career,Junior
1851,33.0,Female,Bachelor,Full Stack Engineer,6.0,115000.0,USA,Asian,Mid,Early_Career,Junior
1852,45.0,Male,PhD,Software Engineer Manager,16.0,185000.0,UK,White,Senior,Mid_Career,Senior
1853,28.0,Female,Bachelor,Front End Developer,2.0,65000.0,Australia,Australian,Entry,Early_Career,Junior
1854,39.0,Female,Master,Software Engineer Manager,12.0,160000.0,Australia,White,Senior,Mid_Career,Senior
1855,30.0,Male,Bachelor,Back End Developer,5.0,100000.0,USA,Asian,Junior,Early_Career,Junior
1856,46.0,Male,PhD,Senior Project Engineer,15.0,180000.0,UK,White,Senior,Senior_Career,Senior
1857,25.0,Female,Bachelor,Front End Developer,1.0,55000.0,USA,African American,Entry,Young,Junior
1858,42.0,Male,PhD,Software Engineer Manager,14.0,190000.0,UK,Mixed,Senior,Mid_Career,Senior
1859,31.0,Male,Bachelor,Full Stack Engineer,6.0,115000.0,UK,Welsh,Mid,Early_Career,Junior
1860,49.0,Female,PhD,Senior Project Engineer,17.0,195000.0,USA,African American,Senior,Senior_Career,Senior
1861,36.0,Male,Master,Back End Developer,9.0,150000.0,Australia,Asian,Mid,Mid_Career,Junior
1862,33.0,Female,Bachelor,Full Stack Engineer,6.0,115000.0,UK,Asian,Mid,Early_Career,Junior
1863,45.0,Male,PhD,Software Engineer Manager,16.0,185000.0,Australia,Asian,Senior,Mid_Career,Senior
1864,28.0,Female,Bachelor,Front End Developer,2.0,65000.0,Canada,Asian,Entry,Early_Career,Junior
1865,39.0,Female,Master,Software Engineer Manager,12.0,160000.0,Australia,White,Senior,Mid_Career,Senior
1866,30.0,Male,Bachelor,Back End Developer,5.0,100000.0,Australia,Asian,Junior,Early_Career,Junior
1867,46.0,Male,PhD,Senior Project Engineer,15.0,180000.0,Australia,Australian,Senior,Senior_Career,Senior
1868,25.0,Female,Bachelor,Front End Developer,1.0,55000.0,China,Korean,Entry,Young,Junior
1869,42.0,Male,PhD,Software Engineer Manager,14.0,190000.0,UK,Asian,Senior,Mid_Career,Senior
1870,31.0,Male,Bachelor,Full Stack Engineer,6.0,115000.0,UK,White,Mid,Early_Career,Junior
1871,49.0,Female,PhD,Senior Project Engineer,17.0,195000.0,Canada,White,Senior,Senior_Career,Senior
1872,36.0,Male,Master,Back End Developer,9.0,150000.0,UK,White,Mid,Mid_Career,Junior
1873,33.0,Female,Bachelor,Full Stack Engineer,6.0,115000.0,UK,Welsh,Mid,Early_Career,Junior
1874,45.0,Male,PhD,Software Engineer Manager,16.0,185000.0,UK,White,Senior,Mid_Career,Senior
1875,28.0,Female,Bachelor,Front End Developer,2.0,65000.0,USA,African American,Entry,Early_Career,Junior
1876,39.0,Female,Master,Software Engineer Manager,12.0,160000.0,UK,Mixed,Senior,Mid_Career,Senior
1877,30.0,Male,Bachelor,Back End Developer,5.0,100000.0,Canada,White,Junior,Early_Career,Junior
1878,46.0,Male,PhD,Senior Project Engineer,15.0,180000.0,USA,African American,Senior,Senior_Career,Senior
1879,25.0,Female,Bachelor,Front End Developer,1.0,55000.0,Australia,Australian,Entry,Young,Junior
1880,42.0,Male,PhD,Software Engineer Manager,14.0,190000.0,USA,White,Senior,Mid_Career,Senior
1881,31.0,Male,Bachelor,Full Stack Engineer,6.0,115000.0,Canada,White,Mid,Early_Career,Junior
1882,49.0,Female,PhD,Senior Project Engineer,17.0,195000.0,China,Chinese,Senior,Senior_Career,Senior
1883,36.0,Male,Master,Back End Developer,9.0,150000.0,China,White,Mid,Mid_Career,Junior
1884,33.0,Female,Bachelor,Full Stack Engineer,6.0,115000.0,Canada,Asian,Mid,Early_Career,Junior
1885,45.0,Male,PhD,Software Engineer Manager,16.0,185000.0,Australia,Australian,Senior,Mid_Career,Senior
1886,28.0,Female,Bachelor,Front End Developer,2.0,65000.0,Australia,Australian,Entry,Early_Career,Junior
1887,39.0,Female,Master,Software Engineer Manager,12.0,160000.0,UK,Welsh,Senior,Mid_Career,Senior
1888,30.0,Male,Bachelor,Back End Developer,5.0,100000.0,Canada,Black,Junior,Early_Career,Junior
1889,46.0,Male,PhD,Senior Project Engineer,15.0,180000.0,China,Chinese,Senior,Senior_Career,Senior
1890,25.0,Female,Bachelor,Front End Developer,1.0,550.0,UK,Mixed,Entry,Young,Junior
1891,29.0,Male,Bachelor,Front End Developer,4.0,90000.0,Australia,White,Junior,Early_Career,Junior
1892,40.0,Female,Master,Software Engineer Manager,12.0,160000.0,USA,Hispanic,Senior,Mid_Career,Senior
1893,27.0,Female,Bachelor,Back End Developer,3.0,80000.0,UK,White,Junior,Early_Career,Junior
1894,50.0,Male,PhD,Senior Project Engineer,18.0,195000.0,UK,White,Senior,Senior_Career,Senior
1895,33.0,Female,Master,Full Stack Engineer,6.0,115000.0,Canada,White,Mid,Early_Career,Junior
1896,37.0,Male,Bachelor,Software Engineer Manager,10.0,150000.0,UK,Asian,Mid,Mid_Career,Senior
1897,28.0,Male,Bachelor,Front End Developer,2.0,65000.0,UK,Asian,Entry,Early_Career,Junior
1898,44.0,Female,PhD,Senior Project Engineer,14.0,190000.0,Australia,Australian,Senior,Mid_Career,Senior
1899,35.0,Male,Master,Back End Developer,8.0,140000.0,UK,White,Mid,Early_Career,Junior
1900,47.0,Male,PhD,Software Engineer Manager,16.0,185000.0,Canada,Asian,Senior,Senior_Career,Senior
1901,34.0,Female,Bachelor,Full Stack Engineer,7.0,130000.0,China,Korean,Mid,Early_Career,Junior
1902,31.0,Female,Master,Front End Developer,5.0,105000.0,UK,Welsh,Junior,Early_Career,Junior
1903,51.0,Male,PhD,Senior Project Engineer,19.0,200000.0,China,Chinese,Senior,Senior_Career,Senior
1904,30.0,Male,Bachelor,Back End Developer,5.0,100000.0,USA,White,Junior,Early_Career,Junior
1905,42.0,Male,Master,Software Engineer Manager,13.0,170000.0,Canada,White,Senior,Mid_Career,Senior
1906,33.0,Female,Bachelor,Full Stack Engineer,6.0,115000.0,Canada,White,Mid,Early_Career,Junior
1907,45.0,Male,PhD,Senior Project Engineer,16.0,185000.0,UK,Welsh,Senior,Mid_Career,Senior
1908,29.0,Female,Bachelor,Front End Developer,4.0,90000.0,Australia,Asian,Junior,Early_Career,Junior
1909,39.0,Female,Master,Software Engineer Manager,12.0,160000.0,China,Chinese,Senior,Mid_Career,Senior
1910,27.0,Male,Bachelor,Back End Developer,3.0,80000.0,Australia,White,Junior,Early_Career,Junior
1911,49.0,Male,PhD,Senior Project Engineer,17.0,195000.0,USA,Asian,Senior,Senior_Career,Senior
1912,32.0,Female,Master,Full Stack Engineer,6.0,115000.0,China,Chinese,Mid,Early_Career,Junior
1913,36.0,Male,Bachelor,Software Engineer Manager,8.0,135000.0,USA,Hispanic,Mid,Mid_Career,Senior
1914,27.0,Male,Bachelor,Front End Developer,2.0,65000.0,Australia,Australian,Entry,Early_Career,Junior
1915,43.0,Female,PhD,Senior Project Engineer,14.0,190000.0,Canada,White,Senior,Mid_Career,Senior
1916,34.0,Male,Master,Back End Developer,8.0,140000.0,Australia,Australian,Mid,Early_Career,Junior
1917,46.0,Male,PhD,Software Engineer Manager,16.0,185000.0,UK,White,Senior,Senior_Career,Senior
1918,33.0,Female,Bachelor,Full Stack Engineer,7.0,130000.0,USA,Hispanic,Mid,Early_Career,Junior
1919,30.0,Female,Master,Front End Developer,5.0,105000.0,UK,White,Junior,Early_Career,Junior
1920,50.0,Male,PhD,Senior Project Engineer,19.0,200000.0,China,Korean,Senior,Senior_Career,Senior
1921,30.0,Male,Bachelor,Back End Developer,5.0,100000.0,UK,Asian,Junior,Early_Career,Junior
1922,42.0,Male,Master,Software Engineer Manager,13.0,170000.0,USA,White,Senior,Mid_Career,Senior
1923,33.0,Female,Bachelor,Full Stack Engineer,6.0,115000.0,Australia,Asian,Mid,Early_Career,Junior
1924,45.0,Male,PhD,Senior Project Engineer,16.0,185000.0,Australia,Australian,Senior,Mid_Career,Senior
1925,29.0,Female,Bachelor,Front End Developer,4.0,90000.0,USA,White,Junior,Early_Career,Junior
1926,39.0,Female,Master,Software Engineer Manager,12.0,160000.0,Canada,Black,Senior,Mid_Career,Senior
1927,27.0,Male,Bachelor,Back End Developer,3.0,80000.0,Canada,Black,Junior,Early_Career,Junior
1928,49.0,Male,PhD,Senior Project Engineer,17.0,195000.0,USA,Asian,Senior,Senior_Career,Senior
1929,32.0,Female,Master,Full Stack Engineer,6.0,115000.0,Canada,Black,Mid,Early_Career,Junior
1930,36.0,Male,Bachelor,Software Engineer Manager,8.0,135000.0,USA,Asian,Mid,Mid_Career,Senior
1931,27.0,Male,Bachelor,Front End Developer,2.0,65000.0,USA,White,Entry,Early_Career,Junior
1932,43.0,Female,PhD,Senior Project Engineer,14.0,190000.0,Australia,Asian,Senior,Mid_Career,Senior
1933,34.0,Male,Master,Back End Developer,8.0,140000.0,Canada,White,Mid,Early_Career,Junior
1934,46.0,Male,PhD,Software Engineer Manager,16.0,185000.0,Canada,White,Senior,Senior_Career,Senior
1935,33.0,Female,Bachelor,Full Stack Engineer,7.0,130000.0,Canada,Asian,Mid,Early_Career,Junior
1936,30.0,Female,Master,Front End Developer,5.0,105000.0,UK,Asian,Junior,Early_Career,Junior
1937,50.0,Male,PhD,Senior Project Engineer,19.0,200000.0,Canada,Asian,Senior,Senior_Career,Senior
1938,30.0,Male,Bachelor,Back End Developer,5.0,100000.0,China,White,Junior,Early_Career,Junior
1939,42.0,Male,Master,Software Engineer Manager,13.0,170000.0,USA,African American,Senior,Mid_Career,Senior
1940,33.0,Female,Bachelor,Full Stack Engineer,6.0,115000.0,Canada,Black,Mid,Early_Career,Junior
1941,45.0,Male,PhD,Senior Project Engineer,16.0,185000.0,UK,Mixed,Senior,Mid_Career,Senior
1942,29.0,Female,Bachelor,Front End Developer,4.0,90000.0,Canada,Black,Junior,Early_Career,Junior
1943,39.0,Female,Master,Software Engineer Manager,12.0,160000.0,USA,Asian,Senior,Mid_Career,Senior
1944,27.0,Male,Bachelor,Back End Developer,3.0,80000.0,USA,African American,Junior,Early_Career,Junior
1945,49.0,Male,PhD,Senior Project Engineer,17.0,195000.0,Australia,White,Senior,Senior_Career,Senior
1946,32.0,Female,Master,Full Stack Engineer,6.0,115000.0,USA,African American,Mid,Early_Career,Junior
1947,36.0,Male,Bachelor,Software Engineer Manager,8.0,135000.0,Canada,Black,Mid,Mid_Career,Senior
1948,27.0,Male,Bachelor,Front End Developer,2.0,65000.0,USA,White,Entry,Early_Career,Junior
1949,43.0,Female,PhD,Senior Project Engineer,14.0,190000.0,China,Korean,Senior,Mid_Career,Senior
1950,34.0,Male,Master,Back End Developer,8.0,140000.0,USA,Hispanic,Mid,Early_Career,Junior
1951,46.0,Male,PhD,Software Engineer Manager,16.0,185000.0,Canada,Black,Senior,Senior_Career,Senior
1952,33.0,Female,Bachelor,Full Stack Engineer,7.0,130000.0,Canada,Asian,Mid,Early_Career,Junior
1953,30.0,Female,Master,Front End Developer,5.0,105000.0,Canada,White,Junior,Early_Career,Junior
1954,50.0,Male,PhD,Senior Project Engineer,19.0,200000.0,Canada,White,Senior,Senior_Career,Senior
1955,30.0,Male,Bachelor,Back End Developer,5.0,100000.0,USA,Hispanic,Junior,Early_Career,Junior
1956,42.0,Male,Master,Software Engineer Manager,13.0,170000.0,USA,Asian,Senior,Mid_Career,Senior
1957,33.0,Female,Bachelor,Full Stack Engineer,6.0,115000.0,China,Chinese,Mid,Early_Career,Junior
1958,45.0,Male,PhD,Senior Project Engineer,16.0,185000.0,China,Korean,Senior,Mid_Career,Senior
1959,29.0,Female,Bachelor,Front End Developer,4.0,90000.0,UK,White,Junior,Early_Career,Junior
1960,39.0,Female,Master,Software Engineer Manager,12.0,160000.0,China,Chinese,Senior,Mid_Career,Senior
1961,27.0,Male,Bachelor,Back End Developer,3.0,80000.0,UK,White,Junior,Early_Career,Junior
1962,49.0,Male,PhD,Senior Project Engineer,17.0,195000.0,UK,Welsh,Senior,Senior_Career,Senior
1963,32.0,Female,Master,Full Stack Engineer,6.0,115000.0,USA,African American,Mid,Early_Career,Junior
1964,36.0,Male,Bachelor,Software Engineer Manager,8.0,135000.0,UK,Mixed,Mid,Mid_Career,Senior
1965,27.0,Male,Bachelor,Front End Developer,2.0,65000.0,China,White,Entry,Early_Career,Junior
1966,43.0,Female,PhD,Senior Project Engineer,14.0,190000.0,USA,African American,Senior,Mid_Career,Senior
1967,34.0,Male,Master,Back End Developer,8.0,140000.0,USA,White,Mid,Early_Career,Junior
1968,46.0,Male,PhD,Software Engineer Manager,16.0,185000.0,Canada,Asian,Senior,Senior_Career,Senior
1969,33.0,Female,Bachelor,Full Stack Engineer,7.0,130000.0,USA,Hispanic,Mid,Early_Career,Junior
1970,30.0,Female,Master,Front End Developer,5.0,105000.0,UK,Asian,Junior,Early_Career,Junior
1971,50.0,Male,PhD,Senior Project Engineer,19.0,200000.0,USA,White,Senior,Senior_Career,Senior
1972,30.0,Male,Bachelor,Back End Developer,5.0,100000.0,China,Korean,Junior,Early_Career,Junior
1973,42.0,Male,Master,Software Engineer Manager,13.0,170000.0,Australia,Australian,Senior,Mid_Career,Senior
1974,33.0,Female,Bachelor,Full Stack Engineer,6.0,115000.0,China,Chinese,Mid,Early_Career,Junior
1975,45.0,Male,PhD,Senior Project Engineer,16.0,185000.0,Canada,Black,Senior,Mid_Career,Senior
1976,29.0,Female,Bachelor,Front End Developer,4.0,90000.0,UK,Asian,Junior,Early_Career,Junior
1977,39.0,Female,Master,Software Engineer Manager,12.0,160000.0,China,White,Senior,Mid_Career,Senior
1978,27.0,Male,Bachelor,Back End Developer,3.0,80000.0,Australia,White,Junior,Early_Career,Junior
1979,49.0,Male,PhD,Senior Project Engineer,17.0,195000.0,UK,Asian,Senior,Senior_Career,Senior
1980,32.0,Female,Master,Full Stack Engineer,6.0,115000.0,Canada,Asian,Mid,Early_Career,Junior
1981,36.0,Male,Bachelor,Software Engineer Manager,8.0,135000.0,UK,Mixed,Mid,Mid_Career,Senior
1982,27.0,Male,Bachelor,Front End Developer,2.0,65000.0,UK,Mixed,Entry,Early_Career,Junior
1983,43.0,Female,PhD,Senior Project Engineer,14.0,190000.0,Australia,Australian,Senior,Mid_Career,Senior
1984,34.0,Male,Master,Back End Developer,8.0,140000.0,Canada,White,Mid,Early_Career,Junior
1985,46.0,Male,PhD,Software Engineer Manager,16.0,185000.0,USA,White,Senior,Senior_Career,Senior
1986,33.0,Female,Bachelor,Full Stack Engineer,7.0,130000.0,Canada,Asian,Mid,Early_Career,Junior
1987,30.0,Female,Master,Front End Developer,5.0,105000.0,Canada,White,Junior,Early_Career,Junior
1988,50.0,Male,PhD,Senior Project Engineer,19.0,200000.0,USA,Hispanic,Senior,Senior_Career,Senior
1989,30.0,Male,Bachelor,Back End Developer,5.0,100000.0,Australia,White,Junior,Early_Career,Junior
1990,42.0,Male,Master,Software Engineer Manager,13.0,170000.0,Canada,Black,Senior,Mid_Career,Senior
1991,33.0,Female,Bachelor,Full Stack Engineer,6.0,115000.0,Australia,Australian,Mid,Early_Career,Junior
1992,45.0,Male,PhD,Senior Project Engineer,16.0,185000.0,Australia,Asian,Senior,Mid_Career,Senior
1993,29.0,Female,Bachelor,Front End Developer,4.0,90000.0,UK,Asian,Junior,Early_Career,Junior
1994,39.0,Female,Master,Software Engineer Manager,12.0,160000.0,UK,Asian,Senior,Mid_Career,Senior
1995,27.0,Male,Bachelor,Back End Developer,3.0,80000.0,China,Chinese,Junior,Early_Career,Junior
1996,49.0,Male,PhD,Senior Project Engineer,17.0,195000.0,USA,African American,Senior,Senior_Career,Senior
1997,32.0,Female,Master,Full Stack Engineer,6.0,115000.0,Australia,Asian,Mid,Early_Career,Junior
1998,36.0,Male,Bachelor,Software Engineer Manager,8.0,135000.0,China,Korean,Mid,Mid_Career,Senior
1999,27.0,Male,Bachelor,Front End Developer,2.0,65000.0,Australia,Asian,Entry,Early_Career,Junior
2000,43.0,Female,PhD,Senior Project Engineer,14.0,190000.0,UK,White,Senior,Mid_Career,Senior
2001,34.0,Male,Master,Back End Developer,8.0,140000.0,USA,Asian,Mid,Early_Career,Junior
2002,46.0,Male,PhD,Software Engineer Manager,16.0,185000.0,Australia,White,Senior,Senior_Career,Senior
2003,33.0,Female,Bachelor,Full Stack Engineer,7.0,130000.0,Canada,Black,Mid,Early_Career,Junior
2004,30.0,Female,Master,Front End Developer,5.0,105000.0,Australia,Asian,Junior,Early_Career,Junior
2005,50.0,Male,PhD,Senior Project Engineer,19.0,200000.0,Canada,Asian,Senior,Senior_Career,Senior
2006,30.0,Male,Bachelor,Back End Developer,5.0,100000.0,Canada,White,Junior,Early_Career,Junior
2007,42.0,Male,Master,Software Engineer Manager,13.0,170000.0,UK,White,Senior,Mid_Career,Senior
2008,33.0,Female,Bachelor,Full Stack Engineer,6.0,115000.0,Australia,White,Mid,Early_Career,Junior
2009,45.0,Male,PhD,Senior Project Engineer,16.0,185000.0,UK,Mixed,Senior,Mid_Career,Senior
2010,29.0,Female,Bachelor,Front End Developer,4.0,90000.0,China,Korean,Junior,Early_Career,Junior
2011,27.0,Male,Bachelor,Developer,7.0,100000.0,UK,White,Mid,Early_Career,Junior
2012,31.0,Female,Bachelor,Front End Developer,6.0,110000.0,China,Chinese,Mid,Early_Career,Junior
2013,37.0,Male,Master,Software Engineer Manager,10.0,150000.0,Canada,Black,Mid,Mid_Career,Senior
2014,27.0,Male,Bachelor,Back End Developer,3.0,80000.0,USA,Hispanic,Junior,Early_Career,Junior
2015,50.0,Male,PhD,Senior Project Engineer,18.0,195000.0,Australia,White,Senior,Senior_Career,Senior
2016,32.0,Female,Master,Full Stack Engineer,6.0,115000.0,USA,White,Mid,Early_Career,Junior
2017,36.0,Male,Bachelor,Software Engineer Manager,8.0,135000.0,China,Korean,Mid,Mid_Career,Senior
2018,27.0,Male,Bachelor,Front End Developer,2.0,65000.0,USA,Hispanic,Entry,Early_Career,Junior
2019,43.0,Female,PhD,Senior Project Engineer,14.0,190000.0,USA,African American,Senior,Mid_Career,Senior
2020,34.0,Male,Master,Back End Developer,8.0,140000.0,UK,Welsh,Mid,Early_Career,Junior
2021,46.0,Male,PhD,Software Engineer Manager,16.0,185000.0,China,Korean,Senior,Senior_Career,Senior
2022,33.0,Female,Bachelor,Full Stack Engineer,7.0,130000.0,Canada,Black,Mid,Early_Career,Junior
2023,30.0,Female,Master,Front End Developer,5.0,105000.0,Canada,White,Junior,Early_Career,Junior
2024,50.0,Male,PhD,Senior Project Engineer,19.0,200000.0,Australia,White,Senior,Senior_Career,Senior
2025,30.0,Male,Bachelor,Back End Developer,5.0,100000.0,Canada,Black,Junior,Early_Career,Junior
2026,42.0,Male,Master,Software Engineer Manager,13.0,170000.0,Canada,Black,Senior,Mid_Career,Senior
2027,33.0,Female,Bachelor,Full Stack Engineer,6.0,115000.0,Canada,Black,Mid,Early_Career,Junior
2028,45.0,Male,PhD,Senior Project Engineer,16.0,185000.0,USA,White,Senior,Mid_Career,Senior
2029,29.0,Female,Bachelor,Front End Developer,4.0,90000.0,USA,Asian,Junior,Early_Career,Junior
2030,39.0,Female,Master,Software Engineer Manager,12.0,160000.0,Australia,Asian,Senior,Mid_Career,Senior
2031,27.0,Male,Bachelor,Back End Developer,3.0,80000.0,China,Korean,Junior,Early_Career,Junior
2032,49.0,Male,PhD,Senior Project Engineer,17.0,195000.0,Australia,Asian,Senior,Senior_Career,Senior
2033,32.0,Female,Master,Full Stack Engineer,6.0,115000.0,USA,African American,Mid,Early_Career,Junior
2034,36.0,Male,Bachelor,Software Engineer Manager,8.0,135000.0,China,Chinese,Mid,Mid_Career,Senior
2035,27.0,Male,Bachelor,Front End Developer,2.0,65000.0,China,White,Entry,Early_Career,Junior
2036,43.0,Female,PhD,Senior Project Engineer,14.0,190000.0,USA,Asian,Senior,Mid_Career,Senior
2037,34.0,Male,Master,Back End Developer,8.0,140000.0,UK,Asian,Mid,Early_Career,Junior
2038,46.0,Male,PhD,Software Engineer Manager,16.0,185000.0,UK,Mixed,Senior,Senior_Career,Senior
2039,33.0,Female,Bachelor,Full Stack Engineer,7.0,130000.0,China,Chinese,Mid,Early_Career,Junior
2040,30.0,Female,Master,Front End Developer,5.0,105000.0,UK,White,Junior,Early_Career,Junior
2041,50.0,Male,PhD,Senior Project Engineer,19.0,200000.0,UK,Asian,Senior,Senior_Career,Senior
2042,30.0,Male,Bachelor,Back End Developer,5.0,100000.0,China,White,Junior,Early_Career,Junior
2043,42.0,Male,Master,Software Engineer Manager,13.0,170000.0,USA,White,Senior,Mid_Career,Senior
2044,33.0,Female,Bachelor,Full Stack Engineer,6.0,115000.0,UK,Welsh,Mid,Early_Career,Junior
2045,45.0,Male,PhD,Senior Project Engineer,16.0,185000.0,Australia,White,Senior,Mid_Career,Senior
2046,29.0,Female,Bachelor,Front End Developer,4.0,90000.0,China,White,Junior,Early_Career,Junior
2047,39.0,Female,Master,Software Engineer Manager,12.0,160000.0,USA,African American,Senior,Mid_Career,Senior
2048,27.0,Male,Bachelor,Back End Developer,3.0,80000.0,USA,Hispanic,Junior,Early_Career,Junior
2049,49.0,Male,PhD,Senior Project Engineer,17.0,195000.0,Canada,Black,Senior,Senior_Career,Senior
2050,32.0,Female,Master,Full Stack Engineer,6.0,115000.0,USA,African American,Mid,Early_Career,Junior
2051,36.0,Male,Bachelor,Software Engineer Manager,8.0,135000.0,Australia,Asian,Mid,Mid_Career,Senior
2052,27.0,Male,Bachelor,Front End Developer,2.0,65000.0,China,White,Entry,Early_Career,Junior
2053,43.0,Female,PhD,Senior Project Engineer,14.0,190000.0,Australia,White,Senior,Mid_Career,Senior
2054,34.0,Male,Master,Back End Developer,8.0,140000.0,UK,Welsh,Mid,Early_Career,Junior
2055,46.0,Male,PhD,Software Engineer Manager,16.0,185000.0,China,Korean,Senior,Senior_Career,Senior
2056,33.0,Female,Bachelor,Full Stack Engineer,7.0,130000.0,China,White,Mid,Early_Career,Junior
2057,30.0,Female,Master,Front End Developer,5.0,105000.0,USA,African American,Junior,Early_Career,Junior
2058,50.0,Male,PhD,Senior Project Engineer,19.0,200000.0,Canada,White,Senior,Senior_Career,Senior
2059,30.0,Male,Bachelor,Back End Developer,5.0,100000.0,USA,Asian,Junior,Early_Career,Junior
2060,42.0,Male,Master,Software Engineer Manager,13.0,170000.0,Australia,Asian,Senior,Mid_Career,Senior
2061,33.0,Female,Bachelor,Full Stack Engineer,6.0,115000.0,Australia,Asian,Mid,Early_Career,Junior
2062,45.0,Male,PhD,Senior Project Engineer,16.0,185000.0,Canada,Asian,Senior,Mid_Career,Senior
2063,29.0,Female,Bachelor,Front End Developer,4.0,90000.0,USA,White,Junior,Early_Career,Junior
2064,39.0,Female,Master,Software Engineer Manager,12.0,160000.0,Australia,Asian,Senior,Mid_Career,Senior
2065,27.0,Male,Bachelor,Back End Developer,3.0,80000.0,Australia,Australian,Junior,Early_Career,Junior
2066,49.0,Male,PhD,Senior Project Engineer,17.0,195000.0,USA,African American,Senior,Senior_Career,Senior
2067,32.0,Female,Master,Full Stack Engineer,6.0,115000.0,UK,Mixed,Mid,Early_Career,Junior
2068,36.0,Male,Bachelor,Software Engineer Manager,8.0,135000.0,Australia,White,Mid,Mid_Career,Senior
2069,27.0,Male,Bachelor,Front End Developer,2.0,65000.0,Canada,Asian,Entry,Early_Career,Junior
2070,43.0,Female,PhD,Senior Project Engineer,14.0,190000.0,Australia,White,Senior,Mid_Career,Senior
2071,34.0,Male,Master,Back End Developer,8.0,140000.0,Canada,Black,Mid,Early_Career,Junior
2072,46.0,Male,PhD,Software Engineer Manager,16.0,185000.0,China,Chinese,Senior,Senior_Career,Senior
2073,33.0,Female,Bachelor,Full Stack Engineer,7.0,130000.0,USA,Hispanic,Mid,Early_Career,Junior
2074,30.0,Female,Master,Front End Developer,5.0,105000.0,China,White,Junior,Early_Career,Junior
2075,50.0,Male,PhD,Senior Project Engineer,19.0,200000.0,Canada,Asian,Senior,Senior_Career,Senior
2076,30.0,Male,Bachelor,Back End Developer,5.0,100000.0,China,Chinese,Junior,Early_Career,Junior
2077,42.0,Male,Master,Software Engineer Manager,13.0,170000.0,Canada,Asian,Senior,Mid_Career,Senior
2078,33.0,Female,Bachelor,Full Stack Engineer,6.0,115000.0,China,Korean,Mid,Early_Career,Junior
2079,45.0,Male,PhD,Senior Project Engineer,16.0,185000.0,Canada,White,Senior,Mid_Career,Senior
2080,29.0,Female,Bachelor,Front End Developer,4.0,90000.0,Canada,White,Junior,Early_Career,Junior
2081,39.0,Female,Master,Software Engineer Manager,12.0,160000.0,UK,Welsh,Senior,Mid_Career,Senior
2082,27.0,Male,Bachelor,Back End Developer,3.0,80000.0,USA,African American,Junior,Early_Career,Junior
2083,49.0,Male,PhD,Senior Project Engineer,17.0,195000.0,UK,Asian,Senior,Senior_Career,Senior
2084,32.0,Female,Master,Full Stack Engineer,6.0,115000.0,China,Korean,Mid,Early_Career,Junior
2085,36.0,Male,Bachelor,Software Engineer Manager,8.0,135000.0,USA,African American,Mid,Mid_Career,Senior
2086,27.0,Male,Bachelor,Front End Developer,2.0,65000.0,USA,African American,Entry,Early_Career,Junior
2087,43.0,Female,PhD,Senior Project Engineer,14.0,190000.0,China,White,Senior,Mid_Career,Senior
2088,34.0,Male,Master,Back End Developer,8.0,140000.0,USA,African American,Mid,Early_Career,Junior
2089,46.0,Male,PhD,Software Engineer Manager,16.0,185000.0,Australia,Asian,Senior,Senior_Career,Senior
2090,33.0,Female,Bachelor,Full Stack Engineer,7.0,130000.0,Canada,White,Mid,Early_Career,Junior
2091,30.0,Female,Master,Front End Developer,5.0,105000.0,China,Chinese,Junior,Early_Career,Junior
2092,50.0,Male,PhD,Senior Project Engineer,19.0,200000.0,Australia,White,Senior,Senior_Career,Senior
2093,30.0,Male,Bachelor,Back End Developer,5.0,100000.0,Australia,Asian,Junior,Early_Career,Junior
2094,42.0,Male,Master,Software Engineer Manager,13.0,170000.0,Canada,Asian,Senior,Mid_Career,Senior
2095,33.0,Female,Bachelor,Full Stack Engineer,6.0,115000.0,UK,White,Mid,Early_Career,Junior
2096,45.0,Male,PhD,Senior Project Engineer,16.0,185000.0,Australia,Asian,Senior,Mid_Career,Senior
2097,29.0,Female,Bachelor,Front End Developer,4.0,90000.0,UK,White,Junior,Early_Career,Junior
2098,39.0,Female,Master,Software Engineer Manager,12.0,160000.0,Australia,White,Senior,Mid_Career,Senior
2099,27.0,Male,Bachelor,Back End Developer,3.0,80000.0,China,White,Junior,Early_Career,Junior
2100,49.0,Male,PhD,Senior Project Engineer,17.0,195000.0,China,White,Senior,Senior_Career,Senior
2101,32.0,Female,Master,Full Stack Engineer,6.0,115000.0,Australia,White,Mid,Early_Career,Junior
2102,36.0,Male,Bachelor,Software Engineer Manager,8.0,135000.0,Australia,White,Mid,Mid_Career,Senior
2103,27.0,Male,Bachelor,Front End Developer,2.0,65000.0,Canada,Black,Entry,Early_Career,Junior
2104,43.0,Female,PhD,Senior Project Engineer,14.0,190000.0,China,Chinese,Senior,Mid_Career,Senior
2105,34.0,Male,Master,Back End Developer,8.0,140000.0,USA,Asian,Mid,Early_Career,Junior
2106,46.0,Male,PhD,Software Engineer Manager,16.0,185000.0,China,Chinese,Senior,Senior_Career,Senior
2107,33.0,Female,Bachelor,Full Stack Engineer,7.0,130000.0,Australia,Asian,Mid,Early_Career,Junior
2108,30.0,Female,Master,Front End Developer,5.0,105000.0,China,White,Junior,Early_Career,Junior
2109,50.0,Male,PhD,Senior Project Engineer,19.0,200000.0,Australia,White,Senior,Senior_Career,Senior
2110,30.0,Male,Bachelor,Back End Developer,5.0,100000.0,UK,White,Junior,Early_Career,Junior
2111,42.0,Male,Master,Software Engineer Manager,13.0,170000.0,Australia,White,Senior,Mid_Career,Senior
2112,33.0,Female,Bachelor,Full Stack Engineer,6.0,115000.0,Canada,Black,Mid,Early_Career,Junior
2113,45.0,Male,PhD,Senior Project Engineer,16.0,185000.0,UK,Asian,Senior,Mid_Career,Senior
2114,29.0,Female,Bachelor,Front End Developer,4.0,90000.0,China,Chinese,Junior,Early_Career,Junior
2115,39.0,Female,Master,Software Engineer Manager,12.0,160000.0,Australia,Australian,Senior,Mid_Career,Senior
2116,27.0,Male,Bachelor,Back End Developer,3.0,80000.0,Australia,White,Junior,Early_Career,Junior
2117,49.0,Male,PhD,Senior Project Engineer,17.0,195000.0,China,Korean,Senior,Senior_Career,Senior
2118,32.0,Female,Master,Full Stack Engineer,6.0,115000.0,China,White,Mid,Early_Career,Junior
2119,36.0,Male,Bachelor,Software Engineer Manager,8.0,135000.0,USA,African American,Mid,Mid_Career,Senior
2120,27.0,Male,Bachelor,Front End Developer,2.0,65000.0,China,White,Entry,Early_Career,Junior
2121,43.0,Female,PhD,Senior Project Engineer,14.0,190000.0,USA,African American,Senior,Mid_Career,Senior
2122,34.0,Male,Master,Back End Developer,8.0,140000.0,Canada,White,Mid,Early_Career,Junior
2123,46.0,Male,PhD,Software Engineer Manager,16.0,185000.0,Australia,White,Senior,Senior_Career,Senior
2124,33.0,Female,Bachelor,Full Stack Engineer,7.0,130000.0,UK,Asian,Mid,Early_Career,Junior
2125,30.0,Female,Master,Front End Developer,5.0,105000.0,Australia,Australian,Junior,Early_Career,Junior
2126,50.0,Male,PhD,Senior Project Engineer,19.0,200000.0,Canada,Black,Senior,Senior_Career,Senior
2127,30.0,Male,Bachelor,Back End Developer,5.0,100000.0,Canada,Asian,Junior,Early_Career,Junior
2128,42.0,Male,Master,Software Engineer Manager,13.0,170000.0,Canada,White,Senior,Mid_Career,Senior
2129,33.0,Female,Bachelor,Full Stack Engineer,6.0,115000.0,Australia,White,Mid,Early_Career,Junior
2130,45.0,Male,PhD,Senior Project Engineer,16.0,185000.0,UK,White,Senior,Mid_Career,Senior
2131,29.0,Female,Bachelor,Front End Developer,4.0,90000.0,Australia,White,Junior,Early_Career,Junior
2132,31.0,Male,Master,Software Engineer Manager,8.0,130000.0,Canada,Black,Mid,Early_Career,Senior
2133,27.0,Male,Bachelor,Back End Developer,3.0,80000.0,Australia,Asian,Junior,Early_Career,Junior
2134,43.0,Male,PhD,Senior Project Engineer,15.0,180000.0,Canada,White,Senior,Mid_Career,Senior
2135,35.0,Female,Master,Full Stack Engineer,8.0,140000.0,Australia,Australian,Mid,Early_Career,Junior
2136,42.0,Male,Bachelor,Software Engineer Manager,12.0,160000.0,UK,Mixed,Senior,Mid_Career,Senior
2137,28.0,Female,Bachelor,Front End Developer,2.0,55000.0,UK,Mixed,Entry,Early_Career,Junior
2138,44.0,Female,PhD,Senior Project Engineer,16.0,190000.0,USA,African American,Senior,Mid_Career,Senior
2139,32.0,Male,Master,Back End Developer,7.0,120000.0,China,White,Mid,Early_Career,Junior
2140,48.0,Male,PhD,Software Engineer Manager,18.0,200000.0,UK,White,Senior,Senior_Career,Senior
2141,30.0,Female,Bachelor,Full Stack Engineer,5.0,100000.0,China,Chinese,Junior,Early_Career,Junior
2142,34.0,Male,Master,Front End Developer,9.0,150000.0,China,White,Mid,Early_Career,Junior
2143,37.0,Female,Bachelor,Software Engineer Manager,11.0,170000.0,USA,Asian,Senior,Mid_Career,Senior
2144,26.0,Male,Bachelor,Back End Developer,2.0,65000.0,Canada,Asian,Entry,Early_Career,Junior
2145,49.0,Female,PhD,Senior Project Engineer,19.0,210000.0,China,Chinese,Senior,Senior_Career,Senior
2146,29.0,Male,Bachelor,Full Stack Engineer,4.0,90000.0,UK,Welsh,Junior,Early_Career,Junior
2147,41.0,Male,Master,Software Engineer Manager,14.0,180000.0,USA,Asian,Senior,Mid_Career,Senior
2148,31.0,Female,Bachelor,Front End Developer,6.0,110000.0,USA,Asian,Mid,Early_Career,Junior
2149,37.0,Male,Master,Software Engineer Manager,10.0,150000.0,Australia,Australian,Mid,Mid_Career,Senior
2150,27.0,Male,Bachelor,Back End Developer,3.0,80000.0,Australia,Asian,Junior,Early_Career,Junior
2151,50.0,Male,PhD,Senior Project Engineer,18.0,195000.0,UK,Asian,Senior,Senior_Career,Senior
2152,32.0,Female,Master,Full Stack Engineer,6.0,115000.0,Australia,White,Mid,Early_Career,Junior
2153,36.0,Male,Bachelor,Software Engineer Manager,8.0,135000.0,USA,Asian,Mid,Mid_Career,Senior
2154,27.0,Male,Bachelor,Front End Developer,2.0,65000.0,Australia,Australian,Entry,Early_Career,Junior
2155,43.0,Female,PhD,Senior Project Engineer,14.0,190000.0,UK,Asian,Senior,Mid_Career,Senior
2156,34.0,Male,Master,Back End Developer,8.0,140000.0,Australia,White,Mid,Early_Career,Junior
2157,46.0,Male,PhD,Software Engineer Manager,16.0,185000.0,USA,Hispanic,Senior,Senior_Career,Senior
2158,33.0,Female,Bachelor,Full Stack Engineer,7.0,130000.0,USA,Asian,Mid,Early_Career,Junior
2159,30.0,Female,Master,Front End Developer,5.0,105000.0,Canada,Asian,Junior,Early_Career,Junior
2160,50.0,Male,PhD,Senior Project Engineer,19.0,200000.0,Australia,Australian,Senior,Senior_Career,Senior
2161,30.0,Male,Bachelor,Back End Developer,5.0,100000.0,China,Korean,Junior,Early_Career,Junior
2162,42.0,Male,Master,Software Engineer Manager,13.0,170000.0,Australia,Asian,Senior,Mid_Career,Senior
2163,33.0,Female,Bachelor,Full Stack Engineer,6.0,115000.0,China,Chinese,Mid,Early_Career,Junior
2164,45.0,Male,PhD,Senior Project Engineer,16.0,185000.0,Canada,White,Senior,Mid_Career,Senior
2165,29.0,Female,Bachelor,Front End Developer,4.0,90000.0,China,Korean,Junior,Early_Career,Junior
2166,39.0,Female,Master,Software Engineer Manager,12.0,160000.0,Australia,Asian,Senior,Mid_Career,Senior
2167,27.0,Male,Bachelor,Back End Developer,3.0,80000.0,UK,White,Junior,Early_Career,Junior
2168,49.0,Male,PhD,Senior Project Engineer,17.0,195000.0,UK,Asian,Senior,Senior_Career,Senior
2169,32.0,Female,Master,Full Stack Engineer,6.0,115000.0,Canada,Asian,Mid,Early_Career,Junior
2170,36.0,Male,Bachelor,Software Engineer Manager,8.0,135000.0,Canada,Asian,Mid,Mid_Career,Senior
2171,27.0,Male,Bachelor,Front End Developer,2.0,65000.0,China,Chinese,Entry,Early_Career,Junior
2172,43.0,Female,PhD,Senior Project Engineer,14.0,190000.0,UK,Mixed,Senior,Mid_Career,Senior
2173,34.0,Male,Master,Back End Developer,8.0,140000.0,Canada,White,Mid,Early_Career,Junior
2174,46.0,Male,PhD,Software Engineer Manager,16.0,185000.0,China,Korean,Senior,Senior_Career,Senior
2175,33.0,Female,Bachelor,Full Stack Engineer,7.0,130000.0,Australia,Australian,Mid,Early_Career,Junior
2176,30.0,Female,Master,Front End Developer,5.0,105000.0,Canada,Asian,Junior,Early_Career,Junior
2177,50.0,Male,PhD,Senior Project Engineer,19.0,200000.0,Canada,White,Senior,Senior_Career,Senior
2178,30.0,Male,Bachelor,Back End Developer,5.0,100000.0,USA,Asian,Junior,Early_Career,Junior
2179,42.0,Male,Master,Software Engineer Manager,13.0,170000.0,Canada,Asian,Senior,Mid_Career,Senior
2180,33.0,Female,Bachelor,Full Stack Engineer,6.0,115000.0,Australia,Australian,Mid,Early_Career,Junior
2181,45.0,Male,PhD,Senior Project Engineer,16.0,185000.0,UK,Asian,Senior,Mid_Career,Senior
2182,29.0,Female,Bachelor,Front End Developer,4.0,90000.0,USA,Hispanic,Junior,Early_Career,Junior
2183,39.0,Female,Master,Software Engineer Manager,12.0,160000.0,UK,White,Senior,Mid_Career,Senior
2184,27.0,Male,Bachelor,Back End Developer,3.0,80000.0,Canada,Asian,Junior,Early_Career,Junior
2185,49.0,Male,PhD,Senior Project Engineer,17.0,195000.0,Canada,Asian,Senior,Senior_Career,Senior
2186,32.0,Female,Master,Full Stack Engineer,6.0,115000.0,USA,Asian,Mid,Early_Career,Junior
2187,36.0,Male,Bachelor,Software Engineer Manager,8.0,135000.0,China,White,Mid,Mid_Career,Senior
2188,27.0,Male,Bachelor,Front End Developer,2.0,65000.0,Australia,White,Entry,Early_Career,Junior
2189,43.0,Female,PhD,Senior Project Engineer,14.0,190000.0,Australia,Asian,Senior,Mid_Career,Senior
2190,34.0,Male,Master,Back End Developer,8.0,140000.0,USA,Hispanic,Mid,Early_Career,Junior
2191,46.0,Female,PhD,Senior Project Engineer,16.0,185000.0,China,White,Senior,Senior_Career,Senior
2192,33.0,Male,Bachelor,Full Stack Engineer,7.0,130000.0,USA,White,Mid,Early_Career,Junior
2193,30.0,Male,Master,Front End Developer,5.0,105000.0,China,White,Junior,Early_Career,Junior
2194,50.0,Male,PhD,Software Engineer Manager,20.0,210000.0,Australia,Asian,Senior,Senior_Career,Senior
2195,31.0,Male,Bachelor,Back End Developer,6.0,95000.0,China,Chinese,Mid,Early_Career,Junior
2196,39.0,Female,Master,Software Engineer Manager,11.0,170000.0,Australia,White,Senior,Mid_Career,Senior
2197,27.0,Male,Bachelor,Front End Developer,2.0,65000.0,China,White,Entry,Early_Career,Junior
2198,44.0,Female,PhD,Senior Project Engineer,16.0,190000.0,Australia,Australian,Senior,Mid_Career,Senior
2199,32.0,Male,Master,Back End Developer,7.0,120000.0,UK,Mixed,Mid,Early_Career,Junior
2200,48.0,Male,PhD,Software Engineer Manager,19.0,200000.0,USA,White,Senior,Senior_Career,Senior
2201,30.0,Female,Bachelor,Full Stack Engineer,5.0,100000.0,UK,White,Junior,Early_Career,Junior
2202,34.0,Male,Master,Front End Developer,9.0,150000.0,USA,Hispanic,Mid,Early_Career,Junior
2203,37.0,Female,Bachelor,Software Engineer Manager,11.0,170000.0,Australia,Australian,Senior,Mid_Career,Senior
2204,26.0,Male,Bachelor,Back End Developer,2.0,65000.0,UK,White,Entry,Early_Career,Junior
2205,49.0,Female,PhD,Senior Project Engineer,19.0,210000.0,USA,Hispanic,Senior,Senior_Career,Senior
2206,29.0,Male,Bachelor,Full Stack Engineer,4.0,90000.0,Australia,Asian,Junior,Early_Career,Junior
2207,41.0,Male,Master,Software Engineer Manager,14.0,180000.0,UK,Asian,Senior,Mid_Career,Senior
2208,31.0,Female,Bachelor,Front End Developer,6.0,110000.0,China,Chinese,Mid,Early_Career,Junior
2209,37.0,Male,Master,Software Engineer Manager,10.0,150000.0,USA,African American,Mid,Mid_Career,Senior
2210,27.0,Male,Bachelor,Back End Developer,3.0,80000.0,Canada,White,Junior,Early_Career,Junior
2211,50.0,Male,PhD,Senior Project Engineer,18.0,195000.0,Canada,Asian,Senior,Senior_Career,Senior
2212,32.0,Female,Master,Full Stack Engineer,6.0,115000.0,USA,Asian,Mid,Early_Career,Junior
2213,36.0,Male,Bachelor,Software Engineer Manager,8.0,135000.0,USA,Asian,Mid,Mid_Career,Senior
2214,27.0,Male,Bachelor,Front End Developer,2.0,65000.0,UK,Asian,Entry,Early_Career,Junior
2215,43.0,Female,PhD,Senior Project Engineer,14.0,190000.0,China,Korean,Senior,Mid_Career,Senior
2216,34.0,Male,Master,Back End Developer,8.0,140000.0,UK,White,Mid,Early_Career,Junior
2217,46.0,Male,PhD,Software Engineer Manager,16.0,185000.0,Australia,White,Senior,Senior_Career,Senior
2218,33.0,Female,Bachelor,Full Stack Engineer,7.0,130000.0,China,White,Mid,Early_Career,Junior
2219,30.0,Female,Master,Front End Developer,5.0,105000.0,UK,Welsh,Junior,Early_Career,Junior
2220,50.0,Male,PhD,Senior Project Engineer,19.0,200000.0,Australia,Australian,Senior,Senior_Career,Senior
2221,30.0,Male,Bachelor,Back End Developer,5.0,100000.0,UK,Welsh,Junior,Early_Career,Junior
2222,42.0,Male,Master,Software Engineer Manager,13.0,170000.0,China,White,Senior,Mid_Career,Senior
2223,33.0,Female,Bachelor,Full Stack Engineer,6.0,115000.0,UK,White,Mid,Early_Career,Junior
2224,45.0,Male,PhD,Senior Project Engineer,16.0,185000.0,Australia,Australian,Senior,Mid_Career,Senior
2225,29.0,Female,Bachelor,Front End Developer,4.0,90000.0,China,Korean,Junior,Early_Career,Junior
2226,39.0,Female,Master,Software Engineer Manager,12.0,160000.0,Canada,Asian,Senior,Mid_Career,Senior
2227,27.0,Male,Bachelor,Back End Developer,3.0,80000.0,Canada,White,Junior,Early_Career,Junior
2228,49.0,Male,PhD,Senior Project Engineer,17.0,195000.0,USA,Asian,Senior,Senior_Career,Senior
2229,32.0,Female,Master,Full Stack Engineer,6.0,115000.0,China,Chinese,Mid,Early_Career,Junior
2230,36.0,Male,Bachelor,Software Engineer Manager,8.0,135000.0,UK,Mixed,Mid,Mid_Career,Senior
2231,27.0,Male,Bachelor,Front End Developer,2.0,65000.0,UK,White,Entry,Early_Career,Junior
2232,43.0,Female,PhD,Senior Project Engineer,14.0,190000.0,UK,Mixed,Senior,Mid_Career,Senior
2233,34.0,Male,Master,Back End Developer,8.0,140000.0,UK,Welsh,Mid,Early_Career,Junior
2234,46.0,Male,PhD,Software Engineer Manager,16.0,185000.0,USA,Hispanic,Senior,Senior_Career,Senior
2235,33.0,Female,Bachelor,Full Stack Engineer,7.0,130000.0,UK,Mixed,Mid,Early_Career,Junior
2236,30.0,Female,Master,Front End Developer,5.0,105000.0,Canada,Asian,Junior,Early_Career,Junior
2237,50.0,Male,PhD,Senior Project Engineer,19.0,200000.0,China,Korean,Senior,Senior_Career,Senior
2238,30.0,Male,Bachelor,Back End Developer,5.0,100000.0,USA,White,Junior,Early_Career,Junior
2239,42.0,Male,Master,Software Engineer Manager,13.0,170000.0,USA,African American,Senior,Mid_Career,Senior
2240,33.0,Female,Bachelor,Full Stack Engineer,6.0,115000.0,Canada,Asian,Mid,Early_Career,Junior
2241,45.0,Male,PhD,Senior Project Engineer,16.0,185000.0,Australia,Asian,Senior,Mid_Career,Senior
2242,29.0,Female,Bachelor,Front End Developer,4.0,90000.0,Canada,White,Junior,Early_Career,Junior
2243,39.0,Female,Master,Software Engineer Manager,12.0,160000.0,China,White,Senior,Mid_Career,Senior
2244,27.0,Male,Bachelor,Back End Developer,3.0,80000.0,China,Chinese,Junior,Early_Career,Junior
2245,49.0,Male,PhD,Senior Project Engineer,17.0,195000.0,China,White,Senior,Senior_Career,Senior
2246,32.0,Female,Master,Full Stack Engineer,6.0,115000.0,China,Korean,Mid,Early_Career,Junior
2247,36.0,Male,Bachelor,Software Engineer Manager,8.0,135000.0,China,Chinese,Mid,Mid_Career,Senior
2248,27.0,Male,Bachelor,Front End Developer,2.0,65000.0,USA,African American,Entry,Early_Career,Junior
2249,43.0,Female,PhD,Senior Project Engineer,14.0,190000.0,USA,White,Senior,Mid_Career,Senior
2250,34.0,Male,Master,Back End Developer,8.0,140000.0,UK,White,Mid,Early_Career,Junior
2251,28.0,Male,Bachelor,Software Engineer,4.0,75000.0,Canada,Asian,Junior,Early_Career,Junior
2252,33.0,Female,Master,Data Analyst,7.0,95000.0,Australia,Australian,Mid,Early_Career,Junior
2253,22.0,Male,Bachelor,Front End Developer,1.0,50000.0,Australia,White,Entry,Young,Junior
2254,44.0,Male,PhD,Senior Data Scientist,15.0,180000.0,UK,Welsh,Senior,Mid_Career,Senior
2255,29.0,Female,Bachelor,Software Developer,3.0,65000.0,USA,White,Junior,Early_Career,Junior
2256,31.0,Male,Master,Product Manager,6.0,120000.0,Canada,White,Mid,Early_Career,Senior
2257,25.0,Female,Master,Software Engineer,2.0,60000.0,UK,White,Entry,Young,Junior
2258,38.0,Male,Bachelor,Data Scientist,10.0,150000.0,USA,African American,Mid,Mid_Career,Junior
2259,27.0,Male,Bachelor,Software Engineer,3.0,70000.0,Australia,White,Junior,Early_Career,Junior
2260,46.0,Female,PhD,Director Of Data Science,20.0,220000.0,USA,White,Senior,Senior_Career,Senior
2261,33.0,Male,Master,Data Analyst,8.0,100000.0,China,Korean,Mid,Early_Career,Junior
2262,24.0,Female,Bachelor,Software Developer,2.0,55000.0,UK,Welsh,Entry,Young,Junior
2263,36.0,Male,PhD,Senior Data Scientist,12.0,170000.0,Canada,Asian,Senior,Mid_Career,Senior
2264,30.0,Female,Bachelor,Software Engineer,5.0,90000.0,Canada,Asian,Junior,Early_Career,Junior
2265,29.0,Male,Bachelor,Front End Developer,4.0,80000.0,China,White,Junior,Early_Career,Junior
2266,42.0,Male,Master,Product Manager,14.0,180000.0,China,White,Senior,Mid_Career,Senior
2267,26.0,Male,Bachelor,Software Developer,2.0,60000.0,UK,Welsh,Entry,Early_Career,Junior
2268,35.0,Female,Master,Data Analyst,9.0,120000.0,USA,Hispanic,Mid,Early_Career,Junior
2269,27.0,Female,Bachelor,Software Engineer,3.0,70000.0,China,Korean,Junior,Early_Career,Junior
2270,48.0,Male,PhD,Director Of Data Science,18.0,210000.0,Australia,Asian,Senior,Senior_Career,Senior
2271,34.0,Male,Master,Data Scientist,9.0,140000.0,USA,White,Mid,Early_Career,Junior
2272,23.0,Female,Bachelor,Software Engineer,1.0,50000.0,USA,Hispanic,Entry,Young,Junior
2273,32.0,Male,Master,Product Manager,7.0,110000.0,Australia,Asian,Mid,Early_Career,Senior
2274,25.0,Female,Master,Software Engineer,2.0,60000.0,Australia,Australian,Entry,Young,Junior
2275,37.0,Male,Bachelor,Data Analyst,11.0,160000.0,China,White,Senior,Mid_Career,Junior
2276,28.0,Male,Bachelor,Software Engineer,4.0,75000.0,UK,Mixed,Junior,Early_Career,Junior
2277,41.0,Female,PhD,Director Of Data Science,16.0,200000.0,USA,Hispanic,Senior,Mid_Career,Senior
2278,34.0,Male,Master,Data Analyst,8.0,100000.0,Canada,Black,Mid,Early_Career,Junior
2279,24.0,Female,Bachelor,Software Developer,2.0,55000.0,China,Chinese,Entry,Young,Junior
2280,36.0,Male,PhD,Senior Data Scientist,12.0,170000.0,China,White,Senior,Mid_Career,Senior
2281,30.0,Female,Bachelor,Software Engineer,5.0,90000.0,USA,African American,Junior,Early_Career,Junior
2282,29.0,Male,Bachelor,Front End Developer,4.0,80000.0,Canada,White,Junior,Early_Career,Junior
2283,42.0,Male,Master,Product Manager,14.0,180000.0,China,White,Senior,Mid_Career,Senior
2284,26.0,Male,Bachelor,Software Developer,2.0,60000.0,USA,White,Entry,Early_Career,Junior
2285,35.0,Female,Master,Data Analyst,9.0,120000.0,USA,White,Mid,Early_Career,Junior
2286,27.0,Female,Bachelor,Software Engineer,3.0,70000.0,UK,White,Junior,Early_Career,Junior
2287,48.0,Male,PhD,Director Of Data Science,18.0,210000.0,Canada,Black,Senior,Senior_Career,Senior
2288,34.0,Male,Master,Data Scientist,9.0,140000.0,China,Chinese,Mid,Early_Career,Junior
2289,23.0,Female,Bachelor,Software Engineer,1.0,50000.0,USA,White,Entry,Young,Junior
2290,32.0,Male,Master,Product Manager,7.0,110000.0,Canada,Asian,Mid,Early_Career,Senior
2291,25.0,Female,Master,Software Engineer,2.0,60000.0,UK,Asian,Entry,Young,Junior
2292,37.0,Male,Bachelor,Data Analyst,11.0,160000.0,China,Korean,Senior,Mid_Career,Junior
2293,28.0,Male,Bachelor,Software Engineer,4.0,75000.0,Canada,Asian,Junior,Early_Career,Junior
2294,41.0,Female,PhD,Director Of Data Science,16.0,200000.0,USA,Hispanic,Senior,Mid_Career,Senior
2295,34.0,Male,Master,Data Analyst,8.0,100000.0,China,Chinese,Mid,Early_Career,Junior
2296,24.0,Female,Bachelor,Software Developer,2.0,55000.0,Canada,Black,Entry,Young,Junior
2297,36.0,Male,PhD,Senior Data Scientist,12.0,170000.0,UK,Asian,Senior,Mid_Career,Senior
2298,30.0,Female,Bachelor,Software Engineer,5.0,90000.0,China,Chinese,Junior,Early_Career,Junior
2299,29.0,Male,Bachelor,Front End Developer,4.0,80000.0,Australia,White,Junior,Early_Career,Junior
2300,42.0,Male,Master,Product Manager,14.0,180000.0,USA,White,Senior,Mid_Career,Senior
2301,26.0,Male,Bachelor,Software Developer,2.0,60000.0,China,Chinese,Entry,Early_Career,Junior
2302,35.0,Female,Master,Data Analyst,9.0,120000.0,Australia,Asian,Mid,Early_Career,Junior
2303,27.0,Female,Bachelor,Software Engineer,3.0,70000.0,UK,White,Junior,Early_Career,Junior
2304,48.0,Male,PhD,Director Of Data Science,18.0,210000.0,Australia,Asian,Senior,Senior_Career,Senior
2305,34.0,Male,Master,Data Scientist,9.0,140000.0,UK,Welsh,Mid,Early_Career,Junior
2306,23.0,Female,Bachelor,Software Engineer,1.0,50000.0,China,White,Entry,Young,Junior
2307,32.0,Male,Master,Product Manager,7.0,110000.0,China,White,Mid,Early_Career,Senior
2308,25.0,Female,Master,Software Engineer,2.0,60000.0,China,Chinese,Entry,Young,Junior
2309,37.0,Male,Bachelor,Data Analyst,11.0,160000.0,USA,African American,Senior,Mid_Career,Junior
2310,28.0,Male,Bachelor,Software Engineer,4.0,75000.0,USA,Hispanic,Junior,Early_Career,Junior
2311,41.0,Female,PhD,Director Of Data Science,16.0,200000.0,Australia,Asian,Senior,Mid_Career,Senior
2312,34.0,Male,Master,Data Analyst,8.0,100000.0,Canada,White,Mid,Early_Career,Junior
2313,24.0,Female,Bachelor,Software Developer,2.0,55000.0,Australia,Asian,Entry,Young,Junior
2314,36.0,Male,PhD,Senior Data Scientist,12.0,170000.0,Australia,Australian,Senior,Mid_Career,Senior
2315,30.0,Female,Bachelor,Software Engineer,5.0,90000.0,UK,Asian,Junior,Early_Career,Junior
2316,29.0,Male,Bachelor,Front End Developer,4.0,80000.0,UK,Welsh,Junior,Early_Career,Junior
2317,42.0,Male,Master,Product Manager,14.0,180000.0,UK,White,Senior,Mid_Career,Senior
2318,26.0,Male,Bachelor,Software Developer,2.0,60000.0,USA,Hispanic,Entry,Early_Career,Junior
2319,35.0,Female,Master,Data Analyst,9.0,120000.0,Canada,Asian,Mid,Early_Career,Junior
2320,27.0,Female,Bachelor,Software Engineer,3.0,70000.0,UK,White,Junior,Early_Career,Junior
2321,48.0,Male,PhD,Director Of Data Science,18.0,210000.0,USA,White,Senior,Senior_Career,Senior
2322,34.0,Male,Master,Data Scientist,9.0,140000.0,Australia,White,Mid,Early_Career,Junior
2323,23.0,Female,Bachelor,Software Engineer,1.0,50000.0,China,Chinese,Entry,Young,Junior
2324,32.0,Male,Master,Product Manager,7.0,110000.0,Canada,Black,Mid,Early_Career,Senior
2325,25.0,Female,Master,Software Engineer,2.0,60000.0,Australia,White,Entry,Young,Junior
2326,37.0,Male,Bachelor,Data Analyst,11.0,160000.0,Australia,White,Senior,Mid_Career,Junior
2327,28.0,Male,Bachelor,Software Engineer,4.0,75000.0,UK,Asian,Junior,Early_Career,Junior
2328,41.0,Female,PhD,Director Of Data Science,16.0,200000.0,Australia,Asian,Senior,Mid_Career,Senior
2329,34.0,Male,Master,Data Analyst,8.0,100000.0,China,Chinese,Mid,Early_Career,Junior
2330,24.0,Female,Bachelor,Software Developer,2.0,55000.0,USA,White,Entry,Young,Junior
2331,36.0,Male,PhD,Senior Data Scientist,12.0,170000.0,Canada,Asian,Senior,Mid_Career,Senior
2332,30.0,Female,Bachelor,Software Engineer,5.0,90000.0,China,Korean,Junior,Early_Career,Junior
2333,29.0,Male,Bachelor,Front End Developer,4.0,80000.0,USA,Asian,Junior,Early_Career,Junior
2334,42.0,Male,Master,Product Manager,14.0,180000.0,Australia,Asian,Senior,Mid_Career,Senior
2335,26.0,Male,Bachelor,Software Developer,2.0,60000.0,China,Korean,Entry,Early_Career,Junior
2336,35.0,Female,Master,Data Analyst,9.0,120000.0,Canada,Black,Mid,Early_Career,Junior
2337,27.0,Female,Bachelor,Software Engineer,3.0,70000.0,Canada,White,Junior,Early_Career,Junior
2338,48.0,Male,PhD,Director Of Data Science,18.0,210000.0,China,White,Senior,Senior_Career,Senior
2339,34.0,Male,Master,Data Scientist,9.0,140000.0,USA,African American,Mid,Early_Career,Junior
2340,23.0,Female,Bachelor,Software Engineer,1.0,50000.0,China,Korean,Entry,Young,Junior
2341,32.0,Male,Master,Product Manager,7.0,110000.0,Australia,Asian,Mid,Early_Career,Senior
2342,25.0,Female,Master,Software Engineer,2.0,60000.0,UK,Asian,Entry,Young,Junior
2343,37.0,Male,Bachelor,Data Analyst,11.0,160000.0,China,White,Senior,Mid_Career,Junior
2344,28.0,Male,Bachelor,Software Engineer,4.0,75000.0,UK,Mixed,Junior,Early_Career,Junior
2345,41.0,Female,PhD,Director Of Data Science,16.0,200000.0,China,Korean,Senior,Mid_Career,Senior
2346,34.0,Male,Master,Data Analyst,8.0,100000.0,UK,Asian,Mid,Early_Career,Junior
2347,24.0,Female,Bachelor,Software Developer,2.0,55000.0,USA,Hispanic,Entry,Young,Junior
2348,36.0,Male,PhD,Senior Data Scientist,12.0,170000.0,UK,Asian,Senior,Mid_Career,Senior
2349,30.0,Female,Bachelor,Software Engineer,5.0,90000.0,Australia,Asian,Junior,Early_Career,Junior
2350,29.0,Male,Bachelor,Front End Developer,4.0,80000.0,Canada,Black,Junior,Early_Career,Junior
2351,42.0,Male,Master,Product Manager,14.0,180000.0,UK,Welsh,Senior,Mid_Career,Senior
2352,26.0,Male,Bachelor,Software Developer,2.0,60000.0,UK,Mixed,Entry,Early_Career,Junior
2353,35.0,Female,Master,Data Analyst,9.0,120000.0,UK,Mixed,Mid,Early_Career,Junior
2354,27.0,Female,Bachelor,Software Engineer,3.0,70000.0,Canada,Asian,Junior,Early_Career,Junior
2355,48.0,Male,PhD,Director Of Data Science,18.0,210000.0,Canada,Black,Senior,Senior_Career,Senior
2356,34.0,Male,Master,Data Scientist,9.0,140000.0,USA,African American,Mid,Early_Career,Junior
2357,23.0,Female,Bachelor,Software Engineer,1.0,50000.0,China,Korean,Entry,Young,Junior
2358,32.0,Male,Master,Product Manager,7.0,110000.0,UK,Welsh,Mid,Early_Career,Senior
2359,25.0,Female,Master,Software Engineer,2.0,60000.0,UK,Mixed,Entry,Young,Junior
2360,37.0,Male,Bachelor,Data Analyst,11.0,160000.0,Australia,White,Senior,Mid_Career,Junior
2361,28.0,Male,Bachelor,Software Engineer,4.0,75000.0,UK,Welsh,Junior,Early_Career,Junior
2362,41.0,Female,PhD,Director Of Data Science,16.0,200000.0,China,Korean,Senior,Mid_Career,Senior
2363,34.0,Male,Master,Data Analyst,8.0,100000.0,UK,Asian,Mid,Early_Career,Junior
2364,24.0,Female,Bachelor,Software Developer,2.0,55000.0,China,Korean,Entry,Young,Junior
2365,36.0,Male,PhD,Senior Data Scientist,12.0,170000.0,UK,White,Senior,Mid_Career,Senior
2366,30.0,Female,Bachelor,Software Engineer,5.0,90000.0,USA,Asian,Junior,Early_Career,Junior
2367,29.0,Male,Bachelor,Front End Developer,4.0,80000.0,UK,Welsh,Junior,Early_Career,Junior
2368,42.0,Male,Master,Product Manager,14.0,180000.0,Australia,Australian,Senior,Mid_Career,Senior
2369,26.0,Male,Bachelor,Software Developer,2.0,60000.0,Canada,Black,Entry,Early_Career,Junior
2370,35.0,Female,Master,Data Analyst,9.0,120000.0,Australia,Asian,Mid,Early_Career,Junior
2371,27.0,Female,Bachelor,Software Engineer,3.0,70000.0,USA,White,Junior,Early_Career,Junior
2372,48.0,Male,PhD,Director Of Data Science,18.0,210000.0,China,Korean,Senior,Senior_Career,Senior
2373,34.0,Male,Master,Data Scientist,9.0,140000.0,USA,African American,Mid,Early_Career,Junior
2374,23.0,Female,Bachelor,Software Engineer,1.0,50000.0,Canada,Black,Entry,Young,Junior
2375,34.0,Female,Bachelor,Full Stack Engineer,8.0,122485.0,China,Korean,Mid,Early_Career,Junior
2376,25.0,Male,PhD,Software Engineer Manager,12.0,169159.0,China,Chinese,Senior,Young,Senior
2377,43.0,Male,Master,Senior Software Engineer,21.0,187081.0,Australia,Asian,Expert,Mid_Career,Senior
2378,53.0,Other,High School,Senior Project Engineer,31.0,166109.0,Canada,White,Expert,Senior_Career,Senior
2379,27.0,Female,Master,Front End Developer,5.0,78354.0,China,Korean,Junior,Early_Career,Junior
2380,25.0,Male,Bachelor,Back End Developer,2.0,90249.0,China,White,Entry,Young,Junior
2381,29.0,Female,Master,Senior Software Engineer,6.0,132720.0,Canada,Asian,Mid,Early_Career,Senior
2382,52.0,Male,PhD,Software Engineer Manager,23.0,161568.0,USA,White,Expert,Senior_Career,Senior
2383,41.0,Male,Master,Front End Developer,13.0,127346.0,Australia,Asian,Senior,Mid_Career,Junior
2384,49.0,Female,Bachelor,Back End Developer,19.0,120177.0,UK,Mixed,Senior,Senior_Career,Junior
2385,25.0,Other,High School,Full Stack Engineer,2.0,69032.0,UK,Asian,Entry,Young,Junior
2386,35.0,Male,Master,Senior Project Engineer,8.0,101332.0,Australia,Australian,Mid,Early_Career,Senior
2387,57.0,Female,PhD,Full Stack Engineer,30.0,121450.0,Australia,Australian,Expert,Late_Career,Junior
2388,35.0,Female,Bachelor,Senior Project Engineer,12.0,166375.0,Canada,Asian,Senior,Early_Career,Senior
2389,43.0,Male,Master,Senior Software Engineer,21.0,185119.0,Canada,Black,Expert,Mid_Career,Senior
2390,37.0,Female,Bachelor,Full Stack Engineer,10.0,149217.0,China,White,Mid,Mid_Career,Junior
2391,50.0,Male,Master,Software Engineer Manager,21.0,166512.0,UK,Welsh,Expert,Senior_Career,Senior
2392,52.0,Female,Master,Senior Software Engineer,28.0,186963.0,Australia,Australian,Expert,Senior_Career,Senior
2393,26.0,Male,Bachelor,Back End Developer,3.0,75072.0,USA,Hispanic,Junior,Early_Career,Junior
2394,34.0,Female,Master,Full Stack Engineer,10.0,163398.0,UK,Mixed,Mid,Early_Career,Junior
2395,30.0,Male,High School,Senior Project Engineer,11.0,103947.0,Australia,Asian,Senior,Early_Career,Senior
2396,60.0,Female,PhD,Software Engineer Manager,33.0,179180.0,China,White,Expert,Late_Career,Senior
2397,50.0,Male,Bachelor,Back End Developer,23.0,175966.0,China,Korean,Expert,Senior_Career,Junior
2398,58.0,Male,Master,Senior Software Engineer,27.0,190004.0,China,White,Expert,Late_Career,Senior
2399,35.0,Female,Master,Full Stack Engineer,10.0,152039.0,USA,Asian,Mid,Early_Career,Junior
2400,28.0,Male,Master,Front End Developer,5.0,76742.0,Australia,Australian,Junior,Early_Career,Junior
2401,57.0,Female,PhD,Software Engineer Manager,33.0,191790.0,China,Korean,Expert,Late_Career,Senior
2402,46.0,Female,Bachelor,Senior Software Engineer,20.0,139398.0,China,Chinese,Senior,Senior_Career,Senior
2403,28.0,Male,High School,Back End Developer,7.0,95845.0,UK,Asian,Mid,Early_Career,Junior
2404,34.0,Male,Master,Full Stack Engineer,12.0,160976.0,USA,African American,Senior,Early_Career,Junior
2405,33.0,Female,Master,Senior Project Engineer,9.0,126753.0,Australia,White,Mid,Early_Career,Senior
2406,37.0,Other,Master,Full Stack Engineer,14.0,161393.0,UK,Asian,Senior,Mid_Career,Junior
2407,33.0,Male,Master,Senior Software Engineer,8.0,139817.0,Canada,White,Mid,Early_Career,Senior
2408,53.0,Male,PhD,Software Engineer Manager,25.0,181714.0,Canada,White,Expert,Senior_Career,Senior
2409,35.0,Female,Bachelor,Back End Developer,10.0,114776.0,Australia,Asian,Mid,Early_Career,Junior
2410,30.0,Male,Master,Full Stack Engineer,6.0,105725.0,Canada,White,Mid,Early_Career,Junior
2411,24.0,Female,High School,Senior Project Engineer,1.0,52731.0,Canada,Black,Entry,Young,Senior
2412,36.0,Male,Master,Front End Developer,8.0,106492.0,Australia,Asian,Mid,Mid_Career,Junior
2413,27.0,Female,Bachelor,Full Stack Engineer,4.0,73895.0,Canada,White,Junior,Early_Career,Junior
2414,23.0,Male,PhD,Software Engineer Manager,1.0,119836.0,UK,Asian,Entry,Young,Senior
2415,28.0,Female,Master,Senior Software Engineer,5.0,99747.0,Australia,Australian,Junior,Early_Career,Senior
2416,52.0,Male,Bachelor,Back End Developer,25.0,168287.0,USA,White,Expert,Senior_Career,Junior
2417,28.0,Female,Master,Full Stack Engineer,7.0,115920.0,China,Korean,Mid,Early_Career,Junior
2418,32.0,Male,Master,Senior Project Engineer,11.0,128078.0,Canada,Asian,Senior,Early_Career,Senior
2419,24.0,Female,Bachelor,Front End Developer,1.0,51265.0,USA,Asian,Entry,Young,Junior
2420,43.0,Male,High School,Senior Software Engineer,22.0,165919.0,Australia,White,Expert,Mid_Career,Senior
2421,60.0,Female,PhD,Software Engineer Manager,34.0,188651.0,Canada,Asian,Expert,Late_Career,Senior
2422,24.0,Male,Master,Back End Developer,0.0,55538.0,USA,Asian,Entry,Young,Junior
2423,55.0,Male,Bachelor,Senior Project Engineer,28.0,193964.0,UK,Asian,Expert,Senior_Career,Senior
2424,29.0,Female,Master,Full Stack Engineer,4.0,104702.0,Australia,Asian,Junior,Early_Career,Junior
2425,44.0,Male,PhD,Software Engineer Manager,19.0,172955.0,USA,African American,Senior,Mid_Career,Senior
2426,40.0,Female,Master,Senior Software Engineer,16.0,138032.0,USA,Hispanic,Senior,Mid_Career,Senior
2427,27.0,Male,Bachelor,Back End Developer,4.0,82683.0,UK,Mixed,Junior,Early_Career,Junior
2428,43.0,Male,Master,Full Stack Engineer,17.0,155414.0,UK,White,Senior,Mid_Career,Junior
2429,49.0,Female,High School,Senior Project Engineer,25.0,154207.0,Canada,White,Expert,Senior_Career,Senior
2430,30.0,Male,Master,Front End Developer,8.0,107895.0,USA,White,Mid,Early_Career,Junior
2431,42.0,Female,Bachelor,Senior Software Engineer,18.0,148446.0,China,White,Senior,Mid_Career,Senior
2432,26.0,Male,Master,Full Stack Engineer,4.0,102859.0,UK,White,Junior,Early_Career,Junior
2433,41.0,Female,PhD,Software Engineer Manager,13.0,138662.0,China,Korean,Senior,Mid_Career,Senior
2434,46.0,Male,Bachelor,Senior Project Engineer,23.0,181699.0,China,White,Expert,Senior_Career,Senior
2435,57.0,Female,Master,Full Stack Engineer,33.0,188232.0,Canada,Black,Expert,Late_Career,Junior
2436,22.0,Female,High School,Back End Developer,0.0,51832.0,UK,White,Entry,Young,Junior
2437,54.0,Male,PhD,Software Engineer Manager,28.0,188484.0,China,Chinese,Expert,Senior_Career,Senior
2438,42.0,Female,Master,Senior Software Engineer,16.0,138286.0,UK,Asian,Senior,Mid_Career,Senior
2439,49.0,Male,Bachelor,Full Stack Engineer,22.0,181132.0,China,Korean,Expert,Senior_Career,Junior
2440,27.0,Female,Master,Back End Developer,4.0,73938.0,USA,Asian,Junior,Early_Career,Junior
2441,36.0,Male,Bachelor,Senior Project Engineer,14.0,119224.0,USA,White,Senior,Mid_Career,Senior
2442,31.0,Female,Master,Full Stack Engineer,6.0,101186.0,China,Korean,Mid,Early_Career,Junior
2443,39.0,Male,Master,Software Engineer Manager,14.0,142360.0,Canada,Asian,Senior,Mid_Career,Senior
2444,41.0,Female,Bachelor,Senior Project Engineer,20.0,151315.0,Australia,Australian,Senior,Mid_Career,Senior
2445,48.0,Male,PhD,Full Stack Engineer,23.0,181021.0,USA,White,Expert,Senior_Career,Junior
2446,39.0,Female,Master,Senior Software Engineer,15.0,134641.0,Australia,White,Senior,Mid_Career,Senior
2447,48.0,Male,Bachelor,Front End Developer,23.0,173851.0,Australia,Australian,Expert,Senior_Career,Junior
2448,31.0,Other,High School,Back End Developer,8.0,104127.0,Australia,White,Mid,Early_Career,Junior
2449,47.0,Male,Master,Senior Project Engineer,25.0,178859.0,Canada,White,Expert,Senior_Career,Senior
2450,29.0,Female,PhD,Full Stack Engineer,5.0,98568.0,Australia,White,Junior,Early_Career,Junior
2451,32.0,Male,Bachelor,Software Engineer Manager,9.0,104661.0,Canada,Asian,Mid,Early_Career,Senior
2452,38.0,Female,Master,Senior Software Engineer,13.0,134858.0,USA,Hispanic,Senior,Mid_Career,Senior
2453,34.0,Male,Bachelor,Back End Developer,10.0,94502.0,UK,Asian,Mid,Early_Career,Junior
2454,23.0,Other,High School,Front End Developer,2.0,62852.0,China,White,Entry,Young,Junior
2455,34.0,Female,Bachelor,Full Stack Engineer,8.0,122485.0,UK,White,Mid,Early_Career,Junior
2456,25.0,Male,PhD,Software Engineer Manager,12.0,169159.0,China,White,Senior,Young,Senior
2457,43.0,Male,Master,Senior Software Engineer,21.0,187081.0,UK,Asian,Expert,Mid_Career,Senior
2458,53.0,Other,High School,Senior Project Engineer,31.0,166109.0,China,White,Expert,Senior_Career,Senior
2459,27.0,Female,Master,Front End Developer,5.0,78354.0,China,White,Junior,Early_Career,Junior
2460,25.0,Male,Bachelor,Back End Developer,2.0,90249.0,China,Chinese,Entry,Young,Junior
2461,29.0,Female,Master,Senior Software Engineer,6.0,132720.0,USA,African American,Mid,Early_Career,Senior
2462,52.0,Male,PhD,Software Engineer Manager,23.0,161568.0,USA,Hispanic,Expert,Senior_Career,Senior
2463,41.0,Male,Master,Front End Developer,13.0,127346.0,USA,Asian,Senior,Mid_Career,Junior
2464,49.0,Female,Bachelor,Back End Developer,19.0,120177.0,Canada,White,Senior,Senior_Career,Junior
2465,25.0,Other,High School,Full Stack Engineer,2.0,69032.0,USA,African American,Entry,Young,Junior
2466,35.0,Male,Master,Senior Project Engineer,8.0,101332.0,China,White,Mid,Early_Career,Senior
2467,57.0,Female,PhD,Full Stack Engineer,30.0,121450.0,Canada,Black,Expert,Late_Career,Junior
2468,35.0,Female,Bachelor,Senior Project Engineer,12.0,166375.0,China,White,Senior,Early_Career,Senior
2469,43.0,Male,Master,Senior Software Engineer,21.0,185119.0,Canada,White,Expert,Mid_Career,Senior
2470,37.0,Female,Bachelor,Full Stack Engineer,10.0,149217.0,China,Chinese,Mid,Mid_Career,Junior
2471,50.0,Male,Master,Software Engineer Manager,21.0,166512.0,UK,White,Expert,Senior_Career,Senior
2472,52.0,Female,Master,Senior Software Engineer,28.0,186963.0,China,Korean,Expert,Senior_Career,Senior
2473,26.0,Male,Bachelor,Back End Developer,3.0,75072.0,Canada,Asian,Junior,Early_Career,Junior
2474,34.0,Female,Master,Full Stack Engineer,10.0,163398.0,China,Chinese,Mid,Early_Career,Junior
2475,30.0,Male,High School,Senior Project Engineer,11.0,103947.0,Canada,Black,Senior,Early_Career,Senior
2476,60.0,Female,PhD,Software Engineer Manager,33.0,179180.0,Australia,Asian,Expert,Late_Career,Senior
2477,50.0,Male,Bachelor,Back End Developer,23.0,175966.0,Australia,Asian,Expert,Senior_Career,Junior
2478,58.0,Male,Master,Senior Software Engineer,27.0,190004.0,USA,White,Expert,Late_Career,Senior
2479,35.0,Female,Master,Full Stack Engineer,10.0,152039.0,Australia,Asian,Mid,Early_Career,Junior
2480,28.0,Male,Master,Front End Developer,5.0,76742.0,USA,Asian,Junior,Early_Career,Junior
2481,57.0,Female,PhD,Software Engineer Manager,33.0,191790.0,China,Chinese,Expert,Late_Career,Senior
2482,46.0,Female,Bachelor,Senior Software Engineer,20.0,139398.0,China,White,Senior,Senior_Career,Senior
2483,28.0,Male,High School,Back End Developer,7.0,95845.0,China,White,Mid,Early_Career,Junior
2484,34.0,Male,Master,Full Stack Engineer,12.0,160976.0,China,White,Senior,Early_Career,Junior
2485,33.0,Female,Master,Senior Project Engineer,9.0,126753.0,Australia,White,Mid,Early_Career,Senior
2486,37.0,Other,Master,Full Stack Engineer,14.0,161393.0,USA,Asian,Senior,Mid_Career,Junior
2487,33.0,Male,Master,Senior Software Engineer,8.0,139817.0,Australia,White,Mid,Early_Career,Senior
2488,53.0,Male,PhD,Software Engineer Manager,25.0,181714.0,China,White,Expert,Senior_Career,Senior
2489,35.0,Female,Bachelor,Back End Developer,10.0,114776.0,USA,Asian,Mid,Early_Career,Junior
2490,30.0,Male,Master,Full Stack Engineer,6.0,105725.0,China,Chinese,Mid,Early_Career,Junior
2491,24.0,Female,High School,Senior Project Engineer,1.0,52731.0,Canada,Black,Entry,Young,Senior
2492,36.0,Male,Master,Front End Developer,8.0,106492.0,China,Chinese,Mid,Mid_Career,Junior
2493,27.0,Female,Bachelor,Full Stack Engineer,4.0,73895.0,Canada,Black,Junior,Early_Career,Junior
2494,23.0,Male,PhD,Software Engineer Manager,1.0,119836.0,UK,Welsh,Entry,Young,Senior
2495,28.0,Female,Master,Senior Software Engineer,5.0,99747.0,Australia,Australian,Junior,Early_Career,Senior
2496,52.0,Male,Bachelor,Back End Developer,25.0,168287.0,USA,White,Expert,Senior_Career,Junior
2497,28.0,Female,Master,Full Stack Engineer,7.0,115920.0,Australia,Asian,Mid,Early_Career,Junior
2498,32.0,Male,Master,Senior Project Engineer,11.0,128078.0,USA,Hispanic,Senior,Early_Career,Senior
2499,24.0,Female,Bachelor,Front End Developer,1.0,51265.0,UK,Mixed,Entry,Young,Junior
2500,43.0,Male,High School,Senior Software Engineer,22.0,165919.0,Australia,Australian,Expert,Mid_Career,Senior
2501,60.0,Female,PhD,Software Engineer Manager,34.0,188651.0,China,Korean,Expert,Late_Career,Senior
2502,24.0,Male,Master,Back End Developer,0.0,55538.0,USA,Hispanic,Entry,Young,Junior
2503,55.0,Male,Bachelor,Senior Project Engineer,28.0,193964.0,Australia,Asian,Expert,Senior_Career,Senior
2504,29.0,Female,Master,Full Stack Engineer,4.0,104702.0,China,White,Junior,Early_Career,Junior
2505,44.0,Male,PhD,Software Engineer Manager,19.0,172955.0,UK,Mixed,Senior,Mid_Career,Senior
2506,40.0,Female,Master,Senior Software Engineer,16.0,138032.0,China,Korean,Senior,Mid_Career,Senior
2507,27.0,Male,Bachelor,Back End Developer,4.0,82683.0,China,Chinese,Junior,Early_Career,Junior
2508,43.0,Male,Master,Full Stack Engineer,17.0,155414.0,China,Chinese,Senior,Mid_Career,Junior
2509,49.0,Female,High School,Senior Project Engineer,25.0,154207.0,UK,Asian,Expert,Senior_Career,Senior
2510,30.0,Male,Master,Front End Developer,8.0,107895.0,Canada,White,Mid,Early_Career,Junior
2511,42.0,Female,Bachelor,Senior Software Engineer,18.0,148446.0,Canada,Asian,Senior,Mid_Career,Senior
2512,26.0,Male,Master,Full Stack Engineer,4.0,102859.0,UK,Welsh,Junior,Early_Career,Junior
2513,41.0,Female,PhD,Software Engineer Manager,13.0,138662.0,USA,Asian,Senior,Mid_Career,Senior
2514,46.0,Male,Bachelor,Senior Project Engineer,23.0,181699.0,Australia,Asian,Expert,Senior_Career,Senior
2515,57.0,Female,Master,Full Stack Engineer,33.0,188232.0,UK,Mixed,Expert,Late_Career,Junior
2516,22.0,Female,High School,Back End Developer,0.0,51832.0,USA,White,Entry,Young,Junior
2517,54.0,Male,PhD,Software Engineer Manager,28.0,188484.0,China,White,Expert,Senior_Career,Senior
2518,42.0,Female,Master,Senior Software Engineer,16.0,138286.0,UK,Welsh,Senior,Mid_Career,Senior
2519,49.0,Male,Bachelor,Full Stack Engineer,22.0,181132.0,Australia,Australian,Expert,Senior_Career,Junior
2520,27.0,Female,Master,Back End Developer,4.0,73938.0,Canada,White,Junior,Early_Career,Junior
2521,36.0,Male,Bachelor,Senior Project Engineer,14.0,119224.0,China,Korean,Senior,Mid_Career,Senior
2522,31.0,Female,Master,Full Stack Engineer,6.0,101186.0,USA,Asian,Mid,Early_Career,Junior
2523,39.0,Male,Master,Software Engineer Manager,14.0,142360.0,USA,African American,Senior,Mid_Career,Senior
2524,41.0,Female,Bachelor,Senior Project Engineer,20.0,151315.0,USA,White,Senior,Mid_Career,Senior
2525,48.0,Male,PhD,Full Stack Engineer,23.0,181021.0,UK,Mixed,Expert,Senior_Career,Junior
2526,39.0,Female,Master,Senior Software Engineer,15.0,134641.0,China,White,Senior,Mid_Career,Senior
2527,48.0,Male,Bachelor,Front End Developer,23.0,173851.0,China,Korean,Expert,Senior_Career,Junior
2528,31.0,Other,High School,Back End Developer,8.0,104127.0,USA,African American,Mid,Early_Career,Junior
2529,47.0,Male,Master,Senior Project Engineer,25.0,178859.0,Canada,Asian,Expert,Senior_Career,Senior
2530,29.0,Female,PhD,Full Stack Engineer,5.0,98568.0,Canada,Black,Junior,Early_Career,Junior
2531,32.0,Male,Bachelor,Software Engineer Manager,9.0,104661.0,USA,Hispanic,Mid,Early_Career,Senior
2532,38.0,Female,Master,Senior Software Engineer,13.0,134858.0,Canada,White,Senior,Mid_Career,Senior
2533,34.0,Male,Bachelor,Back End Developer,10.0,94502.0,UK,Welsh,Mid,Early_Career,Junior
2534,23.0,Other,High School,Front End Developer,2.0,62852.0,China,Chinese,Entry,Young,Junior
2535,36.0,Male,Bachelor,Front End Developer,14.0,139095.0,UK,Asian,Senior,Mid_Career,Junior
2536,30.0,Female,Master,Senior Project Engineer,5.0,106278.0,China,Korean,Junior,Early_Career,Senior
2537,28.0,Male,Master,Full Stack Engineer,4.0,90452.0,USA,Hispanic,Junior,Early_Career,Junior
2538,46.0,Female,PhD,Software Engineer Manager,23.0,168304.0,China,White,Expert,Senior_Career,Senior
2539,34.0,Male,Bachelor,Back End Developer,10.0,126593.0,China,White,Mid,Early_Career,Junior
2540,44.0,Male,Master,Senior Software Engineer,19.0,152203.0,Canada,White,Senior,Mid_Career,Senior
2541,55.0,Female,PhD,Software Engineer Manager,30.0,183138.0,USA,African American,Expert,Senior_Career,Senior
2542,35.0,Male,Master,Full Stack Engineer,9.0,130275.0,China,Korean,Mid,Early_Career,Junior
2543,54.0,Male,Bachelor,Senior Project Engineer,29.0,191915.0,Canada,Asian,Expert,Senior_Career,Senior
2544,23.0,Female,High School,Back End Developer,2.0,62807.0,USA,African American,Entry,Young,Junior
2545,46.0,Male,Master,Senior Software Engineer,21.0,174305.0,UK,Mixed,Expert,Senior_Career,Senior
2546,33.0,Female,Bachelor,Full Stack Engineer,9.0,133326.0,USA,Asian,Mid,Early_Career,Junior
2547,26.0,Male,Master,Front End Developer,4.0,75656.0,China,Chinese,Junior,Early_Career,Junior
2548,43.0,Female,PhD,Software Engineer Manager,19.0,155944.0,UK,White,Senior,Mid_Career,Senior
2549,36.0,Male,Master,Full Stack Engineer,11.0,137775.0,Australia,Asian,Senior,Mid_Career,Junior
2550,23.0,Female,Bachelor,Senior Project Engineer,0.0,51831.0,Australia,Asian,Entry,Young,Senior
2551,49.0,Male,Master,Software Engineer Manager,22.0,182237.0,China,Korean,Expert,Senior_Career,Senior
2552,35.0,Female,Master,Full Stack Engineer,10.0,151901.0,UK,Mixed,Mid,Early_Career,Junior
2553,31.0,Male,Bachelor,Back End Developer,8.0,100052.0,Australia,Australian,Mid,Early_Career,Junior
2554,54.0,Other,High School,Senior Software Engineer,29.0,158254.0,China,White,Expert,Senior_Career,Senior
2555,43.0,Male,Master,Full Stack Engineer,20.0,167207.0,UK,Mixed,Senior,Mid_Career,Junior
2556,33.0,Female,Master,Senior Project Engineer,10.0,112439.0,UK,Mixed,Mid,Early_Career,Senior
2557,52.0,Female,PhD,Software Engineer Manager,29.0,194214.0,UK,White,Expert,Senior_Career,Senior
2558,28.0,Male,Bachelor,Full Stack Engineer,5.0,84407.0,China,Korean,Junior,Early_Career,Junior
2559,36.0,Female,Master,Senior Software Engineer,13.0,139413.0,UK,Welsh,Senior,Mid_Career,Senior
2560,43.0,Male,Bachelor,Senior Project Engineer,20.0,143084.0,China,White,Senior,Mid_Career,Senior
2561,50.0,Female,Master,Full Stack Engineer,25.0,192344.0,USA,White,Expert,Senior_Career,Junior
2562,24.0,Male,PhD,Software Engineer Manager,1.0,106132.0,Australia,Asian,Entry,Young,Senior
2563,52.0,Male,Master,Senior Software Engineer,26.0,184816.0,USA,Hispanic,Expert,Senior_Career,Senior
2564,46.0,Female,Bachelor,Back End Developer,19.0,150248.0,Australia,Asian,Senior,Senior_Career,Junior
2565,38.0,Male,Master,Full Stack Engineer,15.0,170995.0,China,Korean,Senior,Mid_Career,Junior
2566,29.0,Male,Bachelor,Senior Project Engineer,6.0,88035.0,Canada,Asian,Mid,Early_Career,Senior
2567,33.0,Female,Master,Front End Developer,10.0,119419.0,China,Chinese,Mid,Early_Career,Junior
2568,47.0,Male,PhD,Software Engineer Manager,21.0,173582.0,Canada,Black,Expert,Senior_Career,Senior
2569,45.0,Female,Master,Senior Software Engineer,23.0,174436.0,Canada,Black,Expert,Mid_Career,Senior
2570,28.0,Male,Bachelor,Back End Developer,4.0,71699.0,Canada,Asian,Junior,Early_Career,Junior
2571,42.0,Female,Master,Full Stack Engineer,14.0,163558.0,USA,Hispanic,Senior,Mid_Career,Junior
2572,46.0,Male,Bachelor,Senior Project Engineer,24.0,166828.0,USA,Asian,Expert,Senior_Career,Senior
2573,38.0,Female,PhD,Software Engineer Manager,15.0,144496.0,China,Korean,Senior,Mid_Career,Senior
2574,54.0,Male,Master,Senior Software Engineer,31.0,193746.0,Canada,Asian,Expert,Senior_Career,Senior
2575,33.0,Female,Master,Full Stack Engineer,8.0,122581.0,Australia,Australian,Mid,Early_Career,Junior
2576,27.0,Male,High School,Back End Developer,4.0,79767.0,USA,African American,Junior,Early_Career,Junior
2577,50.0,Female,Bachelor,Senior Project Engineer,25.0,177177.0,Australia,White,Expert,Senior_Career,Senior
2578,26.0,Male,Master,Full Stack Engineer,4.0,89843.0,Australia,Asian,Junior,Early_Career,Junior
2579,31.0,Female,Master,Senior Software Engineer,6.0,113563.0,UK,Mixed,Mid,Early_Career,Senior
2580,35.0,Male,Bachelor,Front End Developer,10.0,128712.0,Australia,Asian,Mid,Early_Career,Junior
2581,44.0,Female,PhD,Software Engineer Manager,18.0,161621.0,USA,Hispanic,Senior,Mid_Career,Senior
2582,32.0,Male,Master,Senior Project Engineer,8.0,121454.0,USA,White,Mid,Early_Career,Senior
2583,54.0,Male,Bachelor,Full Stack Engineer,25.0,179987.0,USA,White,Expert,Senior_Career,Junior
2584,26.0,Female,Master,Front End Developer,3.0,72649.0,Australia,White,Junior,Early_Career,Junior
2585,23.0,Male,PhD,Software Engineer Manager,0.0,52612.0,UK,Welsh,Entry,Young,Senior
2586,48.0,Female,Master,Senior Software Engineer,24.0,184006.0,USA,White,Expert,Senior_Career,Senior
2587,38.0,Male,Bachelor,Back End Developer,12.0,131960.0,USA,Asian,Senior,Mid_Career,Junior
2588,30.0,Female,Master,Full Stack Engineer,5.0,102465.0,USA,White,Junior,Early_Career,Junior
2589,40.0,Male,Master,Software Engineer Manager,16.0,149748.0,UK,White,Senior,Mid_Career,Senior
2590,45.0,Female,Bachelor,Senior Project Engineer,22.0,171036.0,Australia,Australian,Expert,Mid_Career,Senior
2591,36.0,Male,Master,Full Stack Engineer,13.0,146351.0,China,Chinese,Senior,Mid_Career,Junior
2592,52.0,Male,PhD,Software Engineer Manager,26.0,185462.0,Canada,Black,Expert,Senior_Career,Senior
2593,31.0,Female,Bachelor,Senior Software Engineer,7.0,107718.0,USA,White,Mid,Early_Career,Senior
2594,26.0,Male,Master,Full Stack Engineer,4.0,90944.0,Canada,Asian,Junior,Early_Career,Junior
2595,30.0,Female,Master,Senior Project Engineer,5.0,100425.0,UK,White,Junior,Early_Career,Senior
2596,24.0,Male,Bachelor,Back End Developer,2.0,63901.0,Canada,White,Entry,Young,Junior
2597,45.0,Male,Master,Senior Software Engineer,22.0,181902.0,China,Korean,Expert,Mid_Career,Senior
2598,33.0,Female,Master,Full Stack Engineer,9.0,136533.0,UK,White,Mid,Early_Career,Junior
2599,38.0,Male,Bachelor,Front End Developer,11.0,136285.0,Canada,White,Senior,Mid_Career,Junior
2600,54.0,Female,PhD,Software Engineer Manager,31.0,191818.0,Australia,Australian,Expert,Senior_Career,Senior
2601,42.0,Male,Master,Full Stack Engineer,19.0,176643.0,Canada,Black,Senior,Mid_Career,Junior
2602,28.0,Female,Bachelor,Senior Project Engineer,4.0,70022.0,USA,White,Junior,Early_Career,Senior
2603,30.0,Male,Master,Front End Developer,6.0,99363.0,Australia,Asian,Mid,Early_Career,Junior
2604,43.0,Female,Master,Senior Software Engineer,19.0,152944.0,USA,African American,Senior,Mid_Career,Senior
2605,35.0,Male,Bachelor,Back End Developer,10.0,123386.0,USA,Hispanic,Mid,Early_Career,Junior
2606,44.0,Male,Master,Full Stack Engineer,21.0,168906.0,USA,African American,Expert,Mid_Career,Junior
2607,55.0,Female,Bachelor,Senior Project Engineer,30.0,183020.0,China,Chinese,Expert,Senior_Career,Senior
2608,23.0,Male,High School,Front End Developer,1.0,47898.0,USA,African American,Entry,Young,Junior
2609,39.0,Female,Master,Senior Software Engineer,14.0,135853.0,USA,Hispanic,Senior,Mid_Career,Senior
2610,43.0,Male,Bachelor,Full Stack Engineer,17.0,149198.0,China,Korean,Senior,Mid_Career,Junior
2611,29.0,Male,PhD,Software Engineer Manager,6.0,106662.0,Canada,Asian,Mid,Early_Career,Senior
2612,51.0,Male,Master,Senior Software Engineer,28.0,186610.0,Canada,White,Expert,Senior_Career,Senior
2613,30.0,Female,Bachelor,Senior Project Engineer,6.0,89995.0,UK,Welsh,Mid,Early_Career,Senior
2614,26.0,Male,Master,Full Stack Engineer,4.0,85825.0,China,Chinese,Junior,Early_Career,Junior
2615,39.0,Female,PhD,Software Engineer Manager,13.0,143814.0,China,Korean,Senior,Mid_Career,Senior
2616,49.0,Male,Master,Front End Developer,24.0,174726.0,UK,Asian,Expert,Senior_Career,Junior
2617,42.0,Female,Bachelor,Senior Software Engineer,20.0,150534.0,UK,White,Senior,Mid_Career,Senior
2618,27.0,Male,Bachelor,Back End Developer,4.0,68732.0,UK,Mixed,Junior,Early_Career,Junior
2619,43.0,Male,Master,Full Stack Engineer,21.0,187951.0,UK,White,Expert,Mid_Career,Junior
2620,37.0,Female,Bachelor,Senior Project Engineer,13.0,137336.0,Australia,White,Senior,Mid_Career,Senior
2621,51.0,Male,PhD,Software Engineer Manager,26.0,191159.0,China,White,Expert,Senior_Career,Senior
2622,29.0,Female,Master,Full Stack Engineer,5.0,102868.0,China,Korean,Junior,Early_Career,Junior
2623,43.0,Male,Bachelor,Senior Software Engineer,20.0,154281.0,USA,White,Senior,Mid_Career,Senior
2624,31.0,Male,Master,Back End Developer,8.0,111535.0,Canada,Black,Mid,Early_Career,Junior
2625,30.0,Female,Master,Senior Project Engineer,6.0,107906.0,UK,Mixed,Mid,Early_Career,Senior
2626,36.0,Male,Bachelor,Full Stack Engineer,13.0,143885.0,China,White,Senior,Mid_Career,Junior
2627,52.0,Female,PhD,Software Engineer Manager,27.0,180958.0,Australia,Asian,Expert,Senior_Career,Senior
2628,28.0,Male,Master,Senior Software Engineer,6.0,108607.0,USA,Asian,Mid,Early_Career,Senior
2629,49.0,Male,Bachelor,Back End Developer,24.0,178284.0,USA,Asian,Expert,Senior_Career,Junior
2630,27.0,Female,Master,Front End Developer,4.0,75969.0,Australia,White,Junior,Early_Career,Junior
2631,41.0,Male,Master,Senior Project Engineer,15.0,143705.0,Australia,Asian,Senior,Mid_Career,Senior
2632,56.0,Female,PhD,Software Engineer Manager,31.0,197354.0,UK,White,Expert,Late_Career,Senior
2633,46.0,Male,Bachelor,Senior Software Engineer,22.0,174324.0,USA,African American,Expert,Senior_Career,Senior
2634,32.0,Female,Master,Full Stack Engineer,8.0,123781.0,USA,Hispanic,Mid,Early_Career,Junior
2635,38.0,Male,PhD,Software Engineer Manager,12.0,141735.0,China,Chinese,Senior,Mid_Career,Senior
2636,52.0,Male,Master,Senior Project Engineer,28.0,187120.0,Australia,White,Expert,Senior_Career,Senior
2637,24.0,Female,Bachelor,Back End Developer,1.0,61095.0,Australia,Asian,Entry,Young,Junior
2638,49.0,Male,Master,Full Stack Engineer,22.0,179045.0,USA,African American,Expert,Senior_Career,Junior
2639,35.0,Female,Master,Senior Software Engineer,10.0,130355.0,Canada,Asian,Mid,Early_Career,Senior
2640,31.0,Male,Bachelor,Front End Developer,7.0,103282.0,USA,White,Mid,Early_Career,Junior
2641,44.0,Female,PhD,Software Engineer Manager,18.0,157872.0,Australia,Asian,Senior,Mid_Career,Senior
2642,33.0,Male,Master,Senior Project Engineer,10.0,117314.0,UK,Mixed,Mid,Early_Career,Senior
2643,54.0,Male,Bachelor,Senior Software Engineer,30.0,186321.0,UK,Welsh,Expert,Senior_Career,Senior
2644,33.0,Female,Master,Full Stack Engineer,11.0,129686.0,USA,White,Senior,Early_Career,Junior
2645,27.0,Male,High School,Back End Developer,3.0,68611.0,UK,White,Junior,Early_Career,Junior
2646,51.0,Female,Master,Senior Project Engineer,25.0,177913.0,UK,Asian,Expert,Senior_Career,Senior
2647,26.0,Male,Master,Full Stack Engineer,3.0,68472.0,China,Korean,Junior,Early_Career,Junior
2648,31.0,Female,Master,Senior Software Engineer,6.0,113065.0,China,Korean,Mid,Early_Career,Senior
2649,35.0,Male,Bachelor,Front End Developer,9.0,125091.0,Canada,White,Mid,Early_Career,Junior
2650,45.0,Female,PhD,Software Engineer Manager,23.0,172925.0,UK,Mixed,Expert,Mid_Career,Senior
2651,32.0,Male,Master,Senior Project Engineer,9.0,126916.0,UK,Mixed,Mid,Early_Career,Senior
2652,54.0,Male,Bachelor,Full Stack Engineer,27.0,183417.0,USA,White,Expert,Senior_Career,Junior
2653,26.0,Female,Master,Front End Developer,4.0,76898.0,UK,White,Junior,Early_Career,Junior
2654,23.0,Male,PhD,Software Engineer Manager,1.0,579.0,UK,Mixed,Entry,Young,Senior
2655,26.0,Female,Bachelor,Software Engineer,2.0,65000.0,UK,Asian,Entry,Early_Career,Junior
2656,33.0,Male,Master,Data Analyst,8.0,120000.0,Australia,Asian,Mid,Early_Career,Junior
2657,29.0,Female,Bachelor,Product Manager,4.0,90000.0,Australia,Asian,Junior,Early_Career,Senior
2658,41.0,Male,PhD,Data Scientist,15.0,190000.0,Australia,White,Senior,Mid_Career,Junior
2659,35.0,Female,Master,Software Engineer,9.0,140000.0,USA,African American,Mid,Early_Career,Junior
2660,28.0,Male,Bachelor,Software Developer,3.0,75000.0,UK,Welsh,Junior,Early_Career,Junior
2661,37.0,Female,Master,Data Scientist,11.0,160000.0,China,Korean,Senior,Mid_Career,Junior
2662,33.0,Male,Bachelor,Product Manager,8.0,130000.0,China,White,Mid,Early_Career,Senior
2663,24.0,Female,Master,Software Engineer,2.0,60000.0,UK,Mixed,Entry,Young,Junior
2664,46.0,Male,PhD,Director Of Data Science,20.0,220000.0,Canada,Asian,Senior,Senior_Career,Senior
2665,29.0,Female,Bachelor,Software Developer,5.0,80000.0,Australia,Australian,Junior,Early_Career,Junior
2666,31.0,Male,Master,Data Scientist,7.0,130000.0,Australia,White,Mid,Early_Career,Junior
2667,27.0,Female,Bachelor,Software Engineer,3.0,65000.0,Australia,Asian,Junior,Early_Career,Junior
2668,38.0,Male,PhD,Senior Data Scientist,13.0,170000.0,Canada,Black,Senior,Mid_Career,Senior
2669,30.0,Female,Master,Product Manager,6.0,110000.0,Australia,White,Mid,Early_Career,Senior
2670,25.0,Male,Bachelor,Front End Developer,2.0,50000.0,USA,White,Entry,Young,Junior
2671,44.0,Male,PhD,Director Of Data Science,18.0,210000.0,USA,Hispanic,Senior,Mid_Career,Senior
2672,33.0,Female,Master,Data Analyst,8.0,100000.0,China,White,Mid,Early_Career,Junior
2673,22.0,Male,Bachelor,Software Engineer,1.0,50000.0,China,Korean,Entry,Young,Junior
2674,36.0,Male,Master,Product Manager,10.0,160000.0,USA,African American,Mid,Mid_Career,Senior
2675,28.0,Female,Bachelor,Software Engineer,4.0,70000.0,USA,Hispanic,Junior,Early_Career,Junior
2676,41.0,Male,PhD,Senior Data Scientist,16.0,190000.0,USA,White,Senior,Mid_Career,Senior
2677,34.0,Female,Master,Data Scientist,9.0,140000.0,USA,Asian,Mid,Early_Career,Junior
2678,23.0,Male,Bachelor,Software Developer,1.0,45000.0,China,Chinese,Entry,Young,Junior
2679,32.0,Female,Master,Product Manager,7.0,120000.0,Australia,Australian,Mid,Early_Career,Senior
2680,25.0,Male,Master,Software Engineer,2.0,60000.0,USA,African American,Entry,Young,Junior
2681,37.0,Female,Bachelor,Data Analyst,11.0,150000.0,China,White,Senior,Mid_Career,Junior
2682,28.0,Male,Bachelor,Software Engineer,4.0,70000.0,UK,Asian,Junior,Early_Career,Junior
2683,41.0,Female,PhD,Director Of Data Science,16.0,200000.0,China,Chinese,Senior,Mid_Career,Senior
2684,34.0,Male,Master,Data Analyst,8.0,100000.0,China,Chinese,Mid,Early_Career,Junior
2685,24.0,Female,Bachelor,Software Developer,2.0,55000.0,Canada,White,Entry,Young,Junior
2686,36.0,Male,PhD,Senior Data Scientist,12.0,170000.0,Australia,White,Senior,Mid_Career,Senior
2687,30.0,Female,Bachelor,Software Engineer,5.0,90000.0,USA,White,Junior,Early_Career,Junior
2688,29.0,Male,Bachelor,Front End Developer,4.0,80000.0,China,Chinese,Junior,Early_Career,Junior
2689,42.0,Male,Master,Product Manager,14.0,180000.0,Australia,Asian,Senior,Mid_Career,Senior
2690,26.0,Male,Bachelor,Software Developer,2.0,60000.0,USA,Asian,Entry,Early_Career,Junior
2691,35.0,Female,Master,Data Analyst,9.0,120000.0,USA,African American,Mid,Early_Career,Junior
2692,27.0,Female,Bachelor,Software Engineer,3.0,70000.0,Australia,Asian,Junior,Early_Career,Junior
2693,48.0,Male,PhD,Director Of Data Science,18.0,210000.0,China,Chinese,Senior,Senior_Career,Senior
2694,34.0,Male,Master,Data Scientist,9.0,140000.0,USA,Hispanic,Mid,Early_Career,Junior
2695,23.0,Female,Bachelor,Software Engineer,1.0,50000.0,UK,Welsh,Entry,Young,Junior
2696,32.0,Male,Master,Product Manager,7.0,110000.0,USA,African American,Mid,Early_Career,Senior
2697,25.0,Female,Master,Software Engineer,2.0,60000.0,Australia,Australian,Entry,Young,Junior
2698,37.0,Male,Bachelor,Data Analyst,11.0,160000.0,UK,White,Senior,Mid_Career,Junior
2699,28.0,Male,Bachelor,Software Engineer,4.0,75000.0,China,Chinese,Junior,Early_Career,Junior
2700,41.0,Female,PhD,Director Of Data Science,16.0,200000.0,Australia,Australian,Senior,Mid_Career,Senior
2701,34.0,Male,Master,Data Analyst,8.0,100000.0,Canada,Black,Mid,Early_Career,Junior
2702,24.0,Female,Bachelor,Software Developer,2.0,55000.0,USA,African American,Entry,Young,Junior
2703,36.0,Male,PhD,Senior Data Scientist,12.0,170000.0,USA,Hispanic,Senior,Mid_Career,Senior
2704,30.0,Female,Bachelor,Software Engineer,5.0,90000.0,UK,White,Junior,Early_Career,Junior
2705,29.0,Male,Bachelor,Front End Developer,4.0,80000.0,China,White,Junior,Early_Career,Junior
2706,42.0,Male,Master,Product Manager,14.0,180000.0,UK,Mixed,Senior,Mid_Career,Senior
2707,26.0,Male,Bachelor,Software Developer,2.0,60000.0,China,White,Entry,Early_Career,Junior
2708,35.0,Female,Master,Data Analyst,9.0,120000.0,UK,Asian,Mid,Early_Career,Junior
2709,27.0,Female,Bachelor,Software Engineer,3.0,70000.0,UK,Mixed,Junior,Early_Career,Junior
2710,48.0,Male,PhD,Director Of Data Science,18.0,210000.0,Canada,Asian,Senior,Senior_Career,Senior
2711,34.0,Male,Master,Data Scientist,9.0,140000.0,Canada,Asian,Mid,Early_Career,Junior
2712,23.0,Female,Bachelor,Software Engineer,1.0,50000.0,China,Korean,Entry,Young,Junior
2713,32.0,Male,Master,Product Manager,7.0,110000.0,UK,Welsh,Mid,Early_Career,Senior
2714,25.0,Female,Master,Software Engineer,2.0,60000.0,USA,Asian,Entry,Young,Junior
2715,37.0,Male,Bachelor,Data Analyst,11.0,160000.0,Canada,Asian,Senior,Mid_Career,Junior
2716,28.0,Male,Bachelor,Software Engineer,4.0,75000.0,Canada,Black,Junior,Early_Career,Junior
2717,41.0,Female,PhD,Director Of Data Science,16.0,200000.0,Canada,Black,Senior,Mid_Career,Senior
2718,34.0,Male,Master,Data Analyst,8.0,100000.0,USA,Hispanic,Mid,Early_Career,Junior
2719,24.0,Female,Bachelor,Software Developer,2.0,55000.0,China,White,Entry,Young,Junior
2720,36.0,Male,PhD,Senior Data Scientist,12.0,170000.0,USA,White,Senior,Mid_Career,Senior
2721,30.0,Female,Bachelor,Software Engineer,5.0,90000.0,UK,Welsh,Junior,Early_Career,Junior
2722,29.0,Male,Bachelor,Front End Developer,4.0,80000.0,China,White,Junior,Early_Career,Junior
2723,42.0,Male,Master,Product Manager,14.0,180000.0,China,Korean,Senior,Mid_Career,Senior
2724,26.0,Male,Bachelor,Software Developer,2.0,60000.0,USA,White,Entry,Early_Career,Junior
2725,35.0,Female,Master,Data Analyst,9.0,120000.0,China,Chinese,Mid,Early_Career,Junior
2726,27.0,Female,Bachelor,Software Engineer,3.0,70000.0,Canada,Black,Junior,Early_Career,Junior
2727,48.0,Male,PhD,Director Of Data Science,18.0,210000.0,USA,White,Senior,Senior_Career,Senior
2728,34.0,Male,Master,Data Scientist,9.0,140000.0,Canada,Asian,Mid,Early_Career,Junior
2729,23.0,Female,Bachelor,Software Engineer,1.0,50000.0,China,Korean,Entry,Young,Junior
2730,32.0,Male,Master,Product Manager,7.0,110000.0,Australia,Asian,Mid,Early_Career,Senior
2731,25.0,Female,Master,Software Engineer,2.0,60000.0,Canada,White,Entry,Young,Junior
2732,37.0,Male,Bachelor,Data Analyst,11.0,160000.0,USA,African American,Senior,Mid_Career,Junior
2733,28.0,Male,Bachelor,Software Engineer,4.0,75000.0,Australia,Australian,Junior,Early_Career,Junior
2734,41.0,Female,PhD,Director Of Data Science,16.0,200000.0,UK,Mixed,Senior,Mid_Career,Senior
2735,34.0,Male,Master,Data Analyst,8.0,100000.0,USA,White,Mid,Early_Career,Junior
2736,24.0,Female,Bachelor,Software Developer,2.0,55000.0,Australia,Asian,Entry,Young,Junior
2737,36.0,Male,PhD,Senior Data Scientist,12.0,170000.0,China,Chinese,Senior,Mid_Career,Senior
2738,30.0,Female,Bachelor,Software Engineer,5.0,90000.0,USA,Hispanic,Junior,Early_Career,Junior
2739,29.0,Male,Bachelor,Front End Developer,4.0,80000.0,UK,Welsh,Junior,Early_Career,Junior
2740,42.0,Male,Master,Product Manager,14.0,180000.0,China,White,Senior,Mid_Career,Senior
2741,26.0,Male,Bachelor,Software Developer,2.0,60000.0,Canada,White,Entry,Early_Career,Junior
2742,35.0,Female,Master,Data Analyst,9.0,120000.0,Australia,Asian,Mid,Early_Career,Junior
2743,27.0,Female,Bachelor,Software Engineer,3.0,70000.0,China,Korean,Junior,Early_Career,Junior
2744,48.0,Male,PhD,Director Of Data Science,18.0,210000.0,Canada,Asian,Senior,Senior_Career,Senior
2745,34.0,Male,Master,Data Scientist,9.0,140000.0,China,Chinese,Mid,Early_Career,Junior
2746,23.0,Female,Bachelor,Software Engineer,1.0,50000.0,USA,Hispanic,Entry,Young,Junior
2747,32.0,Male,Master,Product Manager,7.0,110000.0,Canada,Asian,Mid,Early_Career,Senior
2748,25.0,Female,Master,Software Engineer,2.0,60000.0,USA,Hispanic,Entry,Young,Junior
2749,37.0,Male,Bachelor,Data Analyst,11.0,160000.0,USA,White,Senior,Mid_Career,Junior
2750,28.0,Male,Bachelor,Software Engineer,4.0,75000.0,Australia,Australian,Junior,Early_Career,Junior
2751,41.0,Female,PhD,Director Of Data Science,16.0,200000.0,UK,Mixed,Senior,Mid_Career,Senior
2752,34.0,Male,Master,Data Analyst,8.0,100000.0,China,Chinese,Mid,Early_Career,Junior
2753,24.0,Female,Bachelor,Software Developer,2.0,55000.0,China,Chinese,Entry,Young,Junior
2754,36.0,Male,PhD,Senior Data Scientist,12.0,170000.0,UK,White,Senior,Mid_Career,Senior
2755,30.0,Female,Bachelor,Software Engineer,5.0,90000.0,USA,African American,Junior,Early_Career,Junior
2756,29.0,Male,Bachelor,Front End Developer,4.0,80000.0,China,White,Junior,Early_Career,Junior
2757,42.0,Male,Master,Product Manager,14.0,180000.0,China,White,Senior,Mid_Career,Senior
2758,26.0,Male,Bachelor,Software Developer,2.0,60000.0,Australia,Australian,Entry,Early_Career,Junior
2759,35.0,Female,Master,Data Analyst,9.0,120000.0,China,Korean,Mid,Early_Career,Junior
2760,27.0,Female,Bachelor,Software Engineer,3.0,70000.0,China,White,Junior,Early_Career,Junior
2761,48.0,Male,PhD,Director Of Data Science,18.0,210000.0,UK,Welsh,Senior,Senior_Career,Senior
2762,34.0,Male,Master,Data Scientist,9.0,140000.0,UK,Welsh,Mid,Early_Career,Junior
2763,23.0,Female,Bachelor,Software Engineer,1.0,50000.0,Australia,White,Entry,Young,Junior
2764,32.0,Male,Master,Product Manager,7.0,110000.0,USA,African American,Mid,Early_Career,Senior
2765,25.0,Female,Master,Software Engineer,2.0,60000.0,UK,Asian,Entry,Young,Junior
2766,37.0,Male,Bachelor,Data Analyst,11.0,160000.0,USA,Asian,Senior,Mid_Career,Junior
2767,28.0,Male,Bachelor,Software Engineer,4.0,75000.0,USA,African American,Junior,Early_Career,Junior
2768,41.0,Female,PhD,Director Of Data Science,16.0,200000.0,China,Korean,Senior,Mid_Career,Senior
2769,34.0,Male,Master,Data Analyst,8.0,100000.0,China,Korean,Mid,Early_Career,Junior
2770,24.0,Female,Bachelor,Software Developer,2.0,55000.0,USA,African American,Entry,Young,Junior
2771,36.0,Male,PhD,Senior Data Scientist,12.0,170000.0,USA,African American,Senior,Mid_Career,Senior
2772,30.0,Female,Bachelor,Software Engineer,5.0,90000.0,China,Korean,Junior,Early_Career,Junior
2773,29.0,Male,Bachelor,Front End Developer,4.0,80000.0,USA,Hispanic,Junior,Early_Career,Junior
2774,42.0,Male,Master,Product Manager,14.0,180000.0,USA,Hispanic,Senior,Mid_Career,Senior
2775,26.0,Male,Bachelor,Software Developer,2.0,60000.0,Canada,Asian,Entry,Early_Career,Junior
2776,35.0,Female,Master,Data Analyst,9.0,120000.0,Canada,White,Mid,Early_Career,Junior
2777,27.0,Female,Bachelor,Software Engineer,3.0,70000.0,China,Chinese,Junior,Early_Career,Junior
2778,48.0,Male,PhD,Director Of Data Science,18.0,210000.0,Australia,White,Senior,Senior_Career,Senior
2779,29.0,Female,Bachelor,Full Stack Engineer,6.0,103579.0,China,Chinese,Mid,Early_Career,Junior
2780,45.0,Male,Master,Software Engineer Manager,19.0,163780.0,Canada,Asian,Senior,Mid_Career,Senior
2781,36.0,Male,Bachelor,Front End Developer,12.0,137878.0,Australia,Asian,Senior,Mid_Career,Junior
2782,30.0,Female,Master,Senior Project Engineer,4.0,92438.0,China,White,Junior,Early_Career,Senior
2783,28.0,Male,Master,Full Stack Engineer,5.0,84181.0,UK,Mixed,Junior,Early_Career,Junior
2784,46.0,Female,PhD,Software Engineer Manager,21.0,174821.0,China,White,Expert,Senior_Career,Senior
2785,34.0,Male,Bachelor,Back End Developer,10.0,126520.0,China,Korean,Mid,Early_Career,Junior
2786,44.0,Male,Master,Senior Software Engineer,18.0,152168.0,Australia,Australian,Senior,Mid_Career,Senior
2787,55.0,Female,PhD,Software Engineer Manager,29.0,190543.0,UK,Welsh,Expert,Senior_Career,Senior
2788,35.0,Male,Master,Full Stack Engineer,9.0,131547.0,UK,Welsh,Mid,Early_Career,Junior
2789,54.0,Male,Bachelor,Senior Project Engineer,28.0,192292.0,UK,Asian,Expert,Senior_Career,Senior
2790,23.0,Female,High School,Back End Developer,1.0,52807.0,UK,White,Entry,Young,Junior
2791,46.0,Male,Master,Senior Software Engineer,20.0,174938.0,USA,Hispanic,Senior,Senior_Career,Senior
2792,33.0,Female,Bachelor,Full Stack Engineer,8.0,124071.0,China,White,Mid,Early_Career,Junior
2793,26.0,Male,Master,Front End Developer,3.0,73640.0,USA,Asian,Junior,Early_Career,Junior
2794,43.0,Female,PhD,Software Engineer Manager,19.0,156486.0,China,White,Senior,Mid_Career,Senior
2795,36.0,Male,Master,Full Stack Engineer,11.0,138859.0,China,White,Senior,Mid_Career,Junior
2796,23.0,Female,Bachelor,Senior Project Engineer,0.0,52831.0,Canada,White,Entry,Young,Senior
2797,49.0,Male,Master,Software Engineer Manager,23.0,182392.0,USA,Hispanic,Expert,Senior_Career,Senior
2798,35.0,Female,Master,Full Stack Engineer,11.0,151078.0,Canada,Black,Senior,Early_Career,Junior
2799,31.0,Male,Bachelor,Back End Developer,8.0,100679.0,China,Chinese,Mid,Early_Career,Junior
2800,54.0,Other,High School,Senior Software Engineer,29.0,158966.0,Canada,Black,Expert,Senior_Career,Senior
2801,43.0,Male,Master,Full Stack Engineer,20.0,167924.0,Australia,Australian,Senior,Mid_Career,Junior
2802,33.0,Female,Master,Senior Project Engineer,10.0,113334.0,China,White,Mid,Early_Career,Senior
2803,52.0,Female,PhD,Software Engineer Manager,29.0,194778.0,Canada,White,Expert,Senior_Career,Senior
2804,28.0,Male,Bachelor,Full Stack Engineer,4.0,77606.0,China,Korean,Junior,Early_Career,Junior
2805,36.0,Female,Master,Senior Software Engineer,13.0,140010.0,China,White,Senior,Mid_Career,Senior
2806,43.0,Male,Bachelor,Senior Project Engineer,20.0,142421.0,USA,White,Senior,Mid_Career,Senior
2807,50.0,Female,Master,Full Stack Engineer,24.0,192756.0,China,Korean,Expert,Senior_Career,Junior
2808,24.0,Male,PhD,Software Engineer Manager,1.0,106686.0,Australia,Asian,Entry,Young,Senior
2809,52.0,Male,Master,Senior Software Engineer,27.0,186794.0,China,White,Expert,Senior_Career,Senior
2810,46.0,Female,Bachelor,Back End Developer,19.0,150729.0,Canada,White,Senior,Senior_Career,Junior
2811,38.0,Male,Master,Full Stack Engineer,15.0,171652.0,UK,White,Senior,Mid_Career,Junior
2812,29.0,Male,Bachelor,Senior Project Engineer,6.0,88552.0,USA,Asian,Mid,Early_Career,Senior
2813,33.0,Female,Master,Front End Developer,9.0,119918.0,USA,Asian,Mid,Early_Career,Junior
2814,47.0,Male,PhD,Software Engineer Manager,21.0,174985.0,China,Korean,Expert,Senior_Career,Senior
2815,45.0,Female,Master,Senior Software Engineer,23.0,174336.0,Canada,Asian,Expert,Mid_Career,Senior
2816,28.0,Male,Bachelor,Back End Developer,4.0,72389.0,Canada,White,Junior,Early_Career,Junior
2817,42.0,Female,Master,Full Stack Engineer,14.0,163978.0,China,Chinese,Senior,Mid_Career,Junior
2818,46.0,Male,Bachelor,Senior Project Engineer,25.0,166958.0,UK,Welsh,Expert,Senior_Career,Senior
2819,38.0,Female,PhD,Software Engineer Manager,15.0,145052.0,USA,Asian,Senior,Mid_Career,Senior
2820,54.0,Male,Master,Senior Software Engineer,32.0,195270.0,China,White,Expert,Senior_Career,Senior
2821,33.0,Female,Master,Full Stack Engineer,8.0,122970.0,Canada,White,Mid,Early_Career,Junior
2822,27.0,Male,High School,Back End Developer,4.0,80247.0,Australia,White,Junior,Early_Career,Junior
2823,50.0,Female,Bachelor,Senior Project Engineer,25.0,177862.0,UK,Mixed,Expert,Senior_Career,Senior
2824,26.0,Male,Master,Full Stack Engineer,4.0,91062.0,USA,African American,Junior,Early_Career,Junior
2825,31.0,Female,Master,Senior Software Engineer,6.0,114290.0,Australia,Asian,Mid,Early_Career,Senior
2826,35.0,Male,Bachelor,Front End Developer,10.0,128999.0,China,Korean,Mid,Early_Career,Junior
2827,44.0,Female,PhD,Software Engineer Manager,18.0,162454.0,China,White,Senior,Mid_Career,Senior
2828,32.0,Male,Master,Senior Project Engineer,8.0,122354.0,USA,African American,Mid,Early_Career,Senior
2829,54.0,Male,Bachelor,Full Stack Engineer,25.0,179756.0,UK,Welsh,Expert,Senior_Career,Junior
2830,26.0,Female,Master,Front End Developer,3.0,73218.0,Canada,White,Junior,Early_Career,Junior
2831,23.0,Male,PhD,Software Engineer Manager,0.0,52612.0,UK,Mixed,Entry,Young,Senior
2832,48.0,Female,Master,Senior Software Engineer,24.0,184480.0,Canada,Black,Expert,Senior_Career,Senior
2833,38.0,Male,Bachelor,Back End Developer,12.0,132442.0,UK,Welsh,Senior,Mid_Career,Junior
2834,30.0,Female,Master,Full Stack Engineer,5.0,102828.0,Australia,White,Junior,Early_Career,Junior
2835,40.0,Male,Master,Software Engineer Manager,16.0,150301.0,Canada,Asian,Senior,Mid_Career,Senior
2836,45.0,Female,Bachelor,Senior Project Engineer,22.0,171468.0,China,Korean,Expert,Mid_Career,Senior
2837,36.0,Male,Master,Full Stack Engineer,13.0,147326.0,UK,Asian,Senior,Mid_Career,Junior
2838,52.0,Male,PhD,Software Engineer Manager,26.0,185982.0,China,White,Expert,Senior_Career,Senior
2839,31.0,Female,Bachelor,Senior Software Engineer,7.0,108267.0,Canada,White,Mid,Early_Career,Senior
2840,26.0,Male,Master,Full Stack Engineer,4.0,91397.0,UK,Welsh,Junior,Early_Career,Junior
2841,30.0,Female,Master,Senior Project Engineer,5.0,100867.0,China,Chinese,Junior,Early_Career,Senior
2842,24.0,Male,Bachelor,Back End Developer,2.0,64182.0,China,White,Entry,Young,Junior
2843,45.0,Male,Master,Senior Software Engineer,22.0,182506.0,UK,Asian,Expert,Mid_Career,Senior
2844,33.0,Female,Master,Full Stack Engineer,9.0,136986.0,Australia,White,Mid,Early_Career,Junior
2845,38.0,Male,Bachelor,Front End Developer,11.0,136662.0,Australia,Australian,Senior,Mid_Career,Junior
2846,54.0,Female,PhD,Software Engineer Manager,32.0,191510.0,USA,White,Expert,Senior_Career,Senior
2847,42.0,Male,Master,Full Stack Engineer,19.0,177347.0,UK,Asian,Senior,Mid_Career,Junior
2848,28.0,Female,Bachelor,Senior Project Engineer,3.0,70397.0,USA,Hispanic,Junior,Early_Career,Senior
2849,34.0,Male,Master,Software Engineer Manager,9.0,146075.0,USA,White,Mid,Early_Career,Senior
2850,46.0,Female,Bachelor,Back End Developer,18.0,155795.0,UK,Mixed,Senior,Senior_Career,Junior
2851,35.0,Male,Master,Full Stack Engineer,9.0,132638.0,China,Korean,Mid,Early_Career,Junior
2852,49.0,Female,PhD,Software Engineer Manager,22.0,178684.0,UK,Welsh,Expert,Senior_Career,Senior
2853,32.0,Male,Bachelor,Senior Software Engineer,7.0,106218.0,USA,White,Mid,Early_Career,Senior
2854,54.0,Male,Master,Full Stack Engineer,28.0,191239.0,USA,African American,Expert,Senior_Career,Junior
2855,26.0,Female,Master,Front End Developer,2.0,65840.0,UK,Asian,Entry,Early_Career,Junior
2856,23.0,Male,PhD,Software Engineer Manager,0.0,52779.0,Canada,Asian,Entry,Young,Senior
2857,48.0,Female,Master,Senior Software Engineer,23.0,185038.0,Canada,Asian,Expert,Senior_Career,Senior
2858,38.0,Male,Bachelor,Back End Developer,14.0,136449.0,UK,White,Senior,Mid_Career,Junior
2859,30.0,Female,Master,Full Stack Engineer,6.0,110707.0,China,Korean,Mid,Early_Career,Junior
2860,40.0,Male,Master,Software Engineer Manager,17.0,151670.0,Canada,Black,Senior,Mid_Career,Senior
2861,45.0,Female,Bachelor,Senior Project Engineer,21.0,167015.0,UK,Asian,Expert,Mid_Career,Senior
2862,36.0,Male,Master,Full Stack Engineer,13.0,146508.0,USA,Hispanic,Senior,Mid_Career,Junior
2863,52.0,Male,PhD,Software Engineer Manager,27.0,190596.0,UK,Asian,Expert,Senior_Career,Senior
2864,31.0,Female,Bachelor,Senior Software Engineer,6.0,104378.0,UK,Welsh,Mid,Early_Career,Senior
2865,26.0,Male,Master,Full Stack Engineer,3.0,70216.0,USA,White,Junior,Early_Career,Junior
2866,30.0,Female,Master,Senior Project Engineer,5.0,101733.0,USA,White,Junior,Early_Career,Senior
2867,24.0,Male,Bachelor,Back End Developer,1.0,55935.0,UK,Asian,Entry,Young,Junior
2868,45.0,Male,Master,Senior Software Engineer,21.0,180367.0,China,Korean,Expert,Mid_Career,Senior
2869,33.0,Female,Master,Full Stack Engineer,9.0,135596.0,UK,Asian,Mid,Early_Career,Junior
2870,38.0,Male,Bachelor,Front End Developer,11.0,136062.0,USA,White,Senior,Mid_Career,Junior
2871,54.0,Female,PhD,Software Engineer Manager,32.0,191267.0,Australia,Asian,Expert,Senior_Career,Senior
2872,42.0,Male,Master,Full Stack Engineer,19.0,177347.0,UK,White,Senior,Mid_Career,Junior
2873,28.0,Female,Bachelor,Senior Project Engineer,3.0,70397.0,Australia,White,Junior,Early_Career,Senior
2874,34.0,Male,Master,Software Engineer Manager,9.0,146075.0,Australia,Australian,Mid,Early_Career,Senior
2875,46.0,Female,Bachelor,Back End Developer,18.0,155795.0,China,White,Senior,Senior_Career,Junior
2876,35.0,Male,Master,Full Stack Engineer,9.0,132638.0,China,White,Mid,Early_Career,Junior
2877,49.0,Female,PhD,Software Engineer Manager,22.0,178684.0,Canada,Asian,Expert,Senior_Career,Senior
2878,32.0,Male,Bachelor,Senior Software Engineer,7.0,106218.0,Australia,Australian,Mid,Early_Career,Senior
2879,54.0,Male,Master,Full Stack Engineer,28.0,191239.0,Australia,Australian,Expert,Senior_Career,Junior
2880,26.0,Female,Master,Front End Developer,2.0,65840.0,Canada,Black,Entry,Early_Career,Junior
2881,23.0,Male,PhD,Software Engineer Manager,0.0,52779.0,China,Korean,Entry,Young,Senior
2882,48.0,Female,Master,Senior Software Engineer,23.0,185038.0,USA,Hispanic,Expert,Senior_Career,Senior
2883,38.0,Male,Bachelor,Back End Developer,14.0,136449.0,China,Korean,Senior,Mid_Career,Junior
2884,30.0,Female,Master,Full Stack Engineer,6.0,110707.0,UK,Welsh,Mid,Early_Career,Junior
2885,40.0,Male,Master,Software Engineer Manager,17.0,151670.0,Canada,White,Senior,Mid_Career,Senior
2886,45.0,Female,Bachelor,Senior Project Engineer,21.0,167015.0,China,White,Expert,Mid_Career,Senior
2887,36.0,Male,Master,Full Stack Engineer,13.0,146508.0,Canada,White,Senior,Mid_Career,Junior
2888,52.0,Male,PhD,Software Engineer Manager,27.0,190596.0,USA,African American,Expert,Senior_Career,Senior
2889,31.0,Female,Bachelor,Senior Software Engineer,6.0,104378.0,USA,Asian,Mid,Early_Career,Senior
2890,26.0,Male,Master,Full Stack Engineer,3.0,70216.0,UK,Welsh,Junior,Early_Career,Junior
2891,30.0,Female,Master,Senior Project Engineer,5.0,101733.0,China,White,Junior,Early_Career,Senior
2892,24.0,Male,Bachelor,Back End Developer,1.0,55935.0,USA,Asian,Entry,Young,Junior
2893,45.0,Male,Master,Senior Software Engineer,21.0,180367.0,USA,White,Expert,Mid_Career,Senior
2894,33.0,Female,Master,Full Stack Engineer,9.0,135596.0,China,Korean,Mid,Early_Career,Junior
2895,38.0,Male,Bachelor,Front End Developer,11.0,136062.0,USA,Hispanic,Senior,Mid_Career,Junior
2896,54.0,Female,PhD,Software Engineer Manager,32.0,191267.0,USA,White,Expert,Senior_Career,Senior
2897,42.0,Male,Master,Full Stack Engineer,19.0,177347.0,China,Chinese,Senior,Mid_Career,Junior
2898,29.0,Female,Bachelor,Full Stack Engineer,6.0,103579.0,Canada,Black,Mid,Early_Career,Junior
2899,45.0,Male,Master,Software Engineer Manager,19.0,163780.0,UK,Welsh,Senior,Mid_Career,Senior
2900,36.0,Male,Bachelor,Front End Developer,12.0,137878.0,China,Chinese,Senior,Mid_Career,Junior
2901,30.0,Female,Master,Senior Project Engineer,4.0,92438.0,Canada,Black,Junior,Early_Career,Senior
2902,28.0,Male,Master,Full Stack Engineer,5.0,84181.0,Canada,Asian,Junior,Early_Career,Junior
2903,46.0,Female,PhD,Software Engineer Manager,21.0,174821.0,Canada,Asian,Expert,Senior_Career,Senior
2904,34.0,Male,Bachelor,Back End Developer,10.0,126520.0,China,Chinese,Mid,Early_Career,Junior
2905,44.0,Male,Master,Senior Software Engineer,18.0,152168.0,USA,White,Senior,Mid_Career,Senior
2906,55.0,Female,PhD,Software Engineer Manager,29.0,190543.0,China,Korean,Expert,Senior_Career,Senior
2907,35.0,Male,Master,Full Stack Engineer,9.0,131547.0,Canada,Asian,Mid,Early_Career,Junior
2908,54.0,Male,Bachelor,Senior Project Engineer,28.0,192292.0,USA,African American,Expert,Senior_Career,Senior
2909,23.0,Female,High School,Back End Developer,1.0,52807.0,UK,White,Entry,Young,Junior
2910,46.0,Male,Master,Senior Software Engineer,20.0,174938.0,USA,African American,Senior,Senior_Career,Senior
2911,33.0,Female,Bachelor,Full Stack Engineer,8.0,124071.0,USA,Hispanic,Mid,Early_Career,Junior
2912,26.0,Male,Master,Front End Developer,3.0,73640.0,Canada,White,Junior,Early_Career,Junior
2913,43.0,Female,PhD,Software Engineer Manager,19.0,156486.0,Australia,Asian,Senior,Mid_Career,Senior
2914,36.0,Male,Master,Full Stack Engineer,11.0,138859.0,USA,White,Senior,Mid_Career,Junior
2915,23.0,Female,Bachelor,Senior Project Engineer,0.0,52831.0,China,White,Entry,Young,Senior
2916,49.0,Male,Master,Software Engineer Manager,23.0,182392.0,USA,Asian,Expert,Senior_Career,Senior
2917,35.0,Female,Master,Full Stack Engineer,11.0,151078.0,USA,Asian,Senior,Early_Career,Junior
2918,31.0,Male,Bachelor,Back End Developer,8.0,100679.0,USA,White,Mid,Early_Career,Junior
2919,54.0,Other,High School,Senior Software Engineer,29.0,158966.0,Canada,Black,Expert,Senior_Career,Senior
2920,43.0,Male,Master,Full Stack Engineer,20.0,167924.0,Canada,Black,Senior,Mid_Career,Junior
2921,33.0,Female,Master,Senior Project Engineer,10.0,113334.0,Canada,Asian,Mid,Early_Career,Senior
2922,52.0,Female,PhD,Software Engineer Manager,29.0,194778.0,Canada,Asian,Expert,Senior_Career,Senior
2923,28.0,Male,Bachelor,Full Stack Engineer,4.0,77606.0,USA,White,Junior,Early_Career,Junior
2924,36.0,Female,Master,Senior Software Engineer,13.0,140010.0,Australia,White,Senior,Mid_Career,Senior
2925,43.0,Male,Bachelor,Senior Project Engineer,20.0,142421.0,Canada,Black,Senior,Mid_Career,Senior
2926,50.0,Female,Master,Full Stack Engineer,24.0,192756.0,Canada,Asian,Expert,Senior_Career,Junior
2927,24.0,Male,PhD,Software Engineer Manager,1.0,106686.0,USA,White,Entry,Young,Senior
2928,52.0,Male,Master,Senior Software Engineer,27.0,186794.0,China,Korean,Expert,Senior_Career,Senior
2929,46.0,Female,Bachelor,Back End Developer,19.0,150729.0,Australia,Asian,Senior,Senior_Career,Junior
2930,38.0,Male,Master,Full Stack Engineer,15.0,171652.0,Australia,Asian,Senior,Mid_Career,Junior
2931,29.0,Male,Bachelor,Senior Project Engineer,6.0,88552.0,Canada,Black,Mid,Early_Career,Senior
2932,33.0,Female,Master,Front End Developer,9.0,119918.0,Australia,White,Mid,Early_Career,Junior
2933,47.0,Male,PhD,Software Engineer Manager,21.0,174985.0,Australia,Asian,Expert,Senior_Career,Senior
2934,45.0,Female,Master,Senior Software Engineer,23.0,174336.0,USA,Hispanic,Expert,Mid_Career,Senior
2935,28.0,Male,Bachelor,Back End Developer,4.0,72389.0,UK,Mixed,Junior,Early_Career,Junior
2936,42.0,Female,Master,Full Stack Engineer,14.0,163978.0,USA,Hispanic,Senior,Mid_Career,Junior
2937,46.0,Male,Bachelor,Senior Project Engineer,25.0,166958.0,Australia,White,Expert,Senior_Career,Senior
2938,38.0,Female,PhD,Software Engineer Manager,15.0,145052.0,Australia,Australian,Senior,Mid_Career,Senior
2939,54.0,Male,Master,Senior Software Engineer,32.0,195270.0,UK,Asian,Expert,Senior_Career,Senior
2940,33.0,Female,Master,Full Stack Engineer,8.0,122970.0,Australia,White,Mid,Early_Career,Junior
2941,27.0,Male,High School,Back End Developer,4.0,80247.0,UK,Asian,Junior,Early_Career,Junior
2942,50.0,Female,Bachelor,Senior Project Engineer,25.0,177862.0,USA,African American,Expert,Senior_Career,Senior
2943,26.0,Male,Master,Full Stack Engineer,4.0,91062.0,Canada,Black,Junior,Early_Career,Junior
2944,31.0,Female,Master,Senior Software Engineer,6.0,114290.0,Australia,White,Mid,Early_Career,Senior
2945,35.0,Male,Bachelor,Front End Developer,10.0,128999.0,Canada,Black,Mid,Early_Career,Junior
2946,44.0,Female,PhD,Software Engineer Manager,18.0,162454.0,UK,Welsh,Senior,Mid_Career,Senior
2947,32.0,Male,Master,Senior Project Engineer,8.0,122354.0,China,Korean,Mid,Early_Career,Senior
2948,54.0,Male,Bachelor,Full Stack Engineer,25.0,179756.0,USA,African American,Expert,Senior_Career,Junior
2949,26.0,Female,Master,Front End Developer,3.0,73218.0,USA,Hispanic,Junior,Early_Career,Junior
2950,23.0,Male,PhD,Software Engineer Manager,0.0,52612.0,USA,African American,Entry,Young,Senior
2951,48.0,Female,Master,Senior Software Engineer,24.0,184480.0,Australia,White,Expert,Senior_Career,Senior
2952,38.0,Male,Bachelor,Back End Developer,12.0,132442.0,UK,Asian,Senior,Mid_Career,Junior
2953,30.0,Female,Master,Full Stack Engineer,5.0,102828.0,Canada,White,Junior,Early_Career,Junior
2954,40.0,Male,Master,Software Engineer Manager,16.0,150301.0,Australia,Australian,Senior,Mid_Career,Senior
2955,45.0,Female,Bachelor,Senior Project Engineer,22.0,171468.0,Australia,Asian,Expert,Mid_Career,Senior
2956,36.0,Male,Master,Full Stack Engineer,13.0,147326.0,China,White,Senior,Mid_Career,Junior
2957,52.0,Male,PhD,Software Engineer Manager,26.0,185982.0,China,Chinese,Expert,Senior_Career,Senior
2958,31.0,Female,Bachelor,Senior Software Engineer,7.0,108267.0,UK,Welsh,Mid,Early_Career,Senior
2959,26.0,Male,Master,Full Stack Engineer,4.0,91397.0,Australia,Australian,Junior,Early_Career,Junior
2960,30.0,Female,Master,Senior Project Engineer,5.0,100867.0,Australia,Australian,Junior,Early_Career,Senior
2961,24.0,Male,Bachelor,Back End Developer,2.0,64182.0,USA,Hispanic,Entry,Young,Junior
2962,45.0,Male,Master,Senior Software Engineer,22.0,182506.0,UK,White,Expert,Mid_Career,Senior
2963,33.0,Female,Master,Full Stack Engineer,9.0,136986.0,UK,Mixed,Mid,Early_Career,Junior
2964,38.0,Male,Bachelor,Front End Developer,11.0,136662.0,Australia,White,Senior,Mid_Career,Junior
2965,54.0,Female,PhD,Software Engineer Manager,32.0,191510.0,UK,Welsh,Expert,Senior_Career,Senior
2966,42.0,Male,Master,Full Stack Engineer,19.0,177347.0,Canada,Asian,Senior,Mid_Career,Junior
2967,28.0,Female,Bachelor,Senior Project Engineer,3.0,70397.0,USA,Asian,Junior,Early_Career,Senior
2968,34.0,Male,Master,Software Engineer Manager,9.0,146075.0,China,White,Mid,Early_Career,Senior
2969,46.0,Female,Bachelor,Back End Developer,18.0,155795.0,Canada,Asian,Senior,Senior_Career,Junior
2970,35.0,Male,Master,Full Stack Engineer,9.0,132638.0,China,Korean,Mid,Early_Career,Junior
2971,49.0,Female,PhD,Software Engineer Manager,22.0,178684.0,Australia,White,Expert,Senior_Career,Senior
2972,32.0,Male,Bachelor,Senior Software Engineer,7.0,106218.0,Australia,Asian,Mid,Early_Career,Senior
2973,54.0,Male,Master,Full Stack Engineer,28.0,191239.0,Canada,White,Expert,Senior_Career,Junior
2974,26.0,Female,Master,Front End Developer,2.0,65840.0,USA,Asian,Entry,Early_Career,Junior
2975,23.0,Male,PhD,Software Engineer Manager,0.0,52779.0,UK,Asian,Entry,Young,Senior
2976,48.0,Female,Master,Senior Software Engineer,23.0,185038.0,Australia,Asian,Expert,Senior_Career,Senior
2977,38.0,Male,Bachelor,Back End Developer,14.0,136449.0,China,Korean,Senior,Mid_Career,Junior
2978,30.0,Female,Master,Full Stack Engineer,6.0,110707.0,China,Chinese,Mid,Early_Career,Junior
2979,40.0,Male,Master,Software Engineer Manager,17.0,151670.0,USA,African American,Senior,Mid_Career,Senior
2980,45.0,Female,Bachelor,Senior Project Engineer,21.0,167015.0,UK,White,Expert,Mid_Career,Senior
2981,36.0,Male,Master,Full Stack Engineer,13.0,146508.0,Australia,Asian,Senior,Mid_Career,Junior
2982,52.0,Male,PhD,Software Engineer Manager,27.0,190596.0,China,Chinese,Expert,Senior_Career,Senior
2983,31.0,Female,Bachelor,Senior Software Engineer,6.0,104378.0,USA,African American,Mid,Early_Career,Senior
2984,26.0,Male,Master,Full Stack Engineer,3.0,70216.0,China,Korean,Junior,Early_Career,Junior
2985,30.0,Female,Master,Senior Project Engineer,5.0,101733.0,China,Chinese,Junior,Early_Career,Senior
2986,24.0,Male,Bachelor,Back End Developer,1.0,55935.0,UK,White,Entry,Young,Junior
2987,45.0,Male,Master,Senior Software Engineer,21.0,180367.0,UK,Asian,Expert,Mid_Career,Senior
2988,33.0,Female,Master,Full Stack Engineer,9.0,135596.0,UK,Welsh,Mid,Early_Career,Junior
2989,38.0,Male,Bachelor,Front End Developer,11.0,136062.0,UK,Asian,Senior,Mid_Career,Junior
2990,54.0,Female,PhD,Software Engineer Manager,32.0,191267.0,Australia,White,Expert,Senior_Career,Senior
2991,42.0,Male,Master,Full Stack Engineer,19.0,177347.0,UK,Asian,Senior,Mid_Career,Junior
2992,28.0,Female,Bachelor,Senior Project Engineer,3.0,70397.0,China,Korean,Junior,Early_Career,Senior
2993,34.0,Male,Master,Software Engineer Manager,9.0,146075.0,USA,Hispanic,Mid,Early_Career,Senior
2994,46.0,Female,Bachelor,Back End Developer,18.0,155795.0,USA,White,Senior,Senior_Career,Junior
2995,35.0,Male,Master,Full Stack Engineer,9.0,132638.0,UK,White,Mid,Early_Career,Junior
2996,49.0,Female,PhD,Software Engineer Manager,22.0,178684.0,China,Chinese,Expert,Senior_Career,Senior
2997,32.0,Male,Bachelor,Senior Software Engineer,7.0,106218.0,Canada,White,Mid,Early_Career,Senior
2998,54.0,Male,Master,Full Stack Engineer,28.0,191239.0,Australia,Australian,Expert,Senior_Career,Junior
2999,26.0,Female,Master,Front End Developer,2.0,65840.0,Australia,Australian,Entry,Early_Career,Junior
3000,23.0,Male,PhD,Software Engineer Manager,0.0,52779.0,Australia,White,Entry,Young,Senior
3001,48.0,Female,Master,Senior Software Engineer,23.0,185038.0,USA,White,Expert,Senior_Career,Senior
3002,38.0,Male,Bachelor,Back End Developer,14.0,136449.0,Canada,White,Senior,Mid_Career,Junior
3003,30.0,Female,Master,Full Stack Engineer,6.0,110707.0,Canada,Asian,Mid,Early_Career,Junior
3004,40.0,Male,Master,Software Engineer Manager,17.0,151670.0,USA,African American,Senior,Mid_Career,Senior
3005,45.0,Female,Bachelor,Senior Project Engineer,21.0,167015.0,Canada,White,Expert,Mid_Career,Senior
3006,36.0,Male,Master,Full Stack Engineer,13.0,146508.0,China,Korean,Senior,Mid_Career,Junior
3007,52.0,Male,PhD,Software Engineer Manager,27.0,190596.0,USA,African American,Expert,Senior_Career,Senior
3008,31.0,Female,Bachelor,Senior Software Engineer,6.0,104378.0,USA,Asian,Mid,Early_Career,Senior
3009,26.0,Male,Master,Full Stack Engineer,3.0,70216.0,USA,African American,Junior,Early_Career,Junior
3010,30.0,Female,Master,Senior Project Engineer,5.0,101733.0,Australia,Australian,Junior,Early_Career,Senior
3011,24.0,Male,Bachelor,Back End Developer,1.0,55935.0,China,Korean,Entry,Young,Junior
3012,45.0,Male,Master,Senior Software Engineer,21.0,180367.0,UK,Mixed,Expert,Mid_Career,Senior
3013,33.0,Female,Master,Full Stack Engineer,9.0,135596.0,Australia,Australian,Mid,Early_Career,Junior
3014,38.0,Male,Bachelor,Front End Developer,11.0,136062.0,China,White,Senior,Mid_Career,Junior
3015,54.0,Female,PhD,Software Engineer Manager,32.0,191267.0,Australia,Australian,Expert,Senior_Career,Senior
3016,42.0,Male,Master,Full Stack Engineer,19.0,177347.0,Australia,White,Senior,Mid_Career,Junior
3017,29.0,Female,Bachelor,Full Stack Engineer,6.0,103579.0,Australia,Australian,Mid,Early_Career,Junior
3018,45.0,Male,Master,Software Engineer Manager,19.0,163780.0,China,Korean,Senior,Mid_Career,Senior
3019,36.0,Male,Bachelor,Front End Developer,12.0,137878.0,UK,Mixed,Senior,Mid_Career,Junior
3020,30.0,Female,Master,Senior Project Engineer,4.0,92438.0,USA,Hispanic,Junior,Early_Career,Senior
3021,28.0,Male,Master,Full Stack Engineer,5.0,84181.0,UK,White,Junior,Early_Career,Junior
3022,46.0,Female,PhD,Software Engineer Manager,21.0,174821.0,UK,White,Expert,Senior_Career,Senior
3023,34.0,Male,Bachelor,Back End Developer,10.0,126520.0,USA,African American,Mid,Early_Career,Junior
3024,44.0,Male,Master,Senior Software Engineer,18.0,152168.0,UK,Welsh,Senior,Mid_Career,Senior
3025,55.0,Female,PhD,Software Engineer Manager,29.0,190543.0,USA,White,Expert,Senior_Career,Senior
3026,35.0,Male,Master,Full Stack Engineer,9.0,131547.0,China,Chinese,Mid,Early_Career,Junior
3027,54.0,Male,Bachelor,Senior Project Engineer,28.0,192292.0,UK,Mixed,Expert,Senior_Career,Senior
3028,23.0,Female,High School,Back End Developer,1.0,52807.0,Australia,White,Entry,Young,Junior
3029,46.0,Male,Master,Senior Software Engineer,20.0,174938.0,China,White,Senior,Senior_Career,Senior
3030,33.0,Female,Bachelor,Full Stack Engineer,8.0,124071.0,China,Korean,Mid,Early_Career,Junior
3031,26.0,Male,Master,Front End Developer,3.0,73640.0,UK,Asian,Junior,Early_Career,Junior
3032,43.0,Female,PhD,Software Engineer Manager,19.0,156486.0,USA,African American,Senior,Mid_Career,Senior
3033,36.0,Male,Master,Full Stack Engineer,11.0,138859.0,Canada,White,Senior,Mid_Career,Junior
3034,23.0,Female,Bachelor,Senior Project Engineer,0.0,52831.0,USA,Asian,Entry,Young,Senior
3035,49.0,Male,Master,Software Engineer Manager,23.0,182392.0,UK,Asian,Expert,Senior_Career,Senior
3036,35.0,Female,Master,Full Stack Engineer,11.0,151078.0,Canada,White,Senior,Early_Career,Junior
3037,31.0,Male,Bachelor,Back End Developer,8.0,100679.0,Canada,White,Mid,Early_Career,Junior
3038,54.0,Other,High School,Senior Software Engineer,29.0,158966.0,UK,Asian,Expert,Senior_Career,Senior
3039,43.0,Male,Master,Full Stack Engineer,20.0,167924.0,UK,Asian,Senior,Mid_Career,Junior
3040,33.0,Female,Master,Senior Project Engineer,10.0,113334.0,Canada,White,Mid,Early_Career,Senior
3041,52.0,Female,PhD,Software Engineer Manager,29.0,194778.0,UK,Welsh,Expert,Senior_Career,Senior
3042,28.0,Male,Bachelor,Full Stack Engineer,4.0,77606.0,UK,Mixed,Junior,Early_Career,Junior
3043,36.0,Female,Master,Senior Software Engineer,13.0,140010.0,USA,Asian,Senior,Mid_Career,Senior
3044,43.0,Male,Bachelor,Senior Project Engineer,20.0,142421.0,Canada,Black,Senior,Mid_Career,Senior
3045,50.0,Female,Master,Full Stack Engineer,24.0,192756.0,Canada,Asian,Expert,Senior_Career,Junior
3046,24.0,Male,PhD,Software Engineer Manager,1.0,106686.0,Australia,Asian,Entry,Young,Senior
3047,52.0,Male,Master,Senior Software Engineer,27.0,186794.0,China,White,Expert,Senior_Career,Senior
3048,46.0,Female,Bachelor,Back End Developer,19.0,150729.0,USA,Asian,Senior,Senior_Career,Junior
3049,38.0,Male,Master,Full Stack Engineer,15.0,171652.0,UK,Welsh,Senior,Mid_Career,Junior
3050,29.0,Male,Bachelor,Senior Project Engineer,6.0,88552.0,USA,Hispanic,Mid,Early_Career,Senior
3051,33.0,Female,Master,Front End Developer,9.0,119918.0,USA,Asian,Mid,Early_Career,Junior
3052,47.0,Male,PhD,Software Engineer Manager,21.0,174985.0,UK,Mixed,Expert,Senior_Career,Senior
3053,45.0,Female,Master,Senior Software Engineer,23.0,174336.0,Australia,Asian,Expert,Mid_Career,Senior
3054,28.0,Male,Bachelor,Back End Developer,4.0,72389.0,China,Chinese,Junior,Early_Career,Junior
3055,42.0,Female,Master,Full Stack Engineer,14.0,163978.0,Canada,Black,Senior,Mid_Career,Junior
3056,46.0,Male,Bachelor,Senior Project Engineer,25.0,166958.0,UK,Asian,Expert,Senior_Career,Senior
3057,38.0,Female,PhD,Software Engineer Manager,15.0,145052.0,UK,Welsh,Senior,Mid_Career,Senior
3058,54.0,Male,Master,Senior Software Engineer,32.0,195270.0,Canada,Asian,Expert,Senior_Career,Senior
3059,33.0,Female,Master,Full Stack Engineer,8.0,122970.0,Australia,White,Mid,Early_Career,Junior
3060,27.0,Male,High School,Back End Developer,4.0,80247.0,Australia,Australian,Junior,Early_Career,Junior
3061,50.0,Female,Bachelor,Senior Project Engineer,25.0,177862.0,Canada,White,Expert,Senior_Career,Senior
3062,26.0,Male,Master,Full Stack Engineer,4.0,91062.0,China,Korean,Junior,Early_Career,Junior
3063,31.0,Female,Master,Senior Software Engineer,6.0,114290.0,Canada,Asian,Mid,Early_Career,Senior
3064,35.0,Male,Bachelor,Front End Developer,10.0,128999.0,USA,Asian,Mid,Early_Career,Junior
3065,44.0,Female,PhD,Software Engineer Manager,18.0,162454.0,USA,African American,Senior,Mid_Career,Senior
3066,32.0,Male,Master,Senior Project Engineer,8.0,122354.0,Canada,White,Mid,Early_Career,Senior
3067,54.0,Male,Bachelor,Full Stack Engineer,25.0,179756.0,UK,Mixed,Expert,Senior_Career,Junior
3068,26.0,Female,Master,Front End Developer,3.0,73218.0,Canada,White,Junior,Early_Career,Junior
3069,23.0,Male,PhD,Software Engineer Manager,0.0,52612.0,UK,White,Entry,Young,Senior
3070,48.0,Female,Master,Senior Software Engineer,23.0,185038.0,Canada,White,Expert,Senior_Career,Senior
3071,38.0,Male,Bachelor,Back End Developer,12.0,132442.0,UK,Asian,Senior,Mid_Career,Junior
3072,30.0,Female,Master,Full Stack Engineer,5.0,102828.0,USA,Hispanic,Junior,Early_Career,Junior
3073,40.0,Male,Master,Software Engineer Manager,16.0,150301.0,Canada,Black,Senior,Mid_Career,Senior
3074,45.0,Female,Bachelor,Senior Project Engineer,22.0,171468.0,Canada,Black,Expert,Mid_Career,Senior
3075,36.0,Male,Master,Full Stack Engineer,13.0,147326.0,Australia,Australian,Senior,Mid_Career,Junior
3076,52.0,Male,PhD,Software Engineer Manager,26.0,185982.0,Canada,Asian,Expert,Senior_Career,Senior
3077,31.0,Female,Bachelor,Senior Software Engineer,7.0,108267.0,Australia,Australian,Mid,Early_Career,Senior
3078,26.0,Male,Master,Full Stack Engineer,3.0,91397.0,Canada,Black,Junior,Early_Career,Junior
3079,30.0,Female,Master,Senior Project Engineer,5.0,100867.0,Canada,Black,Junior,Early_Career,Senior
3080,24.0,Male,Bachelor,Back End Developer,2.0,64182.0,UK,Asian,Entry,Young,Junior
3081,45.0,Male,Master,Senior Software Engineer,22.0,182506.0,USA,African American,Expert,Mid_Career,Senior
3082,33.0,Female,Master,Full Stack Engineer,9.0,136986.0,Australia,Asian,Mid,Early_Career,Junior
3083,38.0,Male,Bachelor,Front End Developer,11.0,136662.0,USA,Hispanic,Senior,Mid_Career,Junior
3084,54.0,Female,PhD,Software Engineer Manager,32.0,191510.0,China,Chinese,Expert,Senior_Career,Senior
3085,42.0,Male,Master,Full Stack Engineer,19.0,177347.0,UK,Welsh,Senior,Mid_Career,Junior
3086,28.0,Female,Bachelor,Senior Project Engineer,4.0,82944.0,China,Chinese,Junior,Early_Career,Senior
3087,48.0,Male,PhD,Software Engineer Manager,23.0,188288.0,Canada,Black,Expert,Senior_Career,Senior
3088,36.0,Female,Master,Senior Software Engineer,14.0,141090.0,UK,Mixed,Senior,Mid_Career,Senior
3089,43.0,Male,Bachelor,Full Stack Engineer,19.0,152726.0,Australia,Australian,Senior,Mid_Career,Junior
3090,33.0,Female,Master,Back End Developer,9.0,124141.0,Australia,Australian,Mid,Early_Career,Junior
3091,26.0,Male,Bachelor,Front End Developer,3.0,67556.0,Canada,Asian,Junior,Early_Career,Junior
3092,50.0,Female,Master,Senior Project Engineer,22.0,182768.0,China,Chinese,Expert,Senior_Career,Senior
3093,41.0,Male,PhD,Software Engineer Manager,15.0,148727.0,UK,Asian,Senior,Mid_Career,Senior
3094,29.0,Female,Bachelor,Full Stack Engineer,6.0,91903.0,USA,Asian,Mid,Early_Career,Junior
3095,38.0,Male,Master,Senior Software Engineer,14.0,147708.0,USA,White,Senior,Mid_Career,Senior
3096,48.0,Female,Bachelor,Senior Project Engineer,21.0,163209.0,Australia,Australian,Expert,Senior_Career,Senior
3097,31.0,Male,Master,Full Stack Engineer,8.0,120288.0,China,White,Mid,Early_Career,Junior
3098,45.0,Male,PhD,Software Engineer Manager,21.0,170226.0,UK,Welsh,Expert,Mid_Career,Senior
3099,35.0,Female,Master,Senior Software Engineer,11.0,134979.0,China,Chinese,Senior,Early_Career,Senior
3100,42.0,Male,Bachelor,Back End Developer,16.0,137489.0,UK,Mixed,Senior,Mid_Career,Junior
3101,27.0,Female,Master,Full Stack Engineer,4.0,83577.0,China,Korean,Junior,Early_Career,Junior
3102,33.0,Male,Bachelor,Front End Developer,9.0,117904.0,Canada,White,Mid,Early_Career,Junior
3103,36.0,Female,Master,Senior Project Engineer,11.0,134482.0,China,Korean,Senior,Mid_Career,Senior
3104,54.0,Male,PhD,Software Engineer Manager,30.0,184660.0,Australia,Australian,Expert,Senior_Career,Senior
3105,30.0,Female,Bachelor,Senior Software Engineer,5.0,100151.0,UK,Mixed,Junior,Early_Career,Senior
3106,26.0,Male,Master,Full Stack Engineer,3.0,88678.0,USA,Asian,Junior,Early_Career,Junior
3107,45.0,Female,PhD,Senior Project Engineer,21.0,181285.0,Canada,White,Expert,Mid_Career,Senior
3108,38.0,Male,Master,Software Engineer Manager,16.0,154990.0,USA,White,Senior,Mid_Career,Senior
3109,31.0,Female,Bachelor,Full Stack Engineer,7.0,108204.0,Canada,Black,Mid,Early_Career,Junior
3110,42.0,Male,Master,Senior Software Engineer,19.0,175684.0,Canada,Black,Senior,Mid_Career,Senior
3111,28.0,Female,Bachelor,Back End Developer,5.0,77766.0,USA,Hispanic,Junior,Early_Career,Junior
3112,48.0,Male,PhD,Software Engineer Manager,24.0,192211.0,China,Chinese,Expert,Senior_Career,Senior
3113,36.0,Female,Master,Full Stack Engineer,13.0,144647.0,Canada,Black,Senior,Mid_Career,Junior
3114,43.0,Male,Bachelor,Senior Project Engineer,20.0,162231.0,China,Chinese,Senior,Mid_Career,Senior
3115,33.0,Female,Master,Front End Developer,9.0,121120.0,Canada,Asian,Mid,Early_Career,Junior
3116,26.0,Male,Bachelor,Full Stack Engineer,4.0,79652.0,Canada,White,Junior,Early_Career,Junior
3117,50.0,Female,Master,Senior Software Engineer,21.0,177002.0,Canada,Black,Expert,Senior_Career,Senior
3118,27.0,Male,Master,Back End Developer,5.0,87584.0,UK,White,Junior,Early_Career,Junior
3119,38.0,Female,Bachelor,Senior Project Engineer,13.0,131860.0,China,Chinese,Senior,Mid_Career,Senior
3120,54.0,Male,PhD,Software Engineer Manager,28.0,182013.0,USA,African American,Expert,Senior_Career,Senior
3121,31.0,Female,Master,Full Stack Engineer,7.0,108799.0,China,White,Mid,Early_Career,Junior
3122,36.0,Male,Bachelor,Senior Software Engineer,13.0,135378.0,Canada,Black,Senior,Mid_Career,Senior
3123,45.0,Female,Master,Software Engineer Manager,22.0,183530.0,USA,Asian,Expert,Mid_Career,Senior
3124,42.0,Male,Bachelor,Back End Developer,18.0,150901.0,UK,Welsh,Senior,Mid_Career,Junior
3125,28.0,Female,Master,Full Stack Engineer,4.0,82697.0,UK,White,Junior,Early_Career,Junior
3126,48.0,Male,PhD,Senior Software Engineer,26.0,194638.0,UK,Asian,Expert,Senior_Career,Senior
3127,36.0,Female,Master,Senior Project Engineer,12.0,130356.0,Australia,Asian,Senior,Mid_Career,Senior
3128,43.0,Male,Bachelor,Full Stack Engineer,18.0,152560.0,Australia,Australian,Senior,Mid_Career,Junior
3129,33.0,Female,Master,Front End Developer,9.0,121432.0,Canada,White,Mid,Early_Career,Junior
3130,26.0,Male,Bachelor,Back End Developer,2.0,63789.0,Canada,Black,Entry,Early_Career,Junior
3131,50.0,Female,Master,Senior Software Engineer,23.0,183690.0,China,Korean,Expert,Senior_Career,Senior
3132,41.0,Male,PhD,Software Engineer Manager,16.0,151310.0,Australia,Asian,Senior,Mid_Career,Senior
3133,29.0,Female,Bachelor,Full Stack Engineer,6.0,100358.0,Canada,White,Mid,Early_Career,Junior
3134,38.0,Male,Master,Senior Software Engineer,15.0,148437.0,UK,White,Senior,Mid_Career,Senior
3135,48.0,Female,Bachelor,Senior Project Engineer,22.0,168691.0,Australia,Asian,Expert,Senior_Career,Senior
3136,31.0,Male,Master,Full Stack Engineer,8.0,115000.0,Canada,White,Mid,Early_Career,Junior
3137,28.0,Male,Bachelor,Software Developer,1.0,50000.0,USA,White,Entry,Early_Career,Junior
3138,32.0,Female,Master,Product Manager,5.0,100000.0,Australia,Asian,Junior,Early_Career,Senior
3139,26.0,Male,Bachelor,Software Engineer,2.0,60000.0,Canada,White,Entry,Early_Career,Junior
3140,33.0,Female,Master,Data Analyst,6.0,90000.0,USA,African American,Mid,Early_Career,Junior
3141,29.0,Male,Bachelor,Front End Developer,3.0,70000.0,USA,African American,Junior,Early_Career,Junior
3142,42.0,Male,PhD,Director Of Data Science,12.0,170000.0,Australia,White,Senior,Mid_Career,Senior
3143,36.0,Female,Master,Data Scientist,8.0,130000.0,Canada,White,Mid,Mid_Career,Junior
3144,27.0,Male,Bachelor,Software Developer,1.0,50000.0,China,Chinese,Entry,Early_Career,Junior
3145,34.0,Female,Master,Product Manager,7.0,120000.0,Australia,Asian,Mid,Early_Career,Senior
3146,29.0,Male,Bachelor,Software Engineer,4.0,80000.0,Australia,Australian,Junior,Early_Career,Junior
3147,41.0,Female,PhD,Senior Data Scientist,16.0,200000.0,Canada,White,Senior,Mid_Career,Senior
3148,34.0,Male,Master,Data Analyst,8.0,100000.0,USA,Hispanic,Mid,Early_Career,Junior
3149,24.0,Female,Bachelor,Software Developer,2.0,55000.0,Canada,Asian,Entry,Young,Junior
3150,36.0,Male,PhD,Director Of Data Science,12.0,170000.0,USA,White,Senior,Mid_Career,Senior
3151,30.0,Female,Bachelor,Software Engineer,5.0,90000.0,Canada,Asian,Junior,Early_Career,Junior
3152,29.0,Male,Bachelor,Front End Developer,4.0,80000.0,Australia,Asian,Junior,Early_Career,Junior
3153,42.0,Male,Master,Product Manager,14.0,180000.0,Australia,White,Senior,Mid_Career,Senior
3154,26.0,Male,Bachelor,Software Developer,2.0,60000.0,USA,African American,Entry,Early_Career,Junior
3155,35.0,Female,Master,Data Analyst,9.0,120000.0,Australia,White,Mid,Early_Career,Junior
3156,27.0,Female,Bachelor,Software Engineer,3.0,70000.0,Canada,White,Junior,Early_Career,Junior
3157,48.0,Male,PhD,Director Of Data Science,18.0,210000.0,UK,Mixed,Senior,Senior_Career,Senior
3158,34.0,Male,Master,Data Scientist,9.0,140000.0,Canada,White,Mid,Early_Career,Junior
3159,23.0,Female,Bachelor,Software Engineer,1.0,50000.0,Australia,Asian,Entry,Young,Junior
3160,32.0,Male,Master,Product Manager,7.0,110000.0,Canada,Black,Mid,Early_Career,Senior
3161,25.0,Female,Master,Software Engineer,2.0,60000.0,Australia,Asian,Entry,Young,Junior
3162,37.0,Male,Bachelor,Data Analyst,11.0,160000.0,UK,White,Senior,Mid_Career,Junior
3163,28.0,Male,Bachelor,Software Engineer,4.0,75000.0,China,White,Junior,Early_Career,Junior
3164,41.0,Female,PhD,Director Of Data Science,16.0,200000.0,Australia,White,Senior,Mid_Career,Senior
3165,34.0,Male,Master,Data Analyst,8.0,100000.0,USA,African American,Mid,Early_Career,Junior
3166,24.0,Female,Bachelor,Software Developer,2.0,55000.0,UK,Mixed,Entry,Young,Junior
3167,36.0,Male,PhD,Senior Data Scientist,12.0,170000.0,Canada,White,Senior,Mid_Career,Senior
3168,30.0,Female,Bachelor,Software Engineer,5.0,90000.0,USA,African American,Junior,Early_Career,Junior
3169,29.0,Male,Bachelor,Front End Developer,4.0,80000.0,Australia,White,Junior,Early_Career,Junior
3170,42.0,Male,Master,Product Manager,14.0,180000.0,UK,Mixed,Senior,Mid_Career,Senior
3171,26.0,Male,Bachelor,Software Developer,2.0,60000.0,USA,Asian,Entry,Early_Career,Junior
3172,35.0,Female,Master,Data Analyst,9.0,120000.0,Australia,Asian,Mid,Early_Career,Junior
3173,27.0,Female,Bachelor,Software Engineer,3.0,70000.0,Australia,Australian,Junior,Early_Career,Junior
3174,48.0,Male,PhD,Director Of Data Science,18.0,210000.0,Canada,White,Senior,Senior_Career,Senior
3175,34.0,Male,Master,Data Scientist,9.0,140000.0,Canada,Asian,Mid,Early_Career,Junior
3176,23.0,Female,Bachelor,Software Engineer,1.0,50000.0,UK,Welsh,Entry,Young,Junior
3177,32.0,Male,Master,Product Manager,7.0,110000.0,Australia,White,Mid,Early_Career,Senior
3178,25.0,Female,Master,Software Engineer,2.0,60000.0,UK,Welsh,Entry,Young,Junior
3179,37.0,Male,Bachelor,Data Analyst,11.0,160000.0,UK,White,Senior,Mid_Career,Junior
3180,28.0,Male,Bachelor,Software Engineer,4.0,75000.0,China,White,Junior,Early_Career,Junior
3181,41.0,Female,PhD,Director Of Data Science,16.0,200000.0,China,Chinese,Senior,Mid_Career,Senior
3182,34.0,Male,Master,Data Analyst,8.0,100000.0,UK,Mixed,Mid,Early_Career,Junior
3183,24.0,Female,Bachelor,Software Developer,2.0,55000.0,UK,Mixed,Entry,Young,Junior
3184,36.0,Male,PhD,Senior Data Scientist,12.0,170000.0,Australia,Asian,Senior,Mid_Career,Senior
3185,30.0,Female,Bachelor,Software Engineer,5.0,90000.0,USA,Asian,Junior,Early_Career,Junior
3186,29.0,Male,Bachelor,Front End Developer,4.0,80000.0,Canada,Asian,Junior,Early_Career,Junior
3187,42.0,Male,Master,Product Manager,14.0,180000.0,Australia,Asian,Senior,Mid_Career,Senior
3188,26.0,Male,Bachelor,Software Developer,2.0,60000.0,Australia,Asian,Entry,Early_Career,Junior
3189,35.0,Female,Master,Data Analyst,9.0,120000.0,USA,Hispanic,Mid,Early_Career,Junior
3190,27.0,Female,Bachelor,Software Engineer,3.0,70000.0,China,Chinese,Junior,Early_Career,Junior
3191,48.0,Male,PhD,Director Of Data Science,18.0,210000.0,UK,Mixed,Senior,Senior_Career,Senior
3192,34.0,Male,Master,Data Scientist,9.0,140000.0,USA,Asian,Mid,Early_Career,Junior
3193,23.0,Female,Bachelor,Software Engineer,1.0,50000.0,China,Korean,Entry,Young,Junior
3194,32.0,Male,Master,Product Manager,7.0,110000.0,Canada,Asian,Mid,Early_Career,Senior
3195,25.0,Female,Master,Software Engineer,2.0,60000.0,China,Korean,Entry,Young,Junior
3196,37.0,Male,Bachelor,Data Analyst,11.0,160000.0,Canada,White,Senior,Mid_Career,Junior
3197,28.0,Male,Bachelor,Software Engineer,4.0,75000.0,UK,Asian,Junior,Early_Career,Junior
3198,41.0,Female,PhD,Director Of Data Science,16.0,200000.0,USA,White,Senior,Mid_Career,Senior
3199,34.0,Male,Master,Data Analyst,8.0,100000.0,Canada,Asian,Mid,Early_Career,Junior
3200,24.0,Female,Bachelor,Software Developer,2.0,55000.0,USA,White,Entry,Young,Junior
3201,36.0,Male,PhD,Senior Data Scientist,12.0,170000.0,Canada,Black,Senior,Mid_Career,Senior
3202,30.0,Female,Bachelor,Software Engineer,5.0,90000.0,USA,Asian,Junior,Early_Career,Junior
3203,29.0,Male,Bachelor,Front End Developer,4.0,80000.0,China,Chinese,Junior,Early_Career,Junior
3204,42.0,Male,Master,Product Manager,14.0,180000.0,USA,Asian,Senior,Mid_Career,Senior
3205,26.0,Male,Bachelor,Software Developer,2.0,60000.0,Australia,White,Entry,Early_Career,Junior
3206,35.0,Female,Master,Data Analyst,9.0,120000.0,UK,Asian,Mid,Early_Career,Junior
3207,27.0,Female,Bachelor,Software Engineer,3.0,70000.0,UK,Welsh,Junior,Early_Career,Junior
3208,48.0,Male,PhD,Director Of Data Science,18.0,210000.0,Australia,Asian,Senior,Senior_Career,Senior
3209,34.0,Male,Master,Data Scientist,9.0,140000.0,Australia,Australian,Mid,Early_Career,Junior
3210,23.0,Female,Bachelor,Software Engineer,1.0,50000.0,UK,Mixed,Entry,Young,Junior
3211,32.0,Male,Master,Product Manager,7.0,110000.0,Canada,White,Mid,Early_Career,Senior
3212,25.0,Female,Master,Software Engineer,2.0,60000.0,USA,African American,Entry,Young,Junior
3213,37.0,Male,Bachelor,Data Analyst,11.0,160000.0,China,White,Senior,Mid_Career,Junior
3214,28.0,Male,Bachelor,Software Engineer,4.0,75000.0,Canada,Asian,Junior,Early_Career,Junior
3215,41.0,Female,PhD,Director Of Data Science,16.0,200000.0,UK,White,Senior,Mid_Career,Senior
3216,34.0,Male,Master,Data Analyst,8.0,100000.0,Australia,Australian,Mid,Early_Career,Junior
3217,24.0,Female,Bachelor,Software Developer,2.0,55000.0,China,Chinese,Entry,Young,Junior
3218,36.0,Male,PhD,Senior Data Scientist,12.0,170000.0,Canada,Black,Senior,Mid_Career,Senior
3219,30.0,Female,Bachelor,Software Engineer,5.0,90000.0,USA,White,Junior,Early_Career,Junior
3220,29.0,Male,Bachelor,Front End Developer,4.0,80000.0,China,Chinese,Junior,Early_Career,Junior
3221,42.0,Male,Master,Product Manager,14.0,180000.0,USA,White,Senior,Mid_Career,Senior
3222,26.0,Male,Bachelor,Software Developer,2.0,60000.0,USA,African American,Entry,Early_Career,Junior
3223,35.0,Female,Master,Data Analyst,9.0,120000.0,USA,Asian,Mid,Early_Career,Junior
3224,27.0,Female,Bachelor,Software Engineer,3.0,70000.0,UK,Asian,Junior,Early_Career,Junior
3225,48.0,Male,PhD,Director Of Data Science,18.0,210000.0,UK,White,Senior,Senior_Career,Senior
3226,34.0,Male,Master,Data Scientist,9.0,140000.0,UK,Welsh,Mid,Early_Career,Junior
3227,23.0,Female,Bachelor,Software Engineer,1.0,50000.0,China,Chinese,Entry,Young,Junior
3228,32.0,Male,Master,Product Manager,7.0,110000.0,Canada,Black,Mid,Early_Career,Senior
3229,25.0,Female,Master,Software Engineer,2.0,60000.0,USA,White,Entry,Young,Junior
3230,37.0,Male,Bachelor,Data Analyst,11.0,160000.0,Canada,Black,Senior,Mid_Career,Junior
3231,28.0,Male,Bachelor,Software Engineer,4.0,75000.0,China,Korean,Junior,Early_Career,Junior
3232,41.0,Female,PhD,Director Of Data Science,16.0,200000.0,Canada,White,Senior,Mid_Career,Senior
3233,34.0,Male,Master,Data Analyst,8.0,100000.0,Canada,Black,Mid,Early_Career,Junior
3234,24.0,Female,Bachelor,Software Developer,2.0,55000.0,Canada,Asian,Entry,Young,Junior
3235,36.0,Male,PhD,Senior Data Scientist,12.0,170000.0,Australia,White,Senior,Mid_Career,Senior
3236,30.0,Female,Bachelor,Software Engineer,5.0,90000.0,Australia,White,Junior,Early_Career,Junior
3237,29.0,Male,Bachelor,Front End Developer,4.0,80000.0,UK,Asian,Junior,Early_Career,Junior
3238,42.0,Male,Master,Product Manager,14.0,180000.0,Canada,Asian,Senior,Mid_Career,Senior
3239,26.0,Male,Bachelor,Software Developer,2.0,60000.0,China,White,Entry,Early_Career,Junior
3240,35.0,Female,Master,Data Analyst,9.0,120000.0,Canada,White,Mid,Early_Career,Junior
3241,27.0,Female,Bachelor,Software Engineer,3.0,70000.0,Canada,White,Junior,Early_Career,Junior
3242,48.0,Male,PhD,Director Of Data Science,18.0,210000.0,USA,White,Senior,Senior_Career,Senior
3243,34.0,Male,Master,Data Scientist,9.0,140000.0,UK,White,Mid,Early_Career,Junior
3244,23.0,Female,Bachelor,Software Engineer,1.0,50000.0,USA,Hispanic,Entry,Young,Junior
3245,32.0,Male,Master,Product Manager,7.0,110000.0,USA,African American,Mid,Early_Career,Senior
3246,25.0,Female,Master,Software Engineer,2.0,60000.0,UK,Welsh,Entry,Young,Junior
3247,37.0,Male,Bachelor,Data Analyst,11.0,160000.0,China,Korean,Senior,Mid_Career,Junior
3248,28.0,Male,Bachelor,Software Engineer,4.0,75000.0,Australia,Australian,Junior,Early_Career,Junior
3249,41.0,Female,PhD,Director Of Data Science,16.0,200000.0,Australia,Asian,Senior,Mid_Career,Senior
3250,34.0,Male,Master,Data Analyst,8.0,100000.0,Canada,White,Mid,Early_Career,Junior
3251,24.0,Female,Bachelor,Software Developer,2.0,55000.0,Australia,Asian,Entry,Young,Junior
3252,36.0,Male,PhD,Senior Data Scientist,12.0,170000.0,Canada,Black,Senior,Mid_Career,Senior
3253,30.0,Female,Bachelor,Software Engineer,5.0,90000.0,USA,White,Junior,Early_Career,Junior
3254,29.0,Male,Bachelor,Front End Developer,4.0,80000.0,USA,African American,Junior,Early_Career,Junior
3255,42.0,Male,Master,Product Manager,14.0,180000.0,Canada,White,Senior,Mid_Career,Senior
3256,26.0,Male,Bachelor,Software Developer,2.0,60000.0,Australia,Australian,Entry,Early_Career,Junior
3257,35.0,Female,Master,Data Analyst,9.0,120000.0,Canada,White,Mid,Early_Career,Junior
3258,27.0,Female,Bachelor,Software Engineer,3.0,70000.0,UK,Welsh,Junior,Early_Career,Junior
3259,48.0,Male,PhD,Director Of Data Science,18.0,210000.0,USA,White,Senior,Senior_Career,Senior
3260,34.0,Male,Master,Data Scientist,9.0,140000.0,UK,Welsh,Mid,Early_Career,Junior
3261,30.0,Female,Bachelor,Software Engineer,4.0,80000.0,USA,Asian,Junior,Early_Career,Junior
3262,29.0,Male,Bachelor,Front End Developer,3.0,70000.0,UK,Welsh,Junior,Early_Career,Junior
3263,42.0,Male,Master,Product Manager,14.0,180000.0,USA,Hispanic,Senior,Mid_Career,Senior
3264,26.0,Male,Bachelor,Software Developer,2.0,60000.0,USA,African American,Entry,Early_Career,Junior
3265,35.0,Female,Master,Data Analyst,9.0,120000.0,UK,White,Mid,Early_Career,Junior
3266,27.0,Female,Bachelor,Software Engineer,3.0,70000.0,USA,Asian,Junior,Early_Career,Junior
3267,48.0,Male,PhD,Director Of Data Science,18.0,210000.0,UK,Welsh,Senior,Senior_Career,Senior
3268,34.0,Male,Master,Data Scientist,9.0,140000.0,China,Chinese,Mid,Early_Career,Junior
3269,23.0,Female,Bachelor,Software Engineer,1.0,50000.0,Canada,Asian,Entry,Young,Junior
3270,32.0,Male,Master,Product Manager,7.0,110000.0,USA,African American,Mid,Early_Career,Senior
3271,25.0,Female,Master,Software Engineer,2.0,60000.0,Canada,Asian,Entry,Young,Junior
3272,37.0,Male,Bachelor,Data Analyst,11.0,160000.0,UK,Mixed,Senior,Mid_Career,Junior
3273,28.0,Male,Bachelor,Software Engineer,4.0,75000.0,UK,Asian,Junior,Early_Career,Junior
3274,41.0,Female,PhD,Director Of Data Science,16.0,200000.0,Australia,Asian,Senior,Mid_Career,Senior
3275,34.0,Male,Master,Data Analyst,8.0,100000.0,Australia,Asian,Mid,Early_Career,Junior
3276,24.0,Female,Bachelor,Software Developer,2.0,55000.0,Australia,White,Entry,Young,Junior
3277,36.0,Male,PhD,Senior Data Scientist,12.0,170000.0,UK,White,Senior,Mid_Career,Senior
3278,30.0,Female,Bachelor,Software Engineer,5.0,90000.0,China,White,Junior,Early_Career,Junior
3279,29.0,Male,Bachelor,Front End Developer,4.0,80000.0,Canada,Black,Junior,Early_Career,Junior
3280,42.0,Male,Master,Product Manager,14.0,180000.0,Australia,Australian,Senior,Mid_Career,Senior
3281,26.0,Male,Bachelor,Software Developer,2.0,60000.0,UK,White,Entry,Early_Career,Junior
3282,35.0,Female,Master,Data Analyst,9.0,120000.0,Australia,White,Mid,Early_Career,Junior
3283,27.0,Female,Bachelor,Software Engineer,3.0,70000.0,USA,African American,Junior,Early_Career,Junior
3284,48.0,Male,PhD,Director Of Data Science,18.0,210000.0,Australia,Australian,Senior,Senior_Career,Senior
3285,34.0,Male,Master,Data Scientist,9.0,140000.0,Australia,White,Mid,Early_Career,Junior
3286,23.0,Female,Bachelor,Software Engineer,1.0,50000.0,Australia,Australian,Entry,Young,Junior
3287,32.0,Male,Master,Product Manager,7.0,110000.0,China,Korean,Mid,Early_Career,Senior
3288,25.0,Female,Master,Software Engineer,2.0,60000.0,UK,White,Entry,Young,Junior
3289,37.0,Male,Bachelor,Data Analyst,11.0,160000.0,UK,White,Senior,Mid_Career,Junior
3290,28.0,Male,Bachelor,Software Engineer,4.0,75000.0,USA,African American,Junior,Early_Career,Junior
3291,41.0,Female,PhD,Director Of Data Science,16.0,200000.0,China,Korean,Senior,Mid_Career,Senior
3292,34.0,Male,Master,Data Analyst,8.0,100000.0,USA,Asian,Mid,Early_Career,Junior
3293,24.0,Female,Bachelor,Software Developer,2.0,55000.0,UK,White,Entry,Young,Junior
3294,36.0,Male,PhD,Senior Data Scientist,12.0,170000.0,Australia,White,Senior,Mid_Career,Senior
3295,30.0,Female,Bachelor,Software Engineer,5.0,90000.0,USA,White,Junior,Early_Career,Junior
3296,29.0,Male,Bachelor,Front End Developer,4.0,80000.0,Canada,White,Junior,Early_Career,Junior
3297,42.0,Male,Master,Product Manager,14.0,180000.0,Australia,White,Senior,Mid_Career,Senior
3298,26.0,Male,Bachelor,Software Developer,2.0,60000.0,Australia,Australian,Entry,Early_Career,Junior
3299,35.0,Female,Master,Data Analyst,9.0,120000.0,China,Korean,Mid,Early_Career,Junior
3300,27.0,Female,Bachelor,Software Engineer,3.0,70000.0,Australia,Asian,Junior,Early_Career,Junior
3301,48.0,Male,PhD,Director Of Data Science,18.0,210000.0,USA,White,Senior,Senior_Career,Senior
3302,34.0,Male,Master,Data Scientist,9.0,140000.0,China,Chinese,Mid,Early_Career,Junior
3303,23.0,Female,Bachelor,Software Engineer,1.0,50000.0,Canada,White,Entry,Young,Junior
3304,32.0,Male,Master,Product Manager,7.0,110000.0,Australia,Asian,Mid,Early_Career,Senior
3305,25.0,Female,Master,Software Engineer,2.0,60000.0,China,Chinese,Entry,Young,Junior
3306,37.0,Male,Bachelor,Data Analyst,11.0,160000.0,China,White,Senior,Mid_Career,Junior
3307,28.0,Male,Bachelor,Software Engineer,4.0,75000.0,Canada,Asian,Junior,Early_Career,Junior
3308,41.0,Female,PhD,Director Of Data Science,16.0,200000.0,UK,Mixed,Senior,Mid_Career,Senior
3309,34.0,Male,Master,Data Analyst,8.0,100000.0,UK,Welsh,Mid,Early_Career,Junior
3310,24.0,Female,Bachelor,Software Developer,2.0,55000.0,Canada,White,Entry,Young,Junior
3311,36.0,Male,PhD,Senior Data Scientist,12.0,170000.0,USA,Asian,Senior,Mid_Career,Senior
3312,30.0,Female,Bachelor,Software Engineer,5.0,90000.0,Canada,Asian,Junior,Early_Career,Junior
3313,29.0,Male,Bachelor,Front End Developer,4.0,80000.0,USA,Asian,Junior,Early_Career,Junior
3314,42.0,Male,Master,Product Manager,14.0,180000.0,UK,White,Senior,Mid_Career,Senior
3315,26.0,Male,Bachelor,Software Developer,2.0,60000.0,UK,Welsh,Entry,Early_Career,Junior
3316,35.0,Female,Master,Data Analyst,9.0,120000.0,USA,White,Mid,Early_Career,Junior
3317,27.0,Female,Bachelor,Software Engineer,3.0,70000.0,USA,Asian,Junior,Early_Career,Junior
3318,48.0,Male,PhD,Director Of Data Science,18.0,210000.0,China,Chinese,Senior,Senior_Career,Senior
3319,34.0,Male,Master,Data Scientist,9.0,140000.0,USA,Hispanic,Mid,Early_Career,Junior
3320,23.0,Female,Bachelor,Software Engineer,1.0,50000.0,Canada,Black,Entry,Young,Junior
3321,32.0,Male,Master,Product Manager,7.0,110000.0,Canada,Black,Mid,Early_Career,Senior
3322,25.0,Female,Master,Software Engineer,2.0,60000.0,Canada,Black,Entry,Young,Junior
3323,37.0,Male,Bachelor,Data Analyst,11.0,160000.0,Canada,Black,Senior,Mid_Career,Junior
3324,28.0,Male,Bachelor,Software Engineer,4.0,75000.0,Australia,Australian,Junior,Early_Career,Junior
3325,41.0,Female,PhD,Director Of Data Science,16.0,200000.0,Canada,White,Senior,Mid_Career,Senior
3326,34.0,Male,Master,Data Analyst,8.0,100000.0,Australia,Australian,Mid,Early_Career,Junior
3327,24.0,Female,Bachelor,Software Developer,2.0,55000.0,UK,Welsh,Entry,Young,Junior
3328,36.0,Male,PhD,Senior Data Scientist,12.0,170000.0,Canada,Asian,Senior,Mid_Career,Senior
3329,30.0,Female,Bachelor,Software Engineer,5.0,90000.0,Australia,White,Junior,Early_Career,Junior
3330,29.0,Male,Bachelor,Front End Developer,4.0,80000.0,UK,Asian,Junior,Early_Career,Junior
3331,42.0,Male,Master,Product Manager,14.0,180000.0,UK,Welsh,Senior,Mid_Career,Senior
3332,26.0,Male,Bachelor,Software Developer,2.0,60000.0,Australia,White,Entry,Early_Career,Junior
3333,35.0,Female,Master,Data Analyst,9.0,120000.0,UK,Asian,Mid,Early_Career,Junior
3334,27.0,Female,Bachelor,Software Engineer,3.0,70000.0,Australia,Asian,Junior,Early_Career,Junior
3335,48.0,Male,PhD,Director Of Data Science,18.0,210000.0,Canada,White,Senior,Senior_Career,Senior
3336,34.0,Male,Master,Data Scientist,9.0,140000.0,Canada,Black,Mid,Early_Career,Junior
3337,23.0,Female,Bachelor,Software Engineer,1.0,50000.0,UK,Asian,Entry,Young,Junior
3338,32.0,Male,Master,Product Manager,7.0,110000.0,UK,White,Mid,Early_Career,Senior
3339,25.0,Female,Master,Software Engineer,2.0,60000.0,China,Korean,Entry,Young,Junior
3340,37.0,Male,Bachelor,Data Analyst,11.0,160000.0,USA,African American,Senior,Mid_Career,Junior
3341,28.0,Male,Bachelor,Software Engineer,4.0,75000.0,USA,Hispanic,Junior,Early_Career,Junior
3342,41.0,Female,PhD,Director Of Data Science,16.0,200000.0,China,Korean,Senior,Mid_Career,Senior
3343,34.0,Male,Master,Data Analyst,8.0,100000.0,USA,African American,Mid,Early_Career,Junior
3344,24.0,Female,Bachelor,Software Developer,2.0,55000.0,Australia,Australian,Entry,Young,Junior
3345,36.0,Male,PhD,Senior Data Scientist,12.0,170000.0,China,White,Senior,Mid_Career,Senior
3346,30.0,Female,Bachelor,Software Engineer,5.0,90000.0,USA,Hispanic,Junior,Early_Career,Junior
3347,29.0,Male,Bachelor,Front End Developer,4.0,80000.0,USA,Asian,Junior,Early_Career,Junior
3348,42.0,Male,Master,Product Manager,14.0,180000.0,Australia,White,Senior,Mid_Career,Senior
3349,26.0,Male,Bachelor,Software Developer,2.0,60000.0,Canada,Asian,Entry,Early_Career,Junior
3350,35.0,Female,Master,Data Analyst,9.0,120000.0,China,White,Mid,Early_Career,Junior
3351,27.0,Female,Bachelor,Software Engineer,3.0,70000.0,Australia,White,Junior,Early_Career,Junior
3352,48.0,Male,PhD,Director Of Data Science,18.0,210000.0,Canada,Black,Senior,Senior_Career,Senior
3353,34.0,Male,Master,Data Scientist,9.0,140000.0,UK,Mixed,Mid,Early_Career,Junior
3354,23.0,Female,Bachelor,Software Engineer,1.0,50000.0,Australia,White,Entry,Young,Junior
3355,32.0,Male,Master,Product Manager,7.0,110000.0,Australia,Australian,Mid,Early_Career,Senior
3356,25.0,Female,Master,Software Engineer,2.0,60000.0,USA,White,Entry,Young,Junior
3357,37.0,Male,Bachelor,Data Analyst,11.0,160000.0,Australia,Australian,Senior,Mid_Career,Junior
3358,28.0,Male,Bachelor,Software Engineer,4.0,75000.0,USA,Hispanic,Junior,Early_Career,Junior
3359,41.0,Female,PhD,Director Of Data Science,16.0,200000.0,USA,African American,Senior,Mid_Career,Senior
3360,34.0,Male,Master,Data Analyst,8.0,100000.0,China,Korean,Mid,Early_Career,Junior
3361,24.0,Female,Bachelor,Software Developer,2.0,55000.0,Australia,Asian,Entry,Young,Junior
3362,36.0,Male,PhD,Senior Data Scientist,12.0,170000.0,UK,Asian,Senior,Mid_Career,Senior
3363,30.0,Female,Bachelor,Software Engineer,5.0,90000.0,Canada,White,Junior,Early_Career,Junior
3364,29.0,Male,Bachelor,Front End Developer,4.0,80000.0,China,Chinese,Junior,Early_Career,Junior
3365,42.0,Male,Master,Product Manager,14.0,180000.0,USA,White,Senior,Mid_Career,Senior
3366,26.0,Male,Bachelor,Software Developer,2.0,60000.0,UK,Mixed,Entry,Early_Career,Junior
3367,35.0,Female,Master,Data Analyst,9.0,120000.0,China,White,Mid,Early_Career,Junior
3368,27.0,Female,Bachelor,Software Engineer,3.0,70000.0,Canada,White,Junior,Early_Career,Junior
3369,48.0,Male,PhD,Director Of Data Science,18.0,210000.0,Canada,Asian,Senior,Senior_Career,Senior
3370,34.0,Male,Master,Data Scientist,9.0,140000.0,Australia,Asian,Mid,Early_Career,Junior
3371,23.0,Female,Bachelor,Software Engineer,1.0,50000.0,China,White,Entry,Young,Junior
3372,32.0,Male,Master,Product Manager,7.0,110000.0,USA,Hispanic,Mid,Early_Career,Senior
3373,25.0,Female,Master,Software Engineer,2.0,60000.0,UK,White,Entry,Young,Junior
3374,37.0,Male,Bachelor,Data Analyst,11.0,160000.0,USA,African American,Senior,Mid_Career,Junior
3375,28.0,Male,Bachelor,Software Engineer,4.0,75000.0,China,Chinese,Junior,Early_Career,Junior
3376,41.0,Female,PhD,Director Of Data Science,16.0,200000.0,Canada,White,Senior,Mid_Career,Senior
3377,34.0,Male,Master,Data Analyst,8.0,100000.0,USA,Hispanic,Mid,Early_Career,Junior
3378,24.0,Female,Bachelor,Software Developer,2.0,55000.0,Canada,Black,Entry,Young,Junior
3379,36.0,Male,PhD,Senior Data Scientist,12.0,170000.0,China,Chinese,Senior,Mid_Career,Senior
3380,30.0,Female,Bachelor,Software Engineer,5.0,90000.0,USA,African American,Junior,Early_Career,Junior
3381,29.0,Male,Bachelor,Front End Developer,4.0,80000.0,Canada,White,Junior,Early_Career,Junior
3382,42.0,Male,Master,Product Manager,14.0,180000.0,USA,White,Senior,Mid_Career,Senior
3383,26.0,Male,Bachelor,Software Developer,2.0,60000.0,China,Chinese,Entry,Early_Career,Junior
3384,35.0,Female,Master,Data Analyst,9.0,120000.0,USA,White,Mid,Early_Career,Junior
3385,28.0,Male,Master,Web Developer,5.0,80000.0,UK,Asian,Junior,Early_Career,Junior
3386,30.0,Female,Bachelor,Junior Hr Coordinator,4.0,60000.0,Canada,White,Junior,Early_Career,Junior
3387,25.0,Male,Bachelor,Junior Web Developer,2.0,50000.0,China,White,Entry,Young,Junior
3388,45.0,Female,Master,Senior Human Resources Manager,18.0,160000.0,Canada,Asian,Senior,Mid_Career,Senior
3389,33.0,Male,PhD,Director Of Hr,9.0,120000.0,Australia,Asian,Mid,Early_Career,Senior
3390,22.0,Female,High School,Junior Hr Generalist,0.0,40000.0,USA,Hispanic,Entry,Young,Junior
3391,36.0,Male,Bachelor,Web Developer,10.0,100000.0,Australia,Australian,Mid,Mid_Career,Junior
3392,29.0,Female,Master,Senior Hr Generalist,4.0,75000.0,Canada,Black,Junior,Early_Career,Senior
3393,42.0,Male,PhD,Director Of Hr,16.0,140000.0,Australia,Australian,Senior,Mid_Career,Senior
3394,27.0,Female,Bachelor,Junior Hr Coordinator,2.0,50000.0,Australia,Australian,Entry,Early_Career,Junior
3395,38.0,Male,Master,Senior Human Resources Manager,11.0,110000.0,UK,Asian,Senior,Mid_Career,Senior
3396,24.0,Female,Bachelor,Web Developer,1.0,45000.0,USA,Hispanic,Entry,Young,Junior
3397,31.0,Male,High School,Junior Web Developer,4.0,55000.0,UK,Mixed,Junior,Early_Career,Junior
3398,39.0,Female,PhD,Director Of Hr,13.0,130000.0,USA,Asian,Senior,Mid_Career,Senior
3399,26.0,Male,Bachelor,Junior Hr Generalist,2.0,50000.0,China,White,Entry,Early_Career,Junior
3400,32.0,Female,Master,Senior Hr Generalist,7.0,80000.0,USA,White,Mid,Early_Career,Senior
3401,32.0,Male,Bachelor,Junior Web Developer,2.0,45000.0,China,White,Entry,Early_Career,Junior
3402,24.0,Female,High School,Junior Hr Generalist,1.0,32000.0,USA,Hispanic,Entry,Young,Junior
3403,45.0,Male,PhD,Senior Human Resources Manager,12.0,120000.0,USA,Asian,Senior,Mid_Career,Senior
3404,29.0,Female,Master,Web Developer,4.0,65000.0,USA,White,Junior,Early_Career,Junior
3405,38.0,Male,Bachelor,Senior Hr Generalist,8.0,95000.0,China,White,Mid,Mid_Career,Senior
3406,27.0,Female,Master,Director Of Hr,5.0,80000.0,USA,White,Junior,Early_Career,Senior
3407,31.0,Female,High School,Junior Hr Coordinator,3.0,38000.0,Canada,White,Junior,Early_Career,Junior
3408,42.0,Male,Master,Web Developer,10.0,110000.0,Canada,White,Mid,Mid_Career,Junior
3409,26.0,Female,Bachelor,Junior Web Developer,2.0,45000.0,USA,White,Entry,Early_Career,Junior
3410,36.0,Male,Master,Senior Hr Generalist,7.0,89000.0,Canada,Black,Mid,Mid_Career,Senior
3411,28.0,Male,High School,Junior Hr Generalist,1.0,32000.0,USA,Hispanic,Entry,Early_Career,Junior
3412,33.0,Female,Bachelor,Web Developer,5.0,70000.0,UK,Welsh,Junior,Early_Career,Junior
3413,46.0,Male,PhD,Director Of Hr,15.0,150000.0,Australia,Australian,Senior,Senior_Career,Senior
3414,25.0,Female,Bachelor,Junior Web Developer,1.0,40000.0,Australia,Australian,Entry,Young,Junior
3415,37.0,Female,Master,Senior Human Resources Manager,9.0,105000.0,Australia,White,Mid,Mid_Career,Senior
3416,30.0,Male,Master,Web Developer,4.0,65000.0,USA,White,Junior,Early_Career,Junior
3417,43.0,Female,PhD,Director Of Hr,14.0,140000.0,UK,Welsh,Senior,Mid_Career,Senior
3418,34.0,Male,Bachelor,Junior Web Developer,3.0,50000.0,Australia,Asian,Junior,Early_Career,Junior
3419,26.0,Female,High School,Junior Hr Generalist,2.0,35000.0,USA,White,Entry,Early_Career,Junior
3420,41.0,Male,Master,Senior Hr Generalist,11.0,115000.0,China,Chinese,Senior,Mid_Career,Senior
3421,29.0,Female,Master,Web Developer,5.0,70000.0,Australia,White,Junior,Early_Career,Junior
3422,35.0,Male,Bachelor,Web Developer,6.0,80000.0,USA,White,Mid,Early_Career,Junior
3423,27.0,Female,High School,Junior Hr Coordinator,1.0,30000.0,Australia,Australian,Entry,Early_Career,Junior
3424,40.0,Male,PhD,Director Of Hr,13.0,135000.0,Canada,Black,Senior,Mid_Career,Senior
3425,23.0,Female,Bachelor,Junior Web Developer,1.0,40000.0,Australia,White,Entry,Young,Junior
3426,39.0,Male,Master,Senior Hr Generalist,10.0,105000.0,USA,Asian,Mid,Mid_Career,Senior
3427,31.0,Male,High School,Junior Hr Generalist,2.0,35000.0,Canada,White,Entry,Early_Career,Junior
3428,44.0,Female,PhD,Senior Human Resources Manager,12.0,120000.0,China,Chinese,Senior,Mid_Career,Senior
3429,28.0,Male,Master,Web Developer,3.0,55000.0,UK,White,Junior,Early_Career,Junior
3430,32.0,Female,Bachelor,Junior Web Developer,2.0,45000.0,Canada,Asian,Entry,Early_Career,Junior
3431,45.0,Male,Master,Director Of Hr,14.0,140000.0,Canada,Asian,Senior,Mid_Career,Senior
3432,26.0,Female,Bachelor,Web Developer,3.0,55000.0,Australia,Asian,Junior,Early_Career,Junior
3433,38.0,Male,PhD,Senior Human Resources Manager,11.0,115000.0,Australia,White,Senior,Mid_Career,Senior
3434,27.0,Female,Master,Senior Hr Generalist,4.0,70000.0,Canada,White,Junior,Early_Career,Senior
3435,33.0,Male,High School,Junior Hr Coordinator,3.0,38000.0,Australia,Australian,Junior,Early_Career,Junior
3436,42.0,Female,Master,Director Of Hr,13.0,135000.0,China,Chinese,Senior,Mid_Career,Senior
3437,29.0,Male,Bachelor,Junior Web Developer,2.0,45000.0,Canada,White,Entry,Early_Career,Junior
3438,36.0,Female,Master,Web Developer,7.0,85000.0,Canada,Black,Mid,Mid_Career,Junior
3439,30.0,Male,High School,Junior Hr Generalist,1.0,32000.0,USA,Asian,Entry,Early_Career,Junior
3440,43.0,Female,PhD,Senior Human Resources Manager,15.0,150000.0,UK,Welsh,Senior,Mid_Career,Senior
3441,34.0,Male,Bachelor,Web Developer,4.0,65000.0,Canada,White,Junior,Early_Career,Junior
3442,25.0,Female,Master,Junior Hr Generalist,1.0,32000.0,USA,Asian,Entry,Young,Junior
3443,37.0,Male,PhD,Director Of Hr,12.0,120000.0,UK,Asian,Senior,Mid_Career,Senior
3444,24.0,Female,Bachelor,Junior Web Developer,1.0,40000.0,Australia,Australian,Entry,Young,Junior
3445,39.0,Male,Master,Senior Hr Generalist,9.0,95000.0,China,White,Mid,Mid_Career,Senior
3446,31.0,Male,High School,Junior Hr Generalist,2.0,35000.0,USA,African American,Entry,Early_Career,Junior
3447,44.0,Female,PhD,Director Of Hr,14.0,140000.0,Australia,White,Senior,Mid_Career,Senior
3448,28.0,Male,Bachelor,Web Developer,3.0,55000.0,China,Korean,Junior,Early_Career,Junior
3449,32.0,Female,Master,Senior Human Resources Manager,6.0,80000.0,China,Korean,Mid,Early_Career,Senior
3450,45.0,Male,PhD,Director Of Hr,13.0,135000.0,UK,Asian,Senior,Mid_Career,Senior
3451,26.0,Female,Bachelor,Junior Web Developer,2.0,45000.0,Canada,Asian,Entry,Early_Career,Junior
3452,38.0,Male,Master,Senior Hr Generalist,8.0,95000.0,USA,Hispanic,Mid,Mid_Career,Senior
3453,27.0,Female,High School,Junior Hr Generalist,1.0,32000.0,UK,White,Entry,Early_Career,Junior
3454,33.0,Male,Bachelor,Web Developer,5.0,70000.0,China,Chinese,Junior,Early_Career,Junior
3455,42.0,Female,Master,Director Of Hr,12.0,120000.0,Canada,Asian,Senior,Mid_Career,Senior
3456,29.0,Male,Master,Senior Human Resources Manager,4.0,70000.0,Canada,Asian,Junior,Early_Career,Senior
3457,36.0,Female,Master,Web Developer,7.0,85000.0,USA,African American,Mid,Mid_Career,Junior
3458,30.0,Male,High School,Junior Hr Coordinator,2.0,33000.0,Australia,Asian,Entry,Early_Career,Junior
3459,43.0,Female,PhD,Senior Human Resources Manager,15.0,150000.0,Australia,Asian,Senior,Mid_Career,Senior
3460,34.0,Male,Bachelor,Junior Web Developer,3.0,50000.0,UK,Mixed,Junior,Early_Career,Junior
3461,25.0,Female,Master,Junior Hr Generalist,1.0,32000.0,UK,Mixed,Entry,Young,Junior
3462,37.0,Male,PhD,Director Of Hr,11.0,115000.0,UK,Asian,Senior,Mid_Career,Senior
3463,24.0,Female,Bachelor,Web Developer,1.0,40000.0,Australia,Australian,Entry,Young,Junior
3464,39.0,Male,Master,Senior Hr Generalist,10.0,105000.0,UK,Welsh,Mid,Mid_Career,Senior
3465,31.0,Male,High School,Junior Hr Generalist,2.0,35000.0,UK,Mixed,Entry,Early_Career,Junior
3466,44.0,Female,PhD,Director Of Hr,13.0,135000.0,China,White,Senior,Mid_Career,Senior
3467,28.0,Male,Bachelor,Web Developer,4.0,65000.0,UK,White,Junior,Early_Career,Junior
3468,32.0,Female,Master,Senior Human Resources Manager,6.0,80000.0,Australia,White,Mid,Early_Career,Senior
3469,45.0,Male,PhD,Director Of Hr,14.0,140000.0,USA,African American,Senior,Mid_Career,Senior
3470,26.0,Female,Bachelor,Junior Web Developer,2.0,45000.0,China,Korean,Entry,Early_Career,Junior
3471,38.0,Male,Master,Senior Hr Generalist,8.0,95000.0,UK,Welsh,Mid,Mid_Career,Senior
3472,27.0,Female,High School,Junior Hr Generalist,1.0,32000.0,Canada,Asian,Entry,Early_Career,Junior
3473,33.0,Male,Bachelor,Web Developer,5.0,70000.0,UK,Mixed,Junior,Early_Career,Junior
3474,42.0,Female,Master,Director Of Hr,12.0,120000.0,Canada,White,Senior,Mid_Career,Senior
3475,29.0,Male,Master,Senior Human Resources Manager,4.0,70000.0,China,White,Junior,Early_Career,Senior
3476,36.0,Female,Master,Web Developer,7.0,85000.0,UK,Asian,Mid,Mid_Career,Junior
3477,30.0,Male,High School,Junior Hr Coordinator,2.0,33000.0,Australia,Australian,Entry,Early_Career,Junior
3478,43.0,Female,PhD,Senior Human Resources Manager,15.0,150000.0,UK,White,Senior,Mid_Career,Senior
3479,34.0,Male,Bachelor,Junior Web Developer,3.0,50000.0,Australia,Australian,Junior,Early_Career,Junior
3480,25.0,Female,Master,Junior Hr Generalist,1.0,32000.0,China,Chinese,Entry,Young,Junior
3481,37.0,Male,PhD,Director Of Hr,11.0,115000.0,Canada,Black,Senior,Mid_Career,Senior
3482,24.0,Female,Bachelor,Web Developer,1.0,40000.0,USA,Hispanic,Entry,Young,Junior
3483,39.0,Male,Master,Senior Hr Generalist,10.0,105000.0,Australia,White,Mid,Mid_Career,Senior
3484,31.0,Male,High School,Junior Hr Generalist,2.0,35000.0,Canada,White,Entry,Early_Career,Junior
3485,44.0,Female,PhD,Director Of Hr,13.0,135000.0,UK,Welsh,Senior,Mid_Career,Senior
3486,28.0,Male,Bachelor,Web Developer,4.0,65000.0,Canada,White,Junior,Early_Career,Junior
3487,32.0,Female,Master,Senior Human Resources Manager,6.0,80000.0,Australia,Australian,Mid,Early_Career,Senior
3488,45.0,Male,PhD,Director Of Hr,14.0,140000.0,UK,Asian,Senior,Mid_Career,Senior
3489,26.0,Female,Bachelor,Junior Web Developer,2.0,45000.0,China,Korean,Entry,Early_Career,Junior
3490,38.0,Male,Master,Senior Hr Generalist,8.0,95000.0,UK,Asian,Mid,Mid_Career,Senior
3491,27.0,Female,High School,Junior Hr Generalist,1.0,32000.0,Australia,Australian,Entry,Early_Career,Junior
3492,33.0,Male,Bachelor,Web Developer,5.0,70000.0,UK,Asian,Junior,Early_Career,Junior
3493,42.0,Female,Master,Director Of Hr,12.0,120000.0,Australia,Asian,Senior,Mid_Career,Senior
3494,29.0,Male,Master,Senior Human Resources Manager,4.0,70000.0,UK,Mixed,Junior,Early_Career,Senior
3495,36.0,Female,Master,Web Developer,7.0,85000.0,Australia,Asian,Mid,Mid_Career,Junior
3496,30.0,Male,High School,Junior Hr Coordinator,2.0,33000.0,USA,Hispanic,Entry,Early_Career,Junior
3497,43.0,Female,PhD,Senior Human Resources Manager,15.0,150000.0,Canada,Asian,Senior,Mid_Career,Senior
3498,34.0,Male,Bachelor,Junior Web Developer,3.0,50000.0,China,Chinese,Junior,Early_Career,Junior
3499,25.0,Female,Master,Junior Hr Generalist,1.0,32000.0,USA,Hispanic,Entry,Young,Junior
3500,37.0,Male,PhD,Director Of Hr,11.0,115000.0,China,White,Senior,Mid_Career,Senior
3501,24.0,Female,Bachelor,Web Developer,1.0,40000.0,China,Chinese,Entry,Young,Junior
3502,39.0,Male,Master,Senior Hr Generalist,10.0,105000.0,Australia,Asian,Mid,Mid_Career,Senior
3503,31.0,Male,High School,Junior Hr Generalist,2.0,35000.0,Australia,White,Entry,Early_Career,Junior
3504,44.0,Female,PhD,Director Of Hr,13.0,135000.0,UK,White,Senior,Mid_Career,Senior
3505,28.0,Male,Bachelor,Web Developer,4.0,65000.0,Canada,Asian,Junior,Early_Career,Junior
3506,32.0,Female,Master,Senior Human Resources Manager,6.0,80000.0,Australia,Asian,Mid,Early_Career,Senior
3507,45.0,Male,PhD,Director Of Hr,14.0,140000.0,USA,White,Senior,Mid_Career,Senior
3508,26.0,Female,Bachelor,Junior Web Developer,2.0,45000.0,Australia,Australian,Entry,Early_Career,Junior
3509,38.0,Male,Master,Senior Hr Generalist,8.0,95000.0,USA,White,Mid,Mid_Career,Senior
3510,27.0,Female,High School,Junior Hr Generalist,1.0,32000.0,China,Chinese,Entry,Early_Career,Junior
3511,33.0,Male,Bachelor,Web Developer,5.0,70000.0,Canada,White,Junior,Early_Career,Junior
3512,42.0,Female,Master,Director Of Hr,12.0,120000.0,China,Korean,Senior,Mid_Career,Senior
3513,29.0,Male,Master,Senior Human Resources Manager,4.0,70000.0,Canada,Black,Junior,Early_Career,Senior
3514,36.0,Female,Master,Web Developer,7.0,85000.0,USA,Asian,Mid,Mid_Career,Junior
3515,30.0,Male,High School,Junior Hr Coordinator,2.0,33000.0,UK,Asian,Entry,Early_Career,Junior
3516,43.0,Female,PhD,Senior Human Resources Manager,15.0,150000.0,UK,Mixed,Senior,Mid_Career,Senior
3517,34.0,Male,Bachelor,Junior Web Developer,3.0,50000.0,Australia,Australian,Junior,Early_Career,Junior
3518,25.0,Female,Master,Junior Hr Generalist,1.0,32000.0,Canada,Asian,Entry,Young,Junior
3519,37.0,Male,PhD,Director Of Hr,11.0,115000.0,Canada,Asian,Senior,Mid_Career,Senior
3520,32.0,Male,Bachelor,Junior Web Developer,2.0,45000.0,China,Korean,Entry,Early_Career,Junior
3521,24.0,Female,High School,Junior Hr Generalist,1.0,32000.0,China,Korean,Entry,Young,Junior
3522,45.0,Male,PhD,Senior Human Resources Manager,12.0,120000.0,Canada,Black,Senior,Mid_Career,Senior
3523,29.0,Female,Master,Web Developer,4.0,65000.0,China,Chinese,Junior,Early_Career,Junior
3524,38.0,Male,Bachelor,Senior Hr Generalist,8.0,95000.0,UK,White,Mid,Mid_Career,Senior
3525,27.0,Female,Master,Director Of Hr,5.0,80000.0,UK,White,Junior,Early_Career,Senior
3526,31.0,Female,High School,Junior Hr Coordinator,3.0,38000.0,UK,Mixed,Junior,Early_Career,Junior
3527,42.0,Male,Master,Web Developer,10.0,110000.0,UK,Mixed,Mid,Mid_Career,Junior
3528,26.0,Female,Bachelor,Junior Web Developer,2.0,45000.0,USA,White,Entry,Early_Career,Junior
3529,36.0,Male,Master,Senior Hr Generalist,7.0,89000.0,UK,White,Mid,Mid_Career,Senior
3530,28.0,Male,High School,Junior Hr Generalist,1.0,32000.0,Australia,White,Entry,Early_Career,Junior
3531,33.0,Female,Bachelor,Web Developer,5.0,70000.0,Australia,Australian,Junior,Early_Career,Junior
3532,46.0,Male,PhD,Director Of Hr,15.0,150000.0,UK,Welsh,Senior,Senior_Career,Senior
3533,25.0,Female,Bachelor,Junior Web Developer,1.0,40000.0,Canada,White,Entry,Young,Junior
3534,37.0,Female,Master,Senior Human Resources Manager,9.0,105000.0,China,Korean,Mid,Mid_Career,Senior
3535,30.0,Male,Master,Web Developer,4.0,65000.0,Australia,White,Junior,Early_Career,Junior
3536,43.0,Female,PhD,Director Of Hr,14.0,140000.0,China,White,Senior,Mid_Career,Senior
3537,34.0,Male,Bachelor,Junior Web Developer,3.0,50000.0,USA,Asian,Junior,Early_Career,Junior
3538,26.0,Female,High School,Junior Hr Generalist,2.0,35000.0,UK,Mixed,Entry,Early_Career,Junior
3539,41.0,Male,Master,Senior Hr Generalist,11.0,115000.0,USA,Asian,Senior,Mid_Career,Senior
3540,29.0,Female,Master,Web Developer,5.0,70000.0,Australia,White,Junior,Early_Career,Junior
3541,35.0,Male,Bachelor,Web Developer,6.0,80000.0,Australia,Australian,Mid,Early_Career,Junior
3542,27.0,Female,High School,Junior Hr Coordinator,1.0,30000.0,China,White,Entry,Early_Career,Junior
3543,40.0,Male,PhD,Director Of Hr,13.0,135000.0,USA,African American,Senior,Mid_Career,Senior
3544,23.0,Female,Bachelor,Junior Web Developer,1.0,40000.0,USA,Asian,Entry,Young,Junior
3545,39.0,Male,Master,Senior Hr Generalist,10.0,105000.0,UK,Asian,Mid,Mid_Career,Senior
3546,31.0,Male,High School,Junior Hr Generalist,2.0,35000.0,China,White,Entry,Early_Career,Junior
3547,44.0,Female,PhD,Senior Human Resources Manager,12.0,120000.0,Australia,White,Senior,Mid_Career,Senior
3548,28.0,Male,Master,Web Developer,3.0,55000.0,Canada,Asian,Junior,Early_Career,Junior
3549,32.0,Female,Bachelor,Junior Web Developer,2.0,45000.0,USA,African American,Entry,Early_Career,Junior
3550,45.0,Male,Master,Director Of Hr,14.0,140000.0,UK,Asian,Senior,Mid_Career,Senior
3551,26.0,Female,Bachelor,Web Developer,3.0,55000.0,Canada,White,Junior,Early_Career,Junior
3552,38.0,Male,PhD,Senior Human Resources Manager,11.0,115000.0,China,Chinese,Senior,Mid_Career,Senior
3553,27.0,Female,Master,Senior Hr Generalist,4.0,70000.0,USA,Hispanic,Junior,Early_Career,Senior
3554,33.0,Male,High School,Junior Hr Coordinator,3.0,38000.0,China,Korean,Junior,Early_Career,Junior
3555,42.0,Female,Master,Director Of Hr,13.0,135000.0,USA,Asian,Senior,Mid_Career,Senior
3556,29.0,Male,Bachelor,Junior Web Developer,2.0,45000.0,Canada,White,Entry,Early_Career,Junior
3557,36.0,Female,Master,Web Developer,7.0,85000.0,UK,White,Mid,Mid_Career,Junior
3558,30.0,Male,High School,Junior Hr Generalist,1.0,32000.0,China,Korean,Entry,Early_Career,Junior
3559,43.0,Female,PhD,Senior Human Resources Manager,15.0,150000.0,Canada,Asian,Senior,Mid_Career,Senior
3560,34.0,Male,Bachelor,Web Developer,4.0,65000.0,USA,White,Junior,Early_Career,Junior
3561,25.0,Female,Master,Junior Hr Generalist,1.0,32000.0,Australia,Asian,Entry,Young,Junior
3562,37.0,Male,PhD,Director Of Hr,12.0,120000.0,Australia,White,Senior,Mid_Career,Senior
3563,24.0,Female,Bachelor,Junior Web Developer,1.0,40000.0,UK,Welsh,Entry,Young,Junior
3564,39.0,Male,Master,Senior Hr Generalist,9.0,95000.0,Canada,White,Mid,Mid_Career,Senior
3565,31.0,Male,High School,Junior Hr Generalist,2.0,35000.0,Canada,Black,Entry,Early_Career,Junior
3566,44.0,Female,PhD,Director Of Hr,14.0,140000.0,USA,Asian,Senior,Mid_Career,Senior
3567,28.0,Male,Bachelor,Web Developer,3.0,55000.0,UK,Welsh,Junior,Early_Career,Junior
3568,32.0,Female,Master,Senior Human Resources Manager,6.0,80000.0,Canada,Asian,Mid,Early_Career,Senior
3569,45.0,Male,PhD,Director Of Hr,13.0,135000.0,China,Korean,Senior,Mid_Career,Senior
3570,26.0,Female,Bachelor,Junior Web Developer,2.0,45000.0,UK,White,Entry,Early_Career,Junior
3571,38.0,Male,Master,Senior Hr Generalist,8.0,95000.0,Australia,Asian,Mid,Mid_Career,Senior
3572,27.0,Female,High School,Junior Hr Generalist,1.0,32000.0,UK,Mixed,Entry,Early_Career,Junior
3573,33.0,Male,Bachelor,Web Developer,5.0,70000.0,Canada,White,Junior,Early_Career,Junior
3574,42.0,Female,Master,Director Of Hr,12.0,120000.0,USA,African American,Senior,Mid_Career,Senior
3575,29.0,Male,Master,Senior Human Resources Manager,4.0,70000.0,China,White,Junior,Early_Career,Senior
3576,36.0,Female,Master,Web Developer,7.0,85000.0,China,Chinese,Mid,Mid_Career,Junior
3577,30.0,Male,High School,Junior Hr Coordinator,2.0,33000.0,UK,Mixed,Entry,Early_Career,Junior
3578,43.0,Female,PhD,Senior Human Resources Manager,15.0,150000.0,USA,African American,Senior,Mid_Career,Senior
3579,34.0,Male,Bachelor,Junior Web Developer,3.0,50000.0,China,Chinese,Junior,Early_Career,Junior
3580,25.0,Female,Master,Junior Hr Generalist,1.0,32000.0,USA,Hispanic,Entry,Young,Junior
3581,37.0,Male,PhD,Director Of Hr,11.0,115000.0,USA,White,Senior,Mid_Career,Senior
3582,24.0,Female,Bachelor,Web Developer,1.0,40000.0,China,Chinese,Entry,Young,Junior
3583,39.0,Male,Master,Senior Hr Generalist,10.0,105000.0,USA,Asian,Mid,Mid_Career,Senior
3584,31.0,Male,High School,Junior Hr Generalist,2.0,35000.0,Australia,White,Entry,Early_Career,Junior
3585,44.0,Female,PhD,Director Of Hr,13.0,135000.0,USA,African American,Senior,Mid_Career,Senior
3586,28.0,Male,Bachelor,Web Developer,4.0,65000.0,Canada,Black,Junior,Early_Career,Junior
3587,32.0,Female,Master,Senior Human Resources Manager,6.0,80000.0,Canada,Asian,Mid,Early_Career,Senior
3588,45.0,Male,PhD,Director Of Hr,14.0,140000.0,Australia,Australian,Senior,Mid_Career,Senior
3589,26.0,Female,Bachelor,Junior Web Developer,2.0,45000.0,Australia,White,Entry,Early_Career,Junior
3590,38.0,Male,Master,Senior Hr Generalist,8.0,95000.0,USA,White,Mid,Mid_Career,Senior
3591,27.0,Female,High School,Junior Hr Generalist,1.0,32000.0,Australia,White,Entry,Early_Career,Junior
3592,33.0,Male,Bachelor,Web Developer,5.0,70000.0,UK,White,Junior,Early_Career,Junior
3593,42.0,Female,Master,Director Of Hr,12.0,120000.0,Canada,Black,Senior,Mid_Career,Senior
3594,29.0,Male,Master,Senior Human Resources Manager,4.0,70000.0,UK,Mixed,Junior,Early_Career,Senior
3595,36.0,Female,Master,Web Developer,7.0,85000.0,Australia,Asian,Mid,Mid_Career,Junior
3596,30.0,Male,High School,Junior Hr Coordinator,2.0,33000.0,Australia,Australian,Entry,Early_Career,Junior
3597,43.0,Female,PhD,Senior Human Resources Manager,15.0,150000.0,Australia,Asian,Senior,Mid_Career,Senior
3598,34.0,Male,Bachelor,Junior Web Developer,3.0,50000.0,Australia,Australian,Junior,Early_Career,Junior
3599,25.0,Female,Master,Junior Hr Generalist,1.0,32000.0,Canada,White,Entry,Young,Junior
3600,37.0,Male,PhD,Director Of Hr,11.0,115000.0,Australia,White,Senior,Mid_Career,Senior
3601,24.0,Female,Bachelor,Web Developer,1.0,40000.0,Canada,Black,Entry,Young,Junior
3602,39.0,Male,Master,Senior Hr Generalist,10.0,105000.0,Australia,Asian,Mid,Mid_Career,Senior
3603,31.0,Male,High School,Junior Hr Generalist,2.0,35000.0,Canada,White,Entry,Early_Career,Junior
3604,44.0,Female,PhD,Director Of Hr,13.0,135000.0,China,Korean,Senior,Mid_Career,Senior
3605,28.0,Male,Bachelor,Web Developer,4.0,65000.0,USA,Hispanic,Junior,Early_Career,Junior
3606,32.0,Female,Master,Senior Human Resources Manager,6.0,80000.0,China,White,Mid,Early_Career,Senior
3607,45.0,Male,PhD,Director Of Hr,14.0,140000.0,China,Chinese,Senior,Mid_Career,Senior
3608,26.0,Female,Bachelor,Junior Web Developer,2.0,45000.0,Australia,Asian,Entry,Early_Career,Junior
3609,38.0,Male,Master,Senior Hr Generalist,8.0,95000.0,UK,Welsh,Mid,Mid_Career,Senior
3610,27.0,Female,High School,Junior Hr Generalist,1.0,32000.0,USA,Asian,Entry,Early_Career,Junior
3611,33.0,Male,Bachelor,Web Developer,5.0,70000.0,Australia,Asian,Junior,Early_Career,Junior
3612,42.0,Female,Master,Director Of Hr,12.0,120000.0,USA,African American,Senior,Mid_Career,Senior
3613,29.0,Male,Master,Senior Human Resources Manager,4.0,70000.0,UK,White,Junior,Early_Career,Senior
3614,36.0,Female,Master,Web Developer,7.0,85000.0,UK,Asian,Mid,Mid_Career,Junior
3615,30.0,Male,High School,Junior Hr Coordinator,2.0,33000.0,Canada,Asian,Entry,Early_Career,Junior
3616,43.0,Female,PhD,Senior Human Resources Manager,15.0,150000.0,USA,White,Senior,Mid_Career,Senior
3617,34.0,Male,Bachelor,Junior Web Developer,3.0,50000.0,UK,Welsh,Junior,Early_Career,Junior
3618,25.0,Female,Master,Junior Hr Generalist,1.0,32000.0,Canada,Asian,Entry,Young,Junior
3619,37.0,Male,PhD,Director Of Hr,11.0,115000.0,China,White,Senior,Mid_Career,Senior
3620,24.0,Female,Bachelor,Web Developer,1.0,40000.0,China,White,Entry,Young,Junior
3621,39.0,Male,Master,Senior Hr Generalist,10.0,105000.0,China,White,Mid,Mid_Career,Senior
3622,31.0,Male,High School,Junior Hr Generalist,2.0,35000.0,China,Chinese,Entry,Early_Career,Junior
3623,44.0,Female,PhD,Director Of Hr,13.0,135000.0,UK,Asian,Senior,Mid_Career,Senior
3624,28.0,Male,Bachelor,Web Developer,4.0,65000.0,UK,White,Junior,Early_Career,Junior
3625,32.0,Female,Master,Senior Human Resources Manager,6.0,80000.0,Australia,Asian,Mid,Early_Career,Senior
3626,45.0,Male,PhD,Director Of Hr,14.0,140000.0,USA,White,Senior,Mid_Career,Senior
3627,26.0,Female,Bachelor,Junior Web Developer,2.0,45000.0,UK,Welsh,Entry,Early_Career,Junior
3628,38.0,Male,Master,Senior Hr Generalist,8.0,95000.0,Australia,Australian,Mid,Mid_Career,Senior
3629,27.0,Female,High School,Junior Hr Generalist,1.0,32000.0,UK,Mixed,Entry,Early_Career,Junior
3630,33.0,Male,Bachelor,Web Developer,5.0,70000.0,China,White,Junior,Early_Career,Junior
3631,42.0,Female,Master,Director Of Hr,12.0,120000.0,China,Chinese,Senior,Mid_Career,Senior
3632,29.0,Male,Master,Senior Human Resources Manager,4.0,70000.0,USA,Hispanic,Junior,Early_Career,Senior
3633,36.0,Female,Master,Web Developer,7.0,85000.0,USA,White,Mid,Mid_Career,Junior
3634,30.0,Male,High School,Junior Hr Coordinator,2.0,33000.0,Canada,Asian,Entry,Early_Career,Junior
3635,43.0,Female,PhD,Senior Human Resources Manager,15.0,150000.0,USA,Hispanic,Senior,Mid_Career,Senior
3636,34.0,Male,Bachelor,Junior Web Developer,3.0,50000.0,UK,Mixed,Junior,Early_Career,Junior
3637,25.0,Female,Master,Junior Hr Generalist,1.0,32000.0,UK,White,Entry,Young,Junior
3638,37.0,Male,PhD,Director Of Hr,11.0,115000.0,Australia,White,Senior,Mid_Career,Senior
3639,28.0,Male,Bachelor,Software Engineer,3.0,60000.0,China,Korean,Junior,Early_Career,Junior
3640,37.0,Female,Master,Marketing Manager,9.0,100000.0,China,Korean,Mid,Mid_Career,Senior
3641,43.0,Male,PhD,Data Scientist,15.0,150000.0,Canada,Black,Senior,Mid_Career,Junior
3642,31.0,Female,Bachelor,Human Resources Coordinator,4.0,55000.0,China,White,Junior,Early_Career,Junior
3643,24.0,Male,High School,Junior Sales Associate,1.0,30000.0,China,Korean,Entry,Young,Junior
3644,29.0,Female,Master,Software Developer,5.0,70000.0,UK,Welsh,Junior,Early_Career,Junior
3645,35.0,Male,Bachelor,Operations Manager,8.0,90000.0,UK,Asian,Mid,Early_Career,Senior
3646,26.0,Female,Master,Marketing Coordinator,2.0,40000.0,Canada,White,Entry,Early_Career,Junior
3647,42.0,Male,PhD,Data Scientist,12.0,130000.0,Australia,White,Senior,Mid_Career,Junior
3648,34.0,Female,Bachelor,Human Resources Manager,6.0,75000.0,Australia,Asian,Mid,Early_Career,Senior
3649,27.0,Male,High School,Junior Sales Associate,2.0,35000.0,China,White,Entry,Early_Career,Junior
3650,38.0,Female,Master,Marketing Manager,10.0,110000.0,Canada,Black,Mid,Mid_Career,Senior
3651,30.0,Male,Bachelor,Software Engineer,4.0,65000.0,Canada,Black,Junior,Early_Career,Junior
3652,45.0,Male,PhD,Data Scientist,18.0,180000.0,China,Chinese,Senior,Mid_Career,Junior
3653,25.0,Female,Bachelor,Junior Software Developer,1.0,35000.0,Australia,White,Entry,Young,Junior
3654,40.0,Female,Master,Human Resources Manager,11.0,120000.0,China,Chinese,Senior,Mid_Career,Senior
3655,33.0,Male,Bachelor,Operations Manager,6.0,75000.0,USA,Hispanic,Mid,Early_Career,Senior
3656,29.0,Female,High School,Junior Sales Associate,1.0,30000.0,USA,African American,Entry,Early_Career,Junior
3657,44.0,Male,PhD,Data Scientist,16.0,160000.0,USA,Hispanic,Senior,Mid_Career,Junior
3658,26.0,Male,Bachelor,Software Developer,3.0,60000.0,Australia,Asian,Junior,Early_Career,Junior
3659,36.0,Female,Master,Marketing Coordinator,8.0,85000.0,China,White,Mid,Mid_Career,Junior
3660,31.0,Male,Bachelor,Operations Manager,5.0,70000.0,China,Chinese,Junior,Early_Career,Senior
3661,27.0,Female,Master,Human Resources Coordinator,3.0,50000.0,Australia,Australian,Junior,Early_Career,Junior
3662,42.0,Male,PhD,Data Scientist,13.0,140000.0,Australia,Asian,Senior,Mid_Career,Junior
3663,34.0,Female,Bachelor,Human Resources Manager,6.0,75000.0,UK,Asian,Mid,Early_Career,Senior
3664,28.0,Male,High School,Junior Sales Associate,2.0,35000.0,China,Chinese,Entry,Early_Career,Junior
3665,39.0,Female,Master,Marketing Manager,10.0,110000.0,UK,Welsh,Mid,Mid_Career,Senior
3666,31.0,Male,Bachelor,Software Engineer,4.0,65000.0,Canada,White,Junior,Early_Career,Junior
3667,45.0,Male,PhD,Data Scientist,18.0,180000.0,Canada,White,Senior,Mid_Career,Junior
3668,25.0,Female,Bachelor,Junior Software Developer,1.0,35000.0,China,Chinese,Entry,Young,Junior
3669,40.0,Female,Master,Human Resources Manager,11.0,120000.0,China,Chinese,Senior,Mid_Career,Senior
3670,33.0,Male,Bachelor,Operations Manager,6.0,75000.0,UK,Mixed,Mid,Early_Career,Senior
3671,29.0,Female,High School,Junior Sales Associate,1.0,30000.0,USA,African American,Entry,Early_Career,Junior
3672,44.0,Male,PhD,Data Scientist,16.0,160000.0,Canada,Asian,Senior,Mid_Career,Junior
3673,26.0,Male,Bachelor,Software Developer,3.0,60000.0,China,Chinese,Junior,Early_Career,Junior
3674,36.0,Female,Master,Marketing Coordinator,8.0,85000.0,USA,African American,Mid,Mid_Career,Junior
3675,31.0,Male,Bachelor,Operations Manager,5.0,70000.0,UK,Welsh,Junior,Early_Career,Senior
3676,27.0,Female,Master,Human Resources Coordinator,3.0,50000.0,Canada,Black,Junior,Early_Career,Junior
3677,42.0,Male,PhD,Data Scientist,13.0,140000.0,China,White,Senior,Mid_Career,Junior
3678,34.0,Female,Bachelor,Human Resources Manager,6.0,75000.0,Australia,Asian,Mid,Early_Career,Senior
3679,28.0,Male,High School,Junior Sales Associate,2.0,35000.0,Australia,White,Entry,Early_Career,Junior
3680,39.0,Female,Master,Marketing Manager,10.0,110000.0,UK,Welsh,Mid,Mid_Career,Senior
3681,31.0,Male,Bachelor,Software Engineer,4.0,65000.0,Australia,White,Junior,Early_Career,Junior
3682,45.0,Male,PhD,Data Scientist,18.0,180000.0,UK,White,Senior,Mid_Career,Junior
3683,25.0,Female,Bachelor,Junior Software Developer,1.0,35000.0,Australia,White,Entry,Young,Junior
3684,40.0,Female,Master,Human Resources Manager,11.0,120000.0,UK,White,Senior,Mid_Career,Senior
3685,33.0,Male,Bachelor,Operations Manager,6.0,75000.0,China,Korean,Mid,Early_Career,Senior
3686,29.0,Female,High School,Junior Sales Associate,1.0,30000.0,Australia,Asian,Entry,Early_Career,Junior
3687,44.0,Male,PhD,Data Scientist,16.0,160000.0,Australia,White,Senior,Mid_Career,Junior
3688,26.0,Male,Bachelor,Software Developer,3.0,60000.0,Canada,White,Junior,Early_Career,Junior
3689,36.0,Female,Master,Marketing Coordinator,8.0,85000.0,China,Korean,Mid,Mid_Career,Junior
3690,31.0,Male,Bachelor,Operations Manager,5.0,70000.0,UK,Asian,Junior,Early_Career,Senior
3691,27.0,Female,Master,Human Resources Coordinator,3.0,50000.0,China,Chinese,Junior,Early_Career,Junior
3692,42.0,Male,PhD,Data Scientist,13.0,140000.0,China,Chinese,Senior,Mid_Career,Junior
3693,34.0,Female,Bachelor,Human Resources Manager,6.0,75000.0,Canada,Black,Mid,Early_Career,Senior
3694,28.0,Male,High School,Junior Sales Associate,2.0,35000.0,UK,White,Entry,Early_Career,Junior
3695,39.0,Female,Master,Marketing Manager,10.0,110000.0,UK,Mixed,Mid,Mid_Career,Senior
3696,31.0,Male,Bachelor,Software Engineer,4.0,65000.0,China,Chinese,Junior,Early_Career,Junior
3697,45.0,Male,PhD,Data Scientist,18.0,180000.0,Canada,Black,Senior,Mid_Career,Junior
3698,25.0,Female,Bachelor,Junior Software Developer,1.0,35000.0,USA,Asian,Entry,Young,Junior
3699,40.0,Female,Master,Human Resources Manager,11.0,120000.0,Australia,White,Senior,Mid_Career,Senior
3700,33.0,Male,Bachelor,Operations Manager,6.0,75000.0,China,Chinese,Mid,Early_Career,Senior
3701,29.0,Female,High School,Junior Sales Associate,1.0,30000.0,Australia,Australian,Entry,Early_Career,Junior
3702,44.0,Male,PhD,Data Scientist,16.0,160000.0,Canada,White,Senior,Mid_Career,Junior
3703,26.0,Male,Bachelor,Software Developer,3.0,60000.0,Australia,Asian,Junior,Early_Career,Junior
3704,36.0,Female,Master,Marketing Coordinator,8.0,85000.0,China,Korean,Mid,Mid_Career,Junior
3705,31.0,Male,Bachelor,Operations Manager,5.0,70000.0,China,Korean,Junior,Early_Career,Senior
3706,27.0,Female,Master,Human Resources Coordinator,3.0,50000.0,UK,Asian,Junior,Early_Career,Junior
3707,42.0,Male,PhD,Data Scientist,13.0,140000.0,Australia,Australian,Senior,Mid_Career,Junior
3708,34.0,Female,Bachelor,Human Resources Manager,6.0,75000.0,Australia,White,Mid,Early_Career,Senior
3709,28.0,Male,High School,Junior Sales Associate,2.0,35000.0,Australia,White,Entry,Early_Career,Junior
3710,39.0,Female,Master,Marketing Manager,10.0,110000.0,UK,Asian,Mid,Mid_Career,Senior
3711,31.0,Male,Bachelor,Software Engineer,4.0,65000.0,USA,African American,Junior,Early_Career,Junior
3712,45.0,Male,PhD,Data Scientist,18.0,180000.0,UK,Asian,Senior,Mid_Career,Junior
3713,25.0,Female,Bachelor,Junior Software Developer,1.0,35000.0,Australia,White,Entry,Young,Junior
3714,40.0,Female,Master,Human Resources Manager,11.0,120000.0,Australia,White,Senior,Mid_Career,Senior
3715,33.0,Male,Bachelor,Operations Manager,6.0,75000.0,Australia,White,Mid,Early_Career,Senior
3716,29.0,Female,High School,Junior Sales Associate,1.0,30000.0,Australia,Australian,Entry,Early_Career,Junior
3717,44.0,Male,PhD,Data Scientist,16.0,160000.0,Canada,Black,Senior,Mid_Career,Junior
3718,26.0,Male,Bachelor,Software Developer,3.0,60000.0,USA,African American,Junior,Early_Career,Junior
3719,36.0,Female,Master,Marketing Coordinator,8.0,85000.0,Canada,White,Mid,Mid_Career,Junior
3720,31.0,Male,Bachelor,Operations Manager,5.0,70000.0,China,White,Junior,Early_Career,Senior
3721,27.0,Female,Master,Human Resources Coordinator,3.0,50000.0,Australia,Asian,Junior,Early_Career,Junior
3722,42.0,Male,PhD,Data Scientist,13.0,140000.0,USA,African American,Senior,Mid_Career,Junior
3723,34.0,Female,Bachelor,Human Resources Manager,6.0,75000.0,China,Korean,Mid,Early_Career,Senior
3724,28.0,Male,High School,Junior Sales Associate,2.0,35000.0,UK,White,Entry,Early_Career,Junior
3725,39.0,Female,Master,Marketing Manager,10.0,110000.0,China,Chinese,Mid,Mid_Career,Senior
3726,31.0,Male,Bachelor,Software Engineer,4.0,65000.0,UK,Mixed,Junior,Early_Career,Junior
3727,45.0,Male,PhD,Data Scientist,18.0,180000.0,China,White,Senior,Mid_Career,Junior
3728,25.0,Female,Bachelor,Junior Software Developer,1.0,35000.0,USA,Asian,Entry,Young,Junior
3729,40.0,Female,Master,Human Resources Manager,11.0,120000.0,Canada,Asian,Senior,Mid_Career,Senior
3730,33.0,Male,Bachelor,Operations Manager,6.0,75000.0,Australia,Asian,Mid,Early_Career,Senior
3731,29.0,Female,High School,Junior Sales Associate,1.0,30000.0,Australia,Asian,Entry,Early_Career,Junior
3732,44.0,Male,PhD,Data Scientist,16.0,160000.0,China,White,Senior,Mid_Career,Junior
3733,26.0,Male,Bachelor,Software Developer,3.0,60000.0,Australia,Asian,Junior,Early_Career,Junior
3734,36.0,Female,Master,Marketing Coordinator,8.0,85000.0,Canada,White,Mid,Mid_Career,Junior
3735,31.0,Male,Bachelor,Operations Manager,5.0,70000.0,USA,African American,Junior,Early_Career,Senior
3736,27.0,Female,Master,Human Resources Coordinator,3.0,50000.0,Canada,White,Junior,Early_Career,Junior
3737,42.0,Male,PhD,Data Scientist,13.0,140000.0,USA,White,Senior,Mid_Career,Junior
3738,34.0,Female,Bachelor,Human Resources Manager,6.0,75000.0,UK,White,Mid,Early_Career,Senior
3739,28.0,Male,High School,Junior Sales Associate,2.0,35000.0,Australia,Australian,Entry,Early_Career,Junior
3740,39.0,Female,Master,Marketing Manager,10.0,110000.0,China,White,Mid,Mid_Career,Senior
3741,31.0,Male,Bachelor,Software Engineer,4.0,65000.0,China,White,Junior,Early_Career,Junior
3742,45.0,Male,PhD,Data Scientist,18.0,180000.0,Canada,White,Senior,Mid_Career,Junior
3743,25.0,Female,Bachelor,Junior Software Developer,1.0,35000.0,UK,Mixed,Entry,Young,Junior
3744,40.0,Female,Master,Human Resources Manager,11.0,120000.0,Canada,White,Senior,Mid_Career,Senior
3745,33.0,Male,Bachelor,Operations Manager,6.0,75000.0,USA,White,Mid,Early_Career,Senior
3746,29.0,Female,High School,Junior Sales Associate,1.0,30000.0,China,White,Entry,Early_Career,Junior
3747,44.0,Male,PhD,Data Scientist,16.0,160000.0,Australia,Australian,Senior,Mid_Career,Junior
3748,26.0,Male,Bachelor,Software Developer,3.0,60000.0,USA,African American,Junior,Early_Career,Junior
3749,36.0,Female,Master,Marketing Coordinator,8.0,85000.0,Australia,Australian,Mid,Mid_Career,Junior
3750,31.0,Male,Bachelor,Operations Manager,5.0,70000.0,Canada,White,Junior,Early_Career,Senior
3751,27.0,Female,Master,Human Resources Coordinator,3.0,50000.0,UK,Welsh,Junior,Early_Career,Junior
3752,42.0,Male,PhD,Data Scientist,13.0,140000.0,USA,African American,Senior,Mid_Career,Junior
3753,34.0,Female,Bachelor,Human Resources Manager,6.0,75000.0,Australia,Australian,Mid,Early_Career,Senior
3754,28.0,Male,High School,Junior Sales Associate,2.0,35000.0,UK,Welsh,Entry,Early_Career,Junior
3755,39.0,Female,Master,Marketing Manager,10.0,110000.0,Australia,White,Mid,Mid_Career,Senior
3756,31.0,Male,Bachelor,Software Engineer,4.0,65000.0,Australia,Australian,Junior,Early_Career,Junior
3757,45.0,Male,PhD,Data Scientist,18.0,180000.0,Canada,Black,Senior,Mid_Career,Junior
3758,25.0,Female,Bachelor,Junior Software Developer,1.0,35000.0,Canada,Black,Entry,Young,Junior
3759,40.0,Female,Master,Human Resources Manager,11.0,120000.0,China,White,Senior,Mid_Career,Senior
3760,33.0,Male,Bachelor,Operations Manager,6.0,75000.0,Australia,Australian,Mid,Early_Career,Senior
3761,29.0,Female,High School,Junior Sales Associate,1.0,30000.0,UK,Welsh,Entry,Early_Career,Junior
3762,44.0,Male,PhD,Data Scientist,16.0,160000.0,UK,White,Senior,Mid_Career,Junior
3763,26.0,Male,Bachelor,Software Developer,3.0,60000.0,Australia,White,Junior,Early_Career,Junior
3764,27.0,Male,Bachelor,Software Engineer,3.0,60000.0,UK,Asian,Junior,Early_Career,Junior
3765,38.0,Female,Master,Marketing Manager,9.0,100000.0,UK,Welsh,Mid,Mid_Career,Senior
3766,44.0,Male,PhD,Data Scientist,15.0,150000.0,USA,Asian,Senior,Mid_Career,Junior
3767,30.0,Female,Bachelor,Human Resources Coordinator,4.0,55000.0,Canada,Asian,Junior,Early_Career,Junior
3768,23.0,Male,High School,Junior Sales Associate,1.0,30000.0,Canada,Asian,Entry,Young,Junior
3769,28.0,Female,Master,Software Developer,5.0,70000.0,China,Chinese,Junior,Early_Career,Junior
3770,34.0,Male,Bachelor,Operations Manager,8.0,90000.0,China,White,Mid,Early_Career,Senior
3771,25.0,Female,Master,Marketing Coordinator,2.0,40000.0,Canada,Black,Entry,Young,Junior
3772,41.0,Male,PhD,Data Scientist,12.0,130000.0,USA,White,Senior,Mid_Career,Junior
3773,33.0,Female,Bachelor,Human Resources Manager,6.0,75000.0,USA,Hispanic,Mid,Early_Career,Senior
3774,26.0,Male,High School,Junior Sales Associate,2.0,35000.0,Australia,Asian,Entry,Early_Career,Junior
3775,37.0,Female,Master,Marketing Manager,10.0,110000.0,China,White,Mid,Mid_Career,Senior
3776,29.0,Male,Bachelor,Software Engineer,4.0,65000.0,Canada,White,Junior,Early_Career,Junior
3777,46.0,Male,PhD,Data Scientist,18.0,180000.0,UK,White,Senior,Senior_Career,Junior
3778,26.0,Female,Bachelor,Junior Software Developer,1.0,35000.0,USA,Hispanic,Entry,Early_Career,Junior
3779,39.0,Female,Master,Human Resources Manager,11.0,120000.0,USA,White,Senior,Mid_Career,Senior
3780,32.0,Male,Bachelor,Operations Manager,6.0,75000.0,China,White,Mid,Early_Career,Senior
3781,28.0,Female,High School,Junior Sales Associate,1.0,30000.0,USA,Hispanic,Entry,Early_Career,Junior
3782,43.0,Male,PhD,Data Scientist,16.0,160000.0,Australia,Asian,Senior,Mid_Career,Junior
3783,27.0,Male,Bachelor,Software Developer,3.0,60000.0,Canada,Asian,Junior,Early_Career,Junior
3784,35.0,Female,Master,Marketing Coordinator,8.0,85000.0,UK,Welsh,Mid,Early_Career,Junior
3785,30.0,Male,Bachelor,Operations Manager,5.0,70000.0,USA,Asian,Junior,Early_Career,Senior
3786,26.0,Female,Master,Human Resources Coordinator,3.0,50000.0,USA,African American,Junior,Early_Career,Junior
3787,41.0,Male,PhD,Data Scientist,13.0,140000.0,UK,Welsh,Senior,Mid_Career,Junior
3788,33.0,Female,Bachelor,Human Resources Manager,6.0,75000.0,UK,White,Mid,Early_Career,Senior
3789,27.0,Male,High School,Junior Sales Associate,2.0,35000.0,China,White,Entry,Early_Career,Junior
3790,38.0,Female,Master,Marketing Manager,10.0,110000.0,USA,White,Mid,Mid_Career,Senior
3791,29.0,Male,Bachelor,Software Engineer,4.0,65000.0,Canada,Asian,Junior,Early_Career,Junior
3792,46.0,Male,PhD,Data Scientist,18.0,180000.0,Canada,White,Senior,Senior_Career,Junior
3793,26.0,Female,Bachelor,Junior Software Developer,1.0,35000.0,Australia,White,Entry,Early_Career,Junior
3794,39.0,Female,Master,Human Resources Manager,11.0,120000.0,USA,White,Senior,Mid_Career,Senior
3795,32.0,Male,Bachelor,Operations Manager,6.0,75000.0,China,Chinese,Mid,Early_Career,Senior
3796,28.0,Female,High School,Junior Sales Associate,1.0,30000.0,China,Chinese,Entry,Early_Career,Junior
3797,43.0,Male,PhD,Data Scientist,16.0,160000.0,Australia,Australian,Senior,Mid_Career,Junior
3798,27.0,Male,Bachelor,Software Developer,3.0,60000.0,UK,Welsh,Junior,Early_Career,Junior
3799,35.0,Female,Master,Marketing Coordinator,8.0,85000.0,USA,Asian,Mid,Early_Career,Junior
3800,30.0,Male,Bachelor,Operations Manager,5.0,70000.0,USA,African American,Junior,Early_Career,Senior
3801,26.0,Female,Master,Human Resources Coordinator,3.0,50000.0,UK,Welsh,Junior,Early_Career,Junior
3802,41.0,Male,PhD,Data Scientist,13.0,140000.0,USA,Hispanic,Senior,Mid_Career,Junior
3803,33.0,Female,Bachelor,Human Resources Manager,6.0,75000.0,USA,Asian,Mid,Early_Career,Senior
3804,27.0,Male,High School,Junior Sales Associate,2.0,35000.0,USA,African American,Entry,Early_Career,Junior
3805,38.0,Female,Master,Marketing Manager,10.0,110000.0,USA,African American,Mid,Mid_Career,Senior
3806,29.0,Male,Bachelor,Software Engineer,4.0,65000.0,UK,Mixed,Junior,Early_Career,Junior
3807,46.0,Male,PhD,Data Scientist,18.0,180000.0,Canada,Black,Senior,Senior_Career,Junior
3808,26.0,Female,Bachelor,Junior Software Developer,1.0,35000.0,China,Chinese,Entry,Early_Career,Junior
3809,39.0,Female,Master,Human Resources Manager,11.0,120000.0,USA,African American,Senior,Mid_Career,Senior
3810,32.0,Male,Bachelor,Operations Manager,6.0,75000.0,UK,Welsh,Mid,Early_Career,Senior
3811,28.0,Female,High School,Junior Sales Associate,1.0,30000.0,China,White,Entry,Early_Career,Junior
3812,43.0,Male,PhD,Data Scientist,16.0,160000.0,Canada,White,Senior,Mid_Career,Junior
3813,27.0,Male,Bachelor,Software Developer,3.0,60000.0,China,Korean,Junior,Early_Career,Junior
3814,35.0,Female,Master,Marketing Coordinator,8.0,85000.0,China,Korean,Mid,Early_Career,Junior
3815,30.0,Male,Bachelor,Operations Manager,5.0,70000.0,UK,Mixed,Junior,Early_Career,Senior
3816,26.0,Female,Master,Human Resources Coordinator,3.0,50000.0,USA,Asian,Junior,Early_Career,Junior
3817,41.0,Male,PhD,Data Scientist,13.0,140000.0,UK,Welsh,Senior,Mid_Career,Junior
3818,33.0,Female,Bachelor,Human Resources Manager,6.0,75000.0,Australia,Australian,Mid,Early_Career,Senior
3819,27.0,Male,High School,Junior Sales Associate,2.0,35000.0,USA,White,Entry,Early_Career,Junior
3820,38.0,Female,Master,Marketing Manager,10.0,110000.0,Australia,Australian,Mid,Mid_Career,Senior
3821,29.0,Male,Bachelor,Software Engineer,4.0,65000.0,Canada,Asian,Junior,Early_Career,Junior
3822,46.0,Male,PhD,Data Scientist,18.0,180000.0,UK,Welsh,Senior,Senior_Career,Junior
3823,26.0,Female,Bachelor,Junior Software Developer,1.0,35000.0,Australia,Asian,Entry,Early_Career,Junior
3824,39.0,Female,Master,Human Resources Manager,11.0,120000.0,Canada,Asian,Senior,Mid_Career,Senior
3825,32.0,Male,Bachelor,Operations Manager,6.0,75000.0,China,Chinese,Mid,Early_Career,Senior
3826,28.0,Female,High School,Junior Sales Associate,1.0,30000.0,China,Chinese,Entry,Early_Career,Junior
3827,43.0,Male,PhD,Data Scientist,16.0,160000.0,Canada,Asian,Senior,Mid_Career,Junior
3828,27.0,Male,Bachelor,Software Developer,3.0,60000.0,China,White,Junior,Early_Career,Junior
3829,35.0,Female,Master,Marketing Coordinator,8.0,85000.0,Canada,Black,Mid,Early_Career,Junior
3830,30.0,Male,Bachelor,Operations Manager,5.0,70000.0,Canada,White,Junior,Early_Career,Senior
3831,26.0,Female,Master,Human Resources Coordinator,3.0,50000.0,China,Korean,Junior,Early_Career,Junior
3832,41.0,Male,PhD,Data Scientist,13.0,140000.0,UK,Welsh,Senior,Mid_Career,Junior
3833,33.0,Female,Bachelor,Human Resources Manager,6.0,75000.0,Canada,White,Mid,Early_Career,Senior
3834,27.0,Male,High School,Junior Sales Associate,2.0,35000.0,Australia,Australian,Entry,Early_Career,Junior
3835,38.0,Female,Master,Marketing Manager,10.0,110000.0,USA,African American,Mid,Mid_Career,Senior
3836,29.0,Male,Bachelor,Software Engineer,4.0,65000.0,Australia,Asian,Junior,Early_Career,Junior
3837,46.0,Male,PhD,Data Scientist,18.0,180000.0,Australia,White,Senior,Senior_Career,Junior
3838,26.0,Female,Bachelor,Junior Software Developer,1.0,35000.0,USA,Asian,Entry,Early_Career,Junior
3839,39.0,Female,Master,Human Resources Manager,11.0,120000.0,Canada,Black,Senior,Mid_Career,Senior
3840,32.0,Male,Bachelor,Operations Manager,6.0,75000.0,USA,Asian,Mid,Early_Career,Senior
3841,28.0,Female,High School,Junior Sales Associate,1.0,30000.0,Australia,Australian,Entry,Early_Career,Junior
3842,43.0,Male,PhD,Data Scientist,16.0,160000.0,Australia,White,Senior,Mid_Career,Junior
3843,27.0,Male,Bachelor,Software Developer,3.0,60000.0,Canada,Asian,Junior,Early_Career,Junior
3844,35.0,Female,Master,Marketing Coordinator,8.0,85000.0,UK,Asian,Mid,Early_Career,Junior
3845,30.0,Male,Bachelor,Operations Manager,5.0,70000.0,Australia,Australian,Junior,Early_Career,Senior
3846,26.0,Female,Master,Human Resources Coordinator,3.0,50000.0,USA,White,Junior,Early_Career,Junior
3847,41.0,Male,PhD,Data Scientist,13.0,140000.0,Australia,Asian,Senior,Mid_Career,Junior
3848,33.0,Female,Bachelor,Human Resources Manager,6.0,75000.0,Canada,Asian,Mid,Early_Career,Senior
3849,27.0,Male,High School,Junior Sales Associate,2.0,35000.0,Canada,Asian,Entry,Early_Career,Junior
3850,38.0,Female,Master,Marketing Manager,10.0,110000.0,UK,Welsh,Mid,Mid_Career,Senior
3851,29.0,Male,Bachelor,Software Engineer,4.0,65000.0,UK,White,Junior,Early_Career,Junior
3852,46.0,Male,PhD,Data Scientist,18.0,180000.0,UK,Asian,Senior,Senior_Career,Junior
3853,26.0,Female,Bachelor,Junior Software Developer,1.0,35000.0,Australia,White,Entry,Early_Career,Junior
3854,39.0,Female,Master,Human Resources Manager,11.0,120000.0,UK,Asian,Senior,Mid_Career,Senior
3855,32.0,Male,Bachelor,Operations Manager,6.0,75000.0,USA,African American,Mid,Early_Career,Senior
3856,28.0,Female,High School,Junior Sales Associate,1.0,30000.0,UK,Welsh,Entry,Early_Career,Junior
3857,43.0,Male,PhD,Data Scientist,16.0,160000.0,UK,Welsh,Senior,Mid_Career,Junior
3858,27.0,Male,Bachelor,Software Developer,3.0,60000.0,China,Chinese,Junior,Early_Career,Junior
3859,35.0,Female,Master,Marketing Coordinator,8.0,85000.0,China,White,Mid,Early_Career,Junior
3860,30.0,Male,Bachelor,Operations Manager,5.0,70000.0,China,Chinese,Junior,Early_Career,Senior
3861,26.0,Female,Master,Human Resources Coordinator,3.0,50000.0,Canada,Black,Junior,Early_Career,Junior
3862,41.0,Male,PhD,Data Scientist,13.0,140000.0,Canada,Black,Senior,Mid_Career,Junior
3863,33.0,Female,Bachelor,Human Resources Manager,6.0,75000.0,Australia,Australian,Mid,Early_Career,Senior
3864,27.0,Male,High School,Junior Sales Associate,2.0,35000.0,Australia,Asian,Entry,Early_Career,Junior
3865,38.0,Female,Master,Marketing Manager,10.0,110000.0,Canada,Black,Mid,Mid_Career,Senior
3866,29.0,Male,Bachelor,Software Engineer,4.0,65000.0,China,Chinese,Junior,Early_Career,Junior
3867,46.0,Male,PhD,Data Scientist,18.0,180000.0,UK,Asian,Senior,Senior_Career,Junior
3868,26.0,Female,Bachelor,Junior Software Developer,1.0,35000.0,Canada,White,Entry,Early_Career,Junior
3869,39.0,Female,Master,Human Resources Manager,11.0,120000.0,China,Korean,Senior,Mid_Career,Senior
3870,32.0,Male,Bachelor,Operations Manager,6.0,75000.0,USA,Asian,Mid,Early_Career,Senior
3871,28.0,Female,High School,Junior Sales Associate,1.0,30000.0,USA,African American,Entry,Early_Career,Junior
3872,43.0,Male,PhD,Data Scientist,16.0,160000.0,Canada,Asian,Senior,Mid_Career,Junior
3873,27.0,Male,Bachelor,Software Developer,3.0,60000.0,UK,Asian,Junior,Early_Career,Junior
3874,35.0,Female,Master,Marketing Coordinator,8.0,85000.0,UK,Welsh,Mid,Early_Career,Junior
3875,30.0,Male,Bachelor,Operations Manager,5.0,70000.0,UK,Welsh,Junior,Early_Career,Senior
3876,26.0,Female,Master,Human Resources Coordinator,3.0,50000.0,China,White,Junior,Early_Career,Junior
3877,41.0,Male,PhD,Data Scientist,13.0,140000.0,Canada,Black,Senior,Mid_Career,Junior
3878,33.0,Female,Bachelor,Human Resources Manager,6.0,75000.0,Canada,White,Mid,Early_Career,Senior
3879,27.0,Male,High School,Junior Sales Associate,2.0,35000.0,UK,White,Entry,Early_Career,Junior
3880,38.0,Female,Master,Marketing Manager,10.0,110000.0,UK,Mixed,Mid,Mid_Career,Senior
3881,29.0,Male,Bachelor,Software Engineer,4.0,65000.0,Canada,Asian,Junior,Early_Career,Junior
3882,46.0,Male,PhD,Data Scientist,18.0,180000.0,China,White,Senior,Senior_Career,Junior
3883,26.0,Female,Bachelor,Junior Software Developer,1.0,35000.0,Australia,White,Entry,Early_Career,Junior
3884,39.0,Female,Master,Human Resources Manager,11.0,120000.0,Australia,Australian,Senior,Mid_Career,Senior
3885,32.0,Male,Bachelor,Operations Manager,6.0,75000.0,Canada,Black,Mid,Early_Career,Senior
3886,28.0,Female,High School,Junior Sales Associate,1.0,30000.0,Canada,White,Entry,Early_Career,Junior
3887,43.0,Male,PhD,Data Scientist,16.0,160000.0,Australia,White,Senior,Mid_Career,Junior
3888,27.0,Male,Bachelor,Software Developer,3.0,60000.0,China,Korean,Junior,Early_Career,Junior
3889,24.0,Male,Bachelor,Software Engineer,2.0,55000.0,Canada,Asian,Entry,Young,Junior
3890,32.0,Female,Master,Marketing Manager,7.0,90000.0,UK,Asian,Mid,Early_Career,Senior
3891,45.0,Male,PhD,Data Scientist,16.0,160000.0,Australia,Asian,Senior,Mid_Career,Junior
3892,28.0,Female,Bachelor,Human Resources Coordinator,4.0,60000.0,Canada,White,Junior,Early_Career,Junior
3893,22.0,Male,High School,Junior Sales Associate,1.0,25000.0,USA,African American,Entry,Young,Junior
3894,29.0,Female,Master,Software Developer,5.0,70000.0,Australia,Asian,Junior,Early_Career,Junior
3895,36.0,Male,Bachelor,Operations Manager,8.0,100000.0,Australia,Asian,Mid,Mid_Career,Senior
3896,27.0,Female,Bachelor,Marketing Coordinator,3.0,45000.0,UK,Asian,Junior,Early_Career,Junior
3897,42.0,Male,PhD,Data Scientist,14.0,140000.0,Australia,Asian,Senior,Mid_Career,Junior
3898,34.0,Female,Bachelor,Human Resources Manager,6.0,75000.0,Canada,Black,Mid,Early_Career,Senior
3899,25.0,Male,High School,Junior Sales Associate,2.0,30000.0,USA,African American,Entry,Young,Junior
3900,39.0,Female,Master,Marketing Manager,11.0,120000.0,Canada,Black,Senior,Mid_Career,Senior
3901,30.0,Male,Bachelor,Software Engineer,4.0,65000.0,Canada,White,Junior,Early_Career,Junior
3902,47.0,Male,PhD,Data Scientist,19.0,190000.0,Australia,Australian,Senior,Senior_Career,Junior
3903,25.0,Female,Bachelor,Junior Software Developer,1.0,35000.0,China,Korean,Entry,Young,Junior
3904,40.0,Female,Master,Human Resources Manager,12.0,130000.0,China,Chinese,Senior,Mid_Career,Senior
3905,33.0,Male,Bachelor,Operations Manager,7.0,85000.0,Australia,Asian,Mid,Early_Career,Senior
3906,29.0,Female,High School,Junior Sales Associate,1.0,25000.0,Australia,Asian,Entry,Early_Career,Junior
3907,44.0,Male,PhD,Data Scientist,15.0,150000.0,China,White,Senior,Mid_Career,Junior
3908,28.0,Male,Bachelor,Software Developer,3.0,60000.0,Australia,Australian,Junior,Early_Career,Junior
3909,36.0,Female,Master,Marketing Coordinator,9.0,100000.0,USA,Asian,Mid,Mid_Career,Junior
3910,31.0,Male,Bachelor,Operations Manager,6.0,75000.0,Canada,White,Mid,Early_Career,Senior
3911,27.0,Female,Master,Human Resources Coordinator,3.0,50000.0,Australia,White,Junior,Early_Career,Junior
3912,42.0,Male,PhD,Data Scientist,14.0,140000.0,China,Korean,Senior,Mid_Career,Junior
3913,34.0,Female,Bachelor,Human Resources Manager,6.0,75000.0,Canada,Black,Mid,Early_Career,Senior
3914,26.0,Male,High School,Junior Sales Associate,2.0,30000.0,China,Chinese,Entry,Early_Career,Junior
3915,39.0,Female,Master,Marketing Manager,11.0,120000.0,UK,White,Senior,Mid_Career,Senior
3916,30.0,Male,Bachelor,Software Engineer,4.0,65000.0,China,Korean,Junior,Early_Career,Junior
3917,47.0,Male,PhD,Data Scientist,19.0,190000.0,Australia,White,Senior,Senior_Career,Junior
3918,25.0,Female,Bachelor,Junior Software Developer,1.0,35000.0,Australia,Australian,Entry,Young,Junior
3919,40.0,Female,Master,Human Resources Manager,12.0,130000.0,China,White,Senior,Mid_Career,Senior
3920,33.0,Male,Bachelor,Operations Manager,7.0,85000.0,UK,Welsh,Mid,Early_Career,Senior
3921,29.0,Female,High School,Junior Sales Associate,1.0,25000.0,Australia,Australian,Entry,Early_Career,Junior
3922,44.0,Male,PhD,Data Scientist,15.0,150000.0,Canada,White,Senior,Mid_Career,Junior
3923,28.0,Male,Bachelor,Software Developer,3.0,60000.0,China,Chinese,Junior,Early_Career,Junior
3924,36.0,Female,Master,Marketing Coordinator,9.0,100000.0,China,Chinese,Mid,Mid_Career,Junior
3925,31.0,Male,Bachelor,Operations Manager,6.0,75000.0,USA,Asian,Mid,Early_Career,Senior
3926,27.0,Female,Master,Human Resources Coordinator,3.0,50000.0,USA,Hispanic,Junior,Early_Career,Junior
3927,42.0,Male,PhD,Data Scientist,14.0,140000.0,Canada,White,Senior,Mid_Career,Junior
3928,34.0,Female,Bachelor,Human Resources Manager,6.0,75000.0,Australia,White,Mid,Early_Career,Senior
3929,26.0,Male,High School,Junior Sales Associate,2.0,30000.0,USA,White,Entry,Early_Career,Junior
3930,39.0,Female,Master,Marketing Manager,11.0,120000.0,China,Korean,Senior,Mid_Career,Senior
3931,30.0,Male,Bachelor,Software Engineer,4.0,65000.0,China,White,Junior,Early_Career,Junior
3932,47.0,Male,PhD,Data Scientist,19.0,190000.0,Australia,Australian,Senior,Senior_Career,Junior
3933,25.0,Female,Bachelor,Junior Software Developer,1.0,35000.0,Australia,Asian,Entry,Young,Junior
3934,40.0,Female,Master,Human Resources Manager,12.0,130000.0,China,Chinese,Senior,Mid_Career,Senior
3935,33.0,Male,Bachelor,Operations Manager,7.0,85000.0,Canada,Asian,Mid,Early_Career,Senior
3936,29.0,Female,High School,Junior Sales Associate,1.0,25000.0,Canada,Asian,Entry,Early_Career,Junior
3937,44.0,Male,PhD,Data Scientist,15.0,150000.0,China,White,Senior,Mid_Career,Junior
3938,28.0,Male,Bachelor,Software Developer,3.0,60000.0,USA,Hispanic,Junior,Early_Career,Junior
3939,36.0,Female,Master,Marketing Coordinator,9.0,100000.0,UK,Asian,Mid,Mid_Career,Junior
3940,31.0,Male,Bachelor,Operations Manager,6.0,75000.0,China,Korean,Mid,Early_Career,Senior
3941,27.0,Female,Master,Human Resources Coordinator,3.0,50000.0,Canada,Black,Junior,Early_Career,Junior
3942,42.0,Male,PhD,Data Scientist,14.0,140000.0,Canada,Black,Senior,Mid_Career,Junior
3943,34.0,Female,Bachelor,Human Resources Manager,6.0,75000.0,USA,Asian,Mid,Early_Career,Senior
3944,26.0,Male,High School,Junior Sales Associate,2.0,30000.0,Australia,Australian,Entry,Early_Career,Junior
3945,39.0,Female,Master,Marketing Manager,11.0,120000.0,USA,Hispanic,Senior,Mid_Career,Senior
3946,30.0,Male,Bachelor,Software Engineer,4.0,65000.0,UK,Asian,Junior,Early_Career,Junior
3947,47.0,Male,PhD,Data Scientist,19.0,190000.0,Canada,Asian,Senior,Senior_Career,Junior
3948,25.0,Female,Bachelor,Junior Software Developer,1.0,35000.0,USA,Hispanic,Entry,Young,Junior
3949,40.0,Female,Master,Human Resources Manager,12.0,130000.0,UK,White,Senior,Mid_Career,Senior
3950,33.0,Male,Bachelor,Operations Manager,7.0,85000.0,Canada,Asian,Mid,Early_Career,Senior
3951,29.0,Female,High School,Junior Sales Associate,1.0,25000.0,UK,White,Entry,Early_Career,Junior
3952,44.0,Male,PhD,Data Scientist,15.0,150000.0,USA,African American,Senior,Mid_Career,Junior
3953,28.0,Male,Bachelor,Software Developer,3.0,60000.0,China,White,Junior,Early_Career,Junior
3954,36.0,Female,Master,Marketing Coordinator,9.0,100000.0,USA,White,Mid,Mid_Career,Junior
3955,31.0,Male,Bachelor,Operations Manager,6.0,75000.0,Australia,Asian,Mid,Early_Career,Senior
3956,27.0,Female,Master,Human Resources Coordinator,3.0,50000.0,Australia,Australian,Junior,Early_Career,Junior
3957,42.0,Male,PhD,Data Scientist,14.0,140000.0,USA,White,Senior,Mid_Career,Junior
3958,34.0,Female,Bachelor,Human Resources Manager,6.0,75000.0,Canada,Black,Mid,Early_Career,Senior
3959,26.0,Male,High School,Junior Sales Associate,2.0,30000.0,Australia,Australian,Entry,Early_Career,Junior
3960,39.0,Female,Master,Marketing Manager,11.0,120000.0,USA,White,Senior,Mid_Career,Senior
3961,30.0,Male,Bachelor,Software Engineer,4.0,65000.0,UK,Mixed,Junior,Early_Career,Junior
3962,47.0,Male,PhD,Data Scientist,19.0,190000.0,Canada,Asian,Senior,Senior_Career,Junior
3963,25.0,Female,Bachelor,Junior Software Developer,1.0,35000.0,Canada,Asian,Entry,Young,Junior
3964,40.0,Female,Master,Human Resources Manager,12.0,130000.0,China,Korean,Senior,Mid_Career,Senior
3965,33.0,Male,Bachelor,Operations Manager,7.0,85000.0,USA,White,Mid,Early_Career,Senior
3966,29.0,Female,High School,Junior Sales Associate,1.0,25000.0,Australia,Australian,Entry,Early_Career,Junior
3967,44.0,Male,PhD,Data Scientist,15.0,150000.0,USA,Hispanic,Senior,Mid_Career,Junior
3968,28.0,Male,Bachelor,Software Developer,3.0,60000.0,Australia,White,Junior,Early_Career,Junior
3969,36.0,Female,Master,Marketing Coordinator,9.0,100000.0,Canada,Asian,Mid,Mid_Career,Junior
3970,31.0,Male,Bachelor,Operations Manager,6.0,75000.0,Australia,Australian,Mid,Early_Career,Senior
3971,27.0,Female,Master,Human Resources Coordinator,3.0,50000.0,USA,White,Junior,Early_Career,Junior
3972,42.0,Male,PhD,Data Scientist,14.0,140000.0,Canada,Black,Senior,Mid_Career,Junior
3973,34.0,Female,Bachelor,Human Resources Manager,6.0,75000.0,UK,Asian,Mid,Early_Career,Senior
3974,26.0,Male,High School,Junior Sales Associate,2.0,30000.0,USA,African American,Entry,Early_Career,Junior
3975,39.0,Female,Master,Marketing Manager,11.0,120000.0,China,Chinese,Senior,Mid_Career,Senior
3976,30.0,Male,Bachelor,Software Engineer,4.0,65000.0,China,Chinese,Junior,Early_Career,Junior
3977,47.0,Male,PhD,Data Scientist,19.0,190000.0,UK,White,Senior,Senior_Career,Junior
3978,25.0,Female,Bachelor,Junior Software Developer,1.0,35000.0,UK,Asian,Entry,Young,Junior
3979,40.0,Female,Master,Human Resources Manager,12.0,130000.0,USA,White,Senior,Mid_Career,Senior
3980,33.0,Male,Bachelor,Operations Manager,7.0,85000.0,UK,Welsh,Mid,Early_Career,Senior
3981,29.0,Female,High School,Junior Sales Associate,1.0,25000.0,USA,White,Entry,Early_Career,Junior
3982,44.0,Male,PhD,Data Scientist,15.0,150000.0,Australia,Australian,Senior,Mid_Career,Junior
3983,28.0,Male,Bachelor,Software Developer,3.0,60000.0,China,Chinese,Junior,Early_Career,Junior
3984,36.0,Female,Master,Marketing Coordinator,9.0,100000.0,USA,Asian,Mid,Mid_Career,Junior
3985,31.0,Male,Bachelor,Operations Manager,6.0,75000.0,China,Chinese,Mid,Early_Career,Senior
3986,27.0,Female,Master,Human Resources Coordinator,3.0,50000.0,Australia,Australian,Junior,Early_Career,Junior
3987,42.0,Male,PhD,Data Scientist,14.0,140000.0,Australia,White,Senior,Mid_Career,Junior
3988,34.0,Female,Bachelor,Human Resources Manager,6.0,75000.0,China,Korean,Mid,Early_Career,Senior
3989,26.0,Male,High School,Junior Sales Associate,2.0,30000.0,UK,Welsh,Entry,Early_Career,Junior
3990,39.0,Female,Master,Marketing Manager,11.0,120000.0,China,White,Senior,Mid_Career,Senior
3991,30.0,Male,Bachelor,Software Engineer,4.0,65000.0,China,White,Junior,Early_Career,Junior
3992,47.0,Male,PhD,Data Scientist,19.0,190000.0,Australia,White,Senior,Senior_Career,Junior
3993,25.0,Female,Bachelor,Junior Software Developer,1.0,35000.0,Australia,White,Entry,Young,Junior
3994,40.0,Female,Master,Human Resources Manager,12.0,130000.0,UK,Asian,Senior,Mid_Career,Senior
3995,33.0,Male,Bachelor,Operations Manager,7.0,85000.0,USA,Asian,Mid,Early_Career,Senior
3996,29.0,Female,High School,Junior Sales Associate,1.0,25000.0,USA,African American,Entry,Early_Career,Junior
3997,44.0,Male,PhD,Data Scientist,15.0,150000.0,Australia,White,Senior,Mid_Career,Junior
3998,28.0,Male,Bachelor,Software Developer,3.0,60000.0,UK,Mixed,Junior,Early_Career,Junior
3999,36.0,Female,Master,Marketing Coordinator,9.0,100000.0,China,Chinese,Mid,Mid_Career,Junior
4000,31.0,Male,Bachelor,Operations Manager,6.0,75000.0,USA,White,Mid,Early_Career,Senior
4001,27.0,Female,Master,Human Resources Coordinator,3.0,50000.0,Australia,Asian,Junior,Early_Career,Junior
4002,42.0,Male,PhD,Data Scientist,14.0,140000.0,USA,African American,Senior,Mid_Career,Junior
4003,34.0,Female,Bachelor,Human Resources Manager,6.0,75000.0,China,Chinese,Mid,Early_Career,Senior
4004,26.0,Male,High School,Junior Sales Associate,2.0,30000.0,Canada,White,Entry,Early_Career,Junior
4005,39.0,Female,Master,Marketing Manager,11.0,120000.0,USA,African American,Senior,Mid_Career,Senior
4006,30.0,Male,Bachelor,Software Engineer,4.0,65000.0,USA,Asian,Junior,Early_Career,Junior
4007,47.0,Male,PhD,Data Scientist,19.0,190000.0,Australia,White,Senior,Senior_Career,Junior
4008,25.0,Female,Bachelor,Junior Software Developer,1.0,35000.0,Canada,White,Entry,Young,Junior
4009,40.0,Female,Master,Human Resources Manager,12.0,130000.0,China,White,Senior,Mid_Career,Senior
4010,33.0,Male,Bachelor,Operations Manager,7.0,85000.0,Australia,Asian,Mid,Early_Career,Senior
4011,29.0,Female,High School,Junior Sales Associate,1.0,25000.0,USA,White,Entry,Early_Career,Junior
4012,44.0,Male,PhD,Data Scientist,15.0,150000.0,USA,African American,Senior,Mid_Career,Junior
4013,28.0,Male,Bachelor,Software Developer,3.0,60000.0,China,Korean,Junior,Early_Career,Junior
4014,31.0,Male,Bachelor,Software Engineer,5.0,80000.0,UK,Mixed,Junior,Early_Career,Junior
4015,27.0,Female,Master,Marketing Manager,3.0,60000.0,UK,White,Junior,Early_Career,Senior
4016,38.0,Male,PhD,Data Scientist,12.0,130000.0,China,Korean,Senior,Mid_Career,Junior
4017,29.0,Female,Bachelor,Human Resources Coordinator,2.0,45000.0,China,Chinese,Entry,Early_Career,Junior
4018,23.0,Male,High School,Junior Sales Associate,1.0,25000.0,USA,Asian,Entry,Young,Junior
4019,32.0,Female,Master,Software Developer,7.0,90000.0,USA,African American,Mid,Early_Career,Junior
4020,44.0,Male,Bachelor,Operations Manager,18.0,170000.0,USA,Hispanic,Senior,Mid_Career,Senior
4021,26.0,Female,Bachelor,Marketing Coordinator,2.0,40000.0,Canada,Asian,Entry,Early_Career,Junior
4022,40.0,Male,PhD,Data Scientist,15.0,150000.0,UK,Mixed,Senior,Mid_Career,Junior
4023,33.0,Female,Bachelor,Human Resources Manager,8.0,95000.0,Australia,Australian,Mid,Early_Career,Senior
4024,24.0,Male,High School,Junior Sales Associate,1.0,25000.0,USA,Hispanic,Entry,Young,Junior
4025,35.0,Female,Master,Marketing Manager,10.0,110000.0,Canada,Asian,Mid,Early_Career,Senior
4026,29.0,Male,Bachelor,Software Engineer,4.0,70000.0,Australia,Australian,Junior,Early_Career,Junior
4027,49.0,Male,PhD,Data Scientist,22.0,220000.0,UK,White,Expert,Senior_Career,Junior
4028,26.0,Female,Bachelor,Junior Software Developer,2.0,35000.0,USA,African American,Entry,Early_Career,Junior
4029,41.0,Female,Master,Human Resources Manager,13.0,140000.0,China,Chinese,Senior,Mid_Career,Senior
4030,36.0,Male,Bachelor,Operations Manager,9.0,110000.0,UK,Asian,Mid,Mid_Career,Senior
4031,28.0,Female,High School,Junior Sales Associate,1.0,25000.0,China,White,Entry,Early_Career,Junior
4032,43.0,Male,PhD,Data Scientist,16.0,160000.0,USA,White,Senior,Mid_Career,Junior
4033,29.0,Male,Bachelor,Software Developer,5.0,80000.0,UK,White,Junior,Early_Career,Junior
4034,39.0,Female,Master,Marketing Coordinator,11.0,120000.0,Canada,Black,Senior,Mid_Career,Junior
4035,32.0,Male,Bachelor,Operations Manager,6.0,90000.0,UK,Asian,Mid,Early_Career,Senior
4036,28.0,Female,Master,Human Resources Coordinator,2.0,45000.0,USA,Asian,Entry,Early_Career,Junior
4037,40.0,Male,PhD,Data Scientist,15.0,150000.0,UK,Welsh,Senior,Mid_Career,Junior
4038,33.0,Female,Bachelor,Human Resources Manager,8.0,95000.0,USA,Hispanic,Mid,Early_Career,Senior
4039,24.0,Male,High School,Junior Sales Associate,1.0,25000.0,UK,Asian,Entry,Young,Junior
4040,35.0,Female,Master,Marketing Manager,10.0,110000.0,Australia,White,Mid,Early_Career,Senior
4041,29.0,Male,Bachelor,Software Engineer,4.0,70000.0,UK,Mixed,Junior,Early_Career,Junior
4042,49.0,Male,PhD,Data Scientist,22.0,220000.0,UK,Mixed,Expert,Senior_Career,Junior
4043,26.0,Female,Bachelor,Junior Software Developer,2.0,35000.0,USA,Asian,Entry,Early_Career,Junior
4044,41.0,Female,Master,Human Resources Manager,13.0,140000.0,Australia,White,Senior,Mid_Career,Senior
4045,36.0,Male,Bachelor,Operations Manager,9.0,110000.0,China,Korean,Mid,Mid_Career,Senior
4046,28.0,Female,High School,Junior Sales Associate,1.0,25000.0,China,Chinese,Entry,Early_Career,Junior
4047,43.0,Male,PhD,Data Scientist,16.0,160000.0,UK,Welsh,Senior,Mid_Career,Junior
4048,29.0,Male,Bachelor,Software Developer,5.0,80000.0,China,Chinese,Junior,Early_Career,Junior
4049,39.0,Female,Master,Marketing Coordinator,11.0,120000.0,China,Korean,Senior,Mid_Career,Junior
4050,32.0,Male,Bachelor,Operations Manager,6.0,90000.0,Australia,Australian,Mid,Early_Career,Senior
4051,28.0,Female,Master,Human Resources Coordinator,2.0,45000.0,USA,Hispanic,Entry,Early_Career,Junior
4052,40.0,Male,PhD,Data Scientist,15.0,150000.0,USA,Asian,Senior,Mid_Career,Junior
4053,33.0,Female,Bachelor,Human Resources Manager,8.0,95000.0,Canada,Asian,Mid,Early_Career,Senior
4054,24.0,Male,High School,Junior Sales Associate,1.0,25000.0,Australia,Australian,Entry,Young,Junior
4055,35.0,Female,Master,Marketing Manager,10.0,110000.0,Australia,Asian,Mid,Early_Career,Senior
4056,29.0,Male,Bachelor,Software Engineer,4.0,70000.0,Canada,Asian,Junior,Early_Career,Junior
4057,49.0,Male,PhD,Data Scientist,22.0,220000.0,China,White,Expert,Senior_Career,Junior
4058,26.0,Female,Bachelor,Junior Software Developer,2.0,35000.0,China,Chinese,Entry,Early_Career,Junior
4059,41.0,Female,Master,Human Resources Manager,13.0,140000.0,USA,African American,Senior,Mid_Career,Senior
4060,36.0,Male,Bachelor,Operations Manager,9.0,110000.0,USA,African American,Mid,Mid_Career,Senior
4061,28.0,Female,High School,Junior Sales Associate,1.0,25000.0,Australia,Asian,Entry,Early_Career,Junior
4062,43.0,Male,PhD,Data Scientist,16.0,160000.0,Australia,Australian,Senior,Mid_Career,Junior
4063,29.0,Male,Bachelor,Software Developer,5.0,80000.0,China,White,Junior,Early_Career,Junior
4064,39.0,Female,Master,Marketing Coordinator,11.0,120000.0,USA,Hispanic,Senior,Mid_Career,Junior
4065,32.0,Male,Bachelor,Operations Manager,6.0,90000.0,USA,African American,Mid,Early_Career,Senior
4066,28.0,Female,Master,Human Resources Coordinator,2.0,45000.0,Australia,Australian,Entry,Early_Career,Junior
4067,40.0,Male,PhD,Data Scientist,15.0,150000.0,Australia,Australian,Senior,Mid_Career,Junior
4068,33.0,Female,Bachelor,Human Resources Manager,8.0,95000.0,UK,White,Mid,Early_Career,Senior
4069,24.0,Male,High School,Junior Sales Associate,1.0,25000.0,Canada,Asian,Entry,Young,Junior
4070,35.0,Female,Master,Marketing Manager,10.0,110000.0,UK,Welsh,Mid,Early_Career,Senior
4071,29.0,Male,Bachelor,Software Engineer,4.0,70000.0,China,Chinese,Junior,Early_Career,Junior
4072,49.0,Male,PhD,Data Scientist,22.0,220000.0,Australia,Asian,Expert,Senior_Career,Junior
4073,26.0,Female,Bachelor,Junior Software Developer,2.0,35000.0,Australia,Asian,Entry,Early_Career,Junior
4074,41.0,Female,Master,Human Resources Manager,13.0,140000.0,UK,Asian,Senior,Mid_Career,Senior
4075,36.0,Male,Bachelor,Operations Manager,9.0,110000.0,Australia,Asian,Mid,Mid_Career,Senior
4076,28.0,Female,High School,Junior Sales Associate,1.0,25000.0,UK,White,Entry,Early_Career,Junior
4077,43.0,Male,PhD,Data Scientist,16.0,160000.0,UK,Mixed,Senior,Mid_Career,Junior
4078,29.0,Male,Bachelor,Software Developer,5.0,80000.0,Australia,Australian,Junior,Early_Career,Junior
4079,39.0,Female,Master,Marketing Coordinator,11.0,120000.0,China,Chinese,Senior,Mid_Career,Junior
4080,32.0,Male,Bachelor,Operations Manager,6.0,90000.0,USA,White,Mid,Early_Career,Senior
4081,28.0,Female,Master,Human Resources Coordinator,2.0,45000.0,USA,White,Entry,Early_Career,Junior
4082,40.0,Male,PhD,Data Scientist,15.0,150000.0,Canada,Asian,Senior,Mid_Career,Junior
4083,33.0,Female,Bachelor,Human Resources Manager,8.0,95000.0,China,Chinese,Mid,Early_Career,Senior
4084,24.0,Male,High School,Junior Sales Associate,1.0,25000.0,Canada,Black,Entry,Young,Junior
4085,35.0,Female,Master,Marketing Manager,10.0,110000.0,USA,White,Mid,Early_Career,Senior
4086,29.0,Male,Bachelor,Software Engineer,4.0,70000.0,China,White,Junior,Early_Career,Junior
4087,49.0,Male,PhD,Data Scientist,22.0,220000.0,Canada,White,Expert,Senior_Career,Junior
4088,26.0,Female,Bachelor,Junior Software Developer,2.0,35000.0,China,White,Entry,Early_Career,Junior
4089,41.0,Female,Master,Human Resources Manager,13.0,140000.0,USA,Hispanic,Senior,Mid_Career,Senior
4090,36.0,Male,Bachelor,Operations Manager,9.0,110000.0,USA,Hispanic,Mid,Mid_Career,Senior
4091,28.0,Female,High School,Junior Sales Associate,1.0,25000.0,USA,African American,Entry,Early_Career,Junior
4092,43.0,Male,PhD,Data Scientist,16.0,160000.0,Canada,Black,Senior,Mid_Career,Junior
4093,29.0,Male,Bachelor,Software Developer,5.0,80000.0,Australia,Australian,Junior,Early_Career,Junior
4094,39.0,Female,Master,Marketing Coordinator,11.0,120000.0,China,Chinese,Senior,Mid_Career,Junior
4095,32.0,Male,Bachelor,Operations Manager,6.0,90000.0,China,White,Mid,Early_Career,Senior
4096,28.0,Female,Master,Human Resources Coordinator,2.0,45000.0,China,Korean,Entry,Early_Career,Junior
4097,40.0,Male,PhD,Data Scientist,15.0,150000.0,USA,African American,Senior,Mid_Career,Junior
4098,33.0,Female,Bachelor,Human Resources Manager,8.0,95000.0,Canada,White,Mid,Early_Career,Senior
4099,24.0,Male,High School,Junior Sales Associate,1.0,25000.0,USA,Asian,Entry,Young,Junior
4100,35.0,Female,Master,Marketing Manager,10.0,110000.0,USA,Hispanic,Mid,Early_Career,Senior
4101,29.0,Male,Bachelor,Software Engineer,4.0,70000.0,USA,Asian,Junior,Early_Career,Junior
4102,49.0,Male,PhD,Data Scientist,22.0,220000.0,USA,Hispanic,Expert,Senior_Career,Junior
4103,26.0,Female,Bachelor,Junior Software Developer,2.0,35000.0,Canada,Asian,Entry,Early_Career,Junior
4104,41.0,Female,Master,Human Resources Manager,13.0,140000.0,USA,White,Senior,Mid_Career,Senior
4105,36.0,Male,Bachelor,Operations Manager,9.0,110000.0,UK,Mixed,Mid,Mid_Career,Senior
4106,28.0,Female,High School,Junior Sales Associate,1.0,25000.0,Canada,Asian,Entry,Early_Career,Junior
4107,43.0,Male,PhD,Data Scientist,16.0,160000.0,China,White,Senior,Mid_Career,Junior
4108,29.0,Male,Bachelor,Software Developer,5.0,80000.0,Australia,Asian,Junior,Early_Career,Junior
4109,39.0,Female,Master,Marketing Coordinator,11.0,120000.0,China,Korean,Senior,Mid_Career,Junior
4110,32.0,Male,Bachelor,Operations Manager,6.0,90000.0,China,White,Mid,Early_Career,Senior
4111,28.0,Female,Master,Human Resources Coordinator,2.0,45000.0,Australia,White,Entry,Early_Career,Junior
4112,40.0,Male,PhD,Data Scientist,15.0,150000.0,USA,Hispanic,Senior,Mid_Career,Junior
4113,33.0,Female,Bachelor,Human Resources Manager,8.0,95000.0,UK,Asian,Mid,Early_Career,Senior
4114,24.0,Male,High School,Junior Sales Associate,1.0,25000.0,Canada,White,Entry,Young,Junior
4115,35.0,Female,Master,Marketing Manager,10.0,110000.0,USA,African American,Mid,Early_Career,Senior
4116,29.0,Male,Bachelor,Software Engineer,4.0,70000.0,Australia,Asian,Junior,Early_Career,Junior
4117,49.0,Male,PhD,Data Scientist,22.0,220000.0,Australia,Asian,Expert,Senior_Career,Junior
4118,26.0,Female,Bachelor,Junior Software Developer,2.0,35000.0,Australia,Australian,Entry,Early_Career,Junior
4119,41.0,Female,Master,Human Resources Manager,13.0,140000.0,UK,Mixed,Senior,Mid_Career,Senior
4120,36.0,Male,Bachelor,Operations Manager,9.0,110000.0,China,Korean,Mid,Mid_Career,Senior
4121,28.0,Female,High School,Junior Sales Associate,1.0,25000.0,Canada,Black,Entry,Early_Career,Junior
4122,43.0,Male,PhD,Data Scientist,16.0,160000.0,China,Korean,Senior,Mid_Career,Junior
4123,29.0,Male,Bachelor,Software Developer,5.0,80000.0,China,White,Junior,Early_Career,Junior
4124,39.0,Female,Master,Marketing Coordinator,11.0,120000.0,Canada,Asian,Senior,Mid_Career,Junior
4125,32.0,Male,Bachelor,Operations Manager,6.0,90000.0,China,White,Mid,Early_Career,Senior
4126,28.0,Female,Master,Human Resources Coordinator,2.0,45000.0,USA,White,Entry,Early_Career,Junior
4127,40.0,Male,PhD,Data Scientist,15.0,150000.0,Canada,Asian,Senior,Mid_Career,Junior
4128,33.0,Female,Bachelor,Human Resources Manager,8.0,95000.0,China,Korean,Mid,Early_Career,Senior
4129,24.0,Male,High School,Junior Sales Associate,1.0,25000.0,Australia,White,Entry,Young,Junior
4130,35.0,Female,Master,Marketing Manager,10.0,110000.0,Australia,Asian,Mid,Early_Career,Senior
4131,29.0,Male,Bachelor,Software Engineer,4.0,70000.0,Canada,Black,Junior,Early_Career,Junior
4132,49.0,Male,PhD,Data Scientist,22.0,220000.0,China,White,Expert,Senior_Career,Junior
4133,26.0,Female,Bachelor,Junior Software Developer,2.0,35000.0,Australia,White,Entry,Early_Career,Junior
4134,41.0,Female,Master,Human Resources Manager,13.0,140000.0,UK,Welsh,Senior,Mid_Career,Senior
4135,36.0,Male,Bachelor,Operations Manager,9.0,110000.0,UK,Welsh,Mid,Mid_Career,Senior
4136,28.0,Female,High School,Junior Sales Associate,1.0,25000.0,Canada,White,Entry,Early_Career,Junior
4137,43.0,Male,PhD,Data Scientist,16.0,160000.0,Australia,Asian,Senior,Mid_Career,Junior
4138,29.0,Male,Bachelor,Software Developer,5.0,80000.0,USA,Hispanic,Junior,Early_Career,Junior
4139,34.0,Male,Bachelor,Software Engineer,6.0,85000.0,Canada,White,Mid,Early_Career,Junior
4140,31.0,Female,Master,Marketing Manager,4.0,62000.0,China,Korean,Junior,Early_Career,Senior
4141,41.0,Male,PhD,Data Scientist,13.0,138000.0,China,Korean,Senior,Mid_Career,Junior
4142,27.0,Female,Bachelor,Human Resources Coordinator,2.0,47000.0,China,Korean,Entry,Early_Career,Junior
4143,25.0,Male,High School,Junior Sales Associate,1.0,26000.0,Australia,Australian,Entry,Young,Junior
4144,33.0,Female,Master,Software Developer,8.0,95000.0,UK,Asian,Mid,Early_Career,Junior
4145,45.0,Male,Bachelor,Operations Manager,19.0,174000.0,Canada,Asian,Senior,Mid_Career,Senior
4146,28.0,Female,Bachelor,Marketing Coordinator,2.0,41000.0,China,Chinese,Entry,Early_Career,Junior
4147,42.0,Male,PhD,Data Scientist,16.0,162000.0,Australia,White,Senior,Mid_Career,Junior
4148,34.0,Female,Bachelor,Human Resources Manager,9.0,99000.0,Canada,Black,Mid,Early_Career,Senior
4149,23.0,Male,High School,Junior Sales Associate,1.0,26000.0,Canada,White,Entry,Young,Junior
4150,36.0,Female,Master,Marketing Manager,11.0,117000.0,UK,White,Senior,Mid_Career,Senior
4151,30.0,Male,Bachelor,Software Engineer,5.0,75000.0,Australia,Australian,Junior,Early_Career,Junior
4152,50.0,Male,PhD,Data Scientist,23.0,225000.0,UK,Asian,Expert,Senior_Career,Junior
4153,27.0,Female,Bachelor,Junior Software Developer,2.0,36000.0,UK,Asian,Entry,Early_Career,Junior
4154,43.0,Female,Master,Human Resources Manager,14.0,146000.0,USA,White,Senior,Mid_Career,Senior
4155,37.0,Male,Bachelor,Operations Manager,10.0,113000.0,Australia,Asian,Mid,Mid_Career,Senior
4156,29.0,Female,High School,Junior Sales Associate,1.0,26000.0,Canada,Asian,Entry,Early_Career,Junior
4157,44.0,Male,PhD,Data Scientist,17.0,168000.0,USA,Asian,Senior,Mid_Career,Junior
4158,30.0,Male,Bachelor,Software Developer,6.0,85000.0,USA,Asian,Mid,Early_Career,Junior
4159,40.0,Female,Master,Marketing Coordinator,12.0,122000.0,Australia,Australian,Senior,Mid_Career,Junior
4160,33.0,Male,Bachelor,Operations Manager,7.0,96000.0,Australia,Australian,Mid,Early_Career,Senior
4161,29.0,Female,Master,Human Resources Coordinator,3.0,49000.0,Australia,Asian,Junior,Early_Career,Junior
4162,43.0,Male,PhD,Data Scientist,16.0,162000.0,China,Chinese,Senior,Mid_Career,Junior
4163,34.0,Female,Bachelor,Human Resources Manager,9.0,99000.0,UK,Welsh,Mid,Early_Career,Senior
4164,23.0,Male,High School,Junior Sales Associate,1.0,26000.0,Australia,Asian,Entry,Young,Junior
4165,36.0,Female,Master,Marketing Manager,11.0,117000.0,USA,Asian,Senior,Mid_Career,Senior
4166,30.0,Male,Bachelor,Software Engineer,5.0,75000.0,USA,African American,Junior,Early_Career,Junior
4167,50.0,Male,PhD,Data Scientist,23.0,225000.0,USA,Hispanic,Expert,Senior_Career,Junior
4168,27.0,Female,Bachelor,Junior Software Developer,2.0,36000.0,USA,Asian,Entry,Early_Career,Junior
4169,43.0,Female,Master,Human Resources Manager,14.0,146000.0,Australia,Australian,Senior,Mid_Career,Senior
4170,37.0,Male,Bachelor,Operations Manager,10.0,113000.0,UK,Asian,Mid,Mid_Career,Senior
4171,29.0,Female,High School,Junior Sales Associate,1.0,26000.0,Australia,White,Entry,Early_Career,Junior
4172,44.0,Male,PhD,Data Scientist,17.0,168000.0,Canada,Black,Senior,Mid_Career,Junior
4173,30.0,Male,Bachelor,Software Developer,6.0,85000.0,USA,African American,Mid,Early_Career,Junior
4174,40.0,Female,Master,Marketing Coordinator,12.0,122000.0,Australia,Asian,Senior,Mid_Career,Junior
4175,33.0,Male,Bachelor,Operations Manager,7.0,96000.0,USA,Hispanic,Mid,Early_Career,Senior
4176,29.0,Female,Master,Human Resources Coordinator,3.0,49000.0,Canada,Black,Junior,Early_Career,Junior
4177,43.0,Male,PhD,Data Scientist,16.0,162000.0,Canada,Black,Senior,Mid_Career,Junior
4178,34.0,Female,Bachelor,Human Resources Manager,9.0,99000.0,UK,Mixed,Mid,Early_Career,Senior
4179,23.0,Male,High School,Junior Sales Associate,1.0,26000.0,Canada,White,Entry,Young,Junior
4180,36.0,Female,Master,Marketing Manager,11.0,117000.0,USA,Hispanic,Senior,Mid_Career,Senior
4181,30.0,Male,Bachelor,Software Engineer,5.0,75000.0,Australia,Asian,Junior,Early_Career,Junior
4182,50.0,Male,PhD,Data Scientist,23.0,225000.0,Australia,Australian,Expert,Senior_Career,Junior
4183,27.0,Female,Bachelor,Junior Software Developer,2.0,36000.0,UK,Mixed,Entry,Early_Career,Junior
4184,43.0,Female,Master,Human Resources Manager,14.0,146000.0,UK,White,Senior,Mid_Career,Senior
4185,37.0,Male,Bachelor,Operations Manager,10.0,113000.0,USA,White,Mid,Mid_Career,Senior
4186,29.0,Female,High School,Junior Sales Associate,1.0,26000.0,UK,Welsh,Entry,Early_Career,Junior
4187,44.0,Male,PhD,Data Scientist,17.0,168000.0,USA,White,Senior,Mid_Career,Junior
4188,30.0,Male,Bachelor,Software Developer,6.0,85000.0,Australia,Asian,Mid,Early_Career,Junior
4189,40.0,Female,Master,Marketing Coordinator,12.0,122000.0,UK,Welsh,Senior,Mid_Career,Junior
4190,33.0,Male,Bachelor,Operations Manager,7.0,96000.0,Australia,Asian,Mid,Early_Career,Senior
4191,29.0,Female,Master,Human Resources Coordinator,3.0,49000.0,China,Korean,Junior,Early_Career,Junior
4192,43.0,Male,PhD,Data Scientist,16.0,162000.0,Australia,Australian,Senior,Mid_Career,Junior
4193,34.0,Female,Bachelor,Human Resources Manager,9.0,99000.0,Australia,Asian,Mid,Early_Career,Senior
4194,23.0,Male,High School,Junior Sales Associate,1.0,26000.0,USA,Hispanic,Entry,Young,Junior
4195,36.0,Female,Master,Marketing Manager,11.0,117000.0,Australia,Asian,Senior,Mid_Career,Senior
4196,30.0,Male,Bachelor,Software Engineer,5.0,75000.0,USA,White,Junior,Early_Career,Junior
4197,50.0,Male,PhD,Data Scientist,23.0,225000.0,Australia,Australian,Expert,Senior_Career,Junior
4198,27.0,Female,Bachelor,Junior Software Developer,2.0,36000.0,Australia,Asian,Entry,Early_Career,Junior
4199,43.0,Female,Master,Human Resources Manager,14.0,146000.0,Australia,White,Senior,Mid_Career,Senior
4200,37.0,Male,Bachelor,Operations Manager,10.0,113000.0,Australia,Asian,Mid,Mid_Career,Senior
4201,29.0,Female,High School,Junior Sales Associate,1.0,26000.0,China,Chinese,Entry,Early_Career,Junior
4202,44.0,Male,PhD,Data Scientist,17.0,168000.0,UK,Asian,Senior,Mid_Career,Junior
4203,30.0,Male,Bachelor,Software Developer,6.0,85000.0,USA,White,Mid,Early_Career,Junior
4204,40.0,Female,Master,Marketing Coordinator,12.0,122000.0,UK,Asian,Senior,Mid_Career,Junior
4205,33.0,Male,Bachelor,Operations Manager,7.0,96000.0,UK,Asian,Mid,Early_Career,Senior
4206,29.0,Female,Master,Human Resources Coordinator,3.0,49000.0,China,Chinese,Junior,Early_Career,Junior
4207,43.0,Male,PhD,Data Scientist,16.0,162000.0,Canada,Asian,Senior,Mid_Career,Junior
4208,34.0,Female,Bachelor,Human Resources Manager,9.0,99000.0,China,White,Mid,Early_Career,Senior
4209,23.0,Male,High School,Junior Sales Associate,1.0,26000.0,UK,Welsh,Entry,Young,Junior
4210,36.0,Female,Master,Marketing Manager,11.0,117000.0,Canada,Asian,Senior,Mid_Career,Senior
4211,30.0,Male,Bachelor,Software Engineer,5.0,75000.0,China,White,Junior,Early_Career,Junior
4212,50.0,Male,PhD,Data Scientist,23.0,225000.0,Australia,White,Expert,Senior_Career,Junior
4213,27.0,Female,Bachelor,Junior Software Developer,2.0,36000.0,Australia,Australian,Entry,Early_Career,Junior
4214,43.0,Female,Master,Human Resources Manager,14.0,146000.0,USA,African American,Senior,Mid_Career,Senior
4215,37.0,Male,Bachelor,Operations Manager,10.0,113000.0,China,White,Mid,Mid_Career,Senior
4216,29.0,Female,High School,Junior Sales Associate,1.0,26000.0,Canada,White,Entry,Early_Career,Junior
4217,44.0,Male,PhD,Data Scientist,17.0,168000.0,Canada,Black,Senior,Mid_Career,Junior
4218,30.0,Male,Bachelor,Software Developer,6.0,85000.0,UK,White,Mid,Early_Career,Junior
4219,40.0,Female,Master,Marketing Coordinator,12.0,122000.0,UK,Mixed,Senior,Mid_Career,Junior
4220,33.0,Male,Bachelor,Operations Manager,7.0,96000.0,China,Chinese,Mid,Early_Career,Senior
4221,29.0,Female,Master,Human Resources Coordinator,3.0,49000.0,Canada,Asian,Junior,Early_Career,Junior
4222,43.0,Male,PhD,Data Scientist,16.0,162000.0,China,White,Senior,Mid_Career,Junior
4223,34.0,Female,Bachelor,Human Resources Manager,9.0,99000.0,UK,Asian,Mid,Early_Career,Senior
4224,23.0,Male,High School,Junior Sales Associate,1.0,26000.0,USA,Hispanic,Entry,Young,Junior
4225,36.0,Female,Master,Marketing Manager,11.0,117000.0,Canada,Asian,Senior,Mid_Career,Senior
4226,30.0,Male,Bachelor,Software Engineer,5.0,75000.0,Canada,Black,Junior,Early_Career,Junior
4227,50.0,Male,PhD,Data Scientist,23.0,225000.0,UK,White,Expert,Senior_Career,Junior
4228,27.0,Female,Bachelor,Junior Software Developer,2.0,36000.0,Australia,White,Entry,Early_Career,Junior
4229,43.0,Female,Master,Human Resources Manager,14.0,146000.0,Canada,White,Senior,Mid_Career,Senior
4230,37.0,Male,Bachelor,Operations Manager,10.0,113000.0,Canada,Black,Mid,Mid_Career,Senior
4231,29.0,Female,High School,Junior Sales Associate,1.0,26000.0,UK,Welsh,Entry,Early_Career,Junior
4232,44.0,Male,PhD,Data Scientist,17.0,168000.0,Canada,White,Senior,Mid_Career,Junior
4233,30.0,Male,Bachelor,Software Developer,6.0,85000.0,UK,White,Mid,Early_Career,Junior
4234,40.0,Female,Master,Marketing Coordinator,12.0,122000.0,Canada,Black,Senior,Mid_Career,Junior
4235,33.0,Male,Bachelor,Operations Manager,7.0,96000.0,China,White,Mid,Early_Career,Senior
4236,29.0,Female,Master,Human Resources Coordinator,3.0,49000.0,USA,Hispanic,Junior,Early_Career,Junior
4237,43.0,Male,PhD,Data Scientist,16.0,162000.0,USA,Asian,Senior,Mid_Career,Junior
4238,34.0,Female,Bachelor,Human Resources Manager,9.0,99000.0,China,Chinese,Mid,Early_Career,Senior
4239,23.0,Male,High School,Junior Sales Associate,1.0,26000.0,Canada,White,Entry,Young,Junior
4240,36.0,Female,Master,Marketing Manager,11.0,117000.0,USA,African American,Senior,Mid_Career,Senior
4241,30.0,Male,Bachelor,Software Engineer,5.0,75000.0,UK,Asian,Junior,Early_Career,Junior
4242,50.0,Male,PhD,Data Scientist,23.0,225000.0,Australia,White,Expert,Senior_Career,Junior
4243,27.0,Female,Bachelor,Junior Software Developer,2.0,36000.0,UK,Mixed,Entry,Early_Career,Junior
4244,43.0,Female,Master,Human Resources Manager,14.0,146000.0,UK,White,Senior,Mid_Career,Senior
4245,37.0,Male,Bachelor,Operations Manager,10.0,113000.0,Canada,Black,Mid,Mid_Career,Senior
4246,29.0,Female,High School,Junior Sales Associate,1.0,26000.0,Canada,Asian,Entry,Early_Career,Junior
4247,44.0,Male,PhD,Data Scientist,17.0,168000.0,USA,Hispanic,Senior,Mid_Career,Junior
4248,30.0,Male,Bachelor,Software Developer,6.0,85000.0,Canada,White,Mid,Early_Career,Junior
4249,40.0,Female,Master,Marketing Coordinator,12.0,122000.0,Australia,Australian,Senior,Mid_Career,Junior
4250,33.0,Male,Bachelor,Operations Manager,7.0,96000.0,China,Chinese,Mid,Early_Career,Senior
4251,29.0,Female,Master,Human Resources Coordinator,3.0,49000.0,Australia,Asian,Junior,Early_Career,Junior
4252,43.0,Male,PhD,Data Scientist,16.0,162000.0,USA,African American,Senior,Mid_Career,Junior
4253,34.0,Female,Bachelor,Human Resources Manager,9.0,99000.0,USA,White,Mid,Early_Career,Senior
4254,23.0,Male,High School,Junior Sales Associate,1.0,26000.0,USA,Hispanic,Entry,Young,Junior
4255,36.0,Female,Master,Marketing Manager,11.0,117000.0,USA,White,Senior,Mid_Career,Senior
4256,30.0,Male,Bachelor,Software Engineer,5.0,75000.0,UK,Mixed,Junior,Early_Career,Junior
4257,50.0,Male,PhD,Data Scientist,23.0,225000.0,UK,Welsh,Expert,Senior_Career,Junior
4258,27.0,Female,Bachelor,Junior Software Developer,2.0,36000.0,Australia,Asian,Entry,Early_Career,Junior
4259,43.0,Female,Master,Human Resources Manager,14.0,146000.0,USA,African American,Senior,Mid_Career,Senior
4260,37.0,Male,Bachelor,Operations Manager,10.0,113000.0,China,White,Mid,Mid_Career,Senior
4261,29.0,Female,High School,Junior Sales Associate,1.0,26000.0,USA,White,Entry,Early_Career,Junior
4262,44.0,Male,PhD,Data Scientist,17.0,168000.0,UK,Mixed,Senior,Mid_Career,Junior
4263,30.0,Male,Bachelor,Software Developer,6.0,85000.0,Australia,Australian,Mid,Early_Career,Junior
4264,32.0,Female,Master,Software Developer,8.0,95000.0,USA,White,Mid,Early_Career,Junior
4265,46.0,Male,PhD,Data Scientist,18.0,180000.0,UK,Asian,Senior,Senior_Career,Junior
4266,28.0,Female,Bachelor,Marketing Coordinator,2.0,41000.0,UK,Welsh,Entry,Early_Career,Junior
4267,24.0,Male,High School,Junior Sales Associate,1.0,26000.0,USA,White,Entry,Young,Junior
4268,31.0,Female,Master,Marketing Manager,5.0,68000.0,UK,Asian,Junior,Early_Career,Senior
4269,39.0,Male,Bachelor,Operations Manager,13.0,127000.0,UK,Asian,Senior,Mid_Career,Senior
4270,25.0,Female,Bachelor,Human Resources Coordinator,2.0,47000.0,Canada,White,Entry,Young,Junior
4271,41.0,Male,PhD,Data Scientist,15.0,155000.0,Canada,Asian,Senior,Mid_Career,Junior
4272,35.0,Female,Bachelor,Human Resources Manager,8.0,92000.0,China,Korean,Mid,Early_Career,Senior
4273,26.0,Male,High School,Junior Sales Associate,1.0,26000.0,Australia,White,Entry,Early_Career,Junior
4274,37.0,Female,Master,Marketing Manager,12.0,125000.0,Australia,Australian,Senior,Mid_Career,Senior
4275,29.0,Male,Bachelor,Software Engineer,4.0,71000.0,UK,Mixed,Junior,Early_Career,Junior
4276,51.0,Male,PhD,Data Scientist,24.0,240000.0,Canada,Black,Expert,Senior_Career,Junior
4277,28.0,Female,Bachelor,Junior Software Developer,2.0,36000.0,Canada,White,Entry,Early_Career,Junior
4278,44.0,Female,Master,Human Resources Manager,15.0,152000.0,China,Chinese,Senior,Mid_Career,Senior
4279,38.0,Male,Bachelor,Operations Manager,11.0,119000.0,Australia,Asian,Senior,Mid_Career,Senior
4280,30.0,Female,High School,Junior Sales Associate,1.0,26000.0,USA,African American,Entry,Early_Career,Junior
4281,45.0,Male,PhD,Data Scientist,19.0,190000.0,Australia,Asian,Senior,Mid_Career,Junior
4282,31.0,Male,Bachelor,Software Developer,6.0,85000.0,USA,Hispanic,Mid,Early_Career,Junior
4283,41.0,Female,Master,Marketing Coordinator,13.0,131000.0,UK,White,Senior,Mid_Career,Junior
4284,34.0,Male,Bachelor,Operations Manager,8.0,101000.0,USA,White,Mid,Early_Career,Senior
4285,30.0,Female,Master,Human Resources Coordinator,3.0,49000.0,UK,Asian,Junior,Early_Career,Junior
4286,44.0,Male,PhD,Data Scientist,18.0,182000.0,USA,Asian,Senior,Mid_Career,Junior
4287,35.0,Female,Bachelor,Human Resources Manager,8.0,92000.0,China,Chinese,Mid,Early_Career,Senior
4288,26.0,Male,High School,Junior Sales Associate,1.0,26000.0,China,White,Entry,Early_Career,Junior
4289,37.0,Female,Master,Marketing Manager,12.0,125000.0,China,Korean,Senior,Mid_Career,Senior
4290,29.0,Male,Bachelor,Software Engineer,4.0,71000.0,Canada,Black,Junior,Early_Career,Junior
4291,51.0,Male,PhD,Data Scientist,24.0,240000.0,UK,Welsh,Expert,Senior_Career,Junior
4292,28.0,Female,Bachelor,Junior Software Developer,2.0,36000.0,USA,Asian,Entry,Early_Career,Junior
4293,44.0,Female,Master,Human Resources Manager,15.0,152000.0,Australia,White,Senior,Mid_Career,Senior
4294,38.0,Male,Bachelor,Operations Manager,11.0,119000.0,USA,Hispanic,Senior,Mid_Career,Senior
4295,30.0,Female,High School,Junior Sales Associate,1.0,26000.0,China,Chinese,Entry,Early_Career,Junior
4296,45.0,Male,PhD,Data Scientist,19.0,190000.0,Canada,Asian,Senior,Mid_Career,Junior
4297,31.0,Male,Bachelor,Software Developer,6.0,85000.0,UK,White,Mid,Early_Career,Junior
4298,41.0,Female,Master,Marketing Coordinator,13.0,131000.0,USA,Asian,Senior,Mid_Career,Junior
4299,34.0,Male,Bachelor,Operations Manager,8.0,101000.0,USA,African American,Mid,Early_Career,Senior
4300,30.0,Female,Master,Human Resources Coordinator,3.0,49000.0,UK,Welsh,Junior,Early_Career,Junior
4301,44.0,Male,PhD,Data Scientist,18.0,182000.0,USA,African American,Senior,Mid_Career,Junior
4302,35.0,Female,Bachelor,Human Resources Manager,8.0,92000.0,Canada,White,Mid,Early_Career,Senior
4303,26.0,Male,High School,Junior Sales Associate,1.0,26000.0,Canada,Asian,Entry,Early_Career,Junior
4304,37.0,Female,Master,Marketing Manager,12.0,125000.0,Canada,White,Senior,Mid_Career,Senior
4305,29.0,Male,Bachelor,Software Engineer,4.0,71000.0,Australia,White,Junior,Early_Career,Junior
4306,51.0,Male,PhD,Data Scientist,24.0,240000.0,China,Korean,Expert,Senior_Career,Junior
4307,28.0,Female,Bachelor,Junior Software Developer,2.0,36000.0,USA,African American,Entry,Early_Career,Junior
4308,44.0,Female,Master,Human Resources Manager,15.0,152000.0,Australia,White,Senior,Mid_Career,Senior
4309,38.0,Male,Bachelor,Operations Manager,11.0,119000.0,USA,African American,Senior,Mid_Career,Senior
4310,30.0,Female,High School,Junior Sales Associate,1.0,26000.0,Australia,Asian,Entry,Early_Career,Junior
4311,45.0,Male,PhD,Data Scientist,19.0,190000.0,China,Korean,Senior,Mid_Career,Junior
4312,31.0,Male,Bachelor,Software Developer,6.0,85000.0,China,Chinese,Mid,Early_Career,Junior
4313,41.0,Female,Master,Marketing Coordinator,13.0,131000.0,China,White,Senior,Mid_Career,Junior
4314,34.0,Male,Bachelor,Operations Manager,8.0,101000.0,China,Korean,Mid,Early_Career,Senior
4315,30.0,Female,Master,Human Resources Coordinator,3.0,49000.0,UK,White,Junior,Early_Career,Junior
4316,44.0,Male,PhD,Data Scientist,18.0,182000.0,Australia,White,Senior,Mid_Career,Junior
4317,35.0,Female,Bachelor,Human Resources Manager,8.0,92000.0,USA,Asian,Mid,Early_Career,Senior
4318,26.0,Male,High School,Junior Sales Associate,1.0,26000.0,USA,White,Entry,Early_Career,Junior
4319,37.0,Female,Master,Marketing Manager,12.0,125000.0,UK,Mixed,Senior,Mid_Career,Senior
4320,29.0,Male,Bachelor,Software Engineer,4.0,71000.0,Canada,Asian,Junior,Early_Career,Junior
4321,51.0,Male,PhD,Data Scientist,24.0,240000.0,China,Chinese,Expert,Senior_Career,Junior
4322,28.0,Female,Bachelor,Junior Software Developer,2.0,36000.0,UK,Asian,Entry,Early_Career,Junior
4323,44.0,Female,Master,Human Resources Manager,15.0,152000.0,UK,Mixed,Senior,Mid_Career,Senior
4324,38.0,Male,Bachelor,Operations Manager,11.0,119000.0,USA,African American,Senior,Mid_Career,Senior
4325,30.0,Female,High School,Junior Sales Associate,1.0,26000.0,UK,Mixed,Entry,Early_Career,Junior
4326,45.0,Male,PhD,Data Scientist,19.0,190000.0,UK,Mixed,Senior,Mid_Career,Junior
4327,31.0,Male,Bachelor,Software Developer,6.0,85000.0,UK,Asian,Mid,Early_Career,Junior
4328,41.0,Female,Master,Marketing Coordinator,13.0,131000.0,UK,Welsh,Senior,Mid_Career,Junior
4329,34.0,Male,Bachelor,Operations Manager,8.0,101000.0,USA,African American,Mid,Early_Career,Senior
4330,30.0,Female,Master,Human Resources Coordinator,3.0,49000.0,Canada,White,Junior,Early_Career,Junior
4331,44.0,Male,PhD,Data Scientist,18.0,182000.0,UK,Welsh,Senior,Mid_Career,Junior
4332,35.0,Female,Bachelor,Human Resources Manager,8.0,92000.0,UK,Mixed,Mid,Early_Career,Senior
4333,26.0,Male,High School,Junior Sales Associate,1.0,26000.0,Australia,White,Entry,Early_Career,Junior
4334,37.0,Female,Master,Marketing Manager,12.0,125000.0,UK,White,Senior,Mid_Career,Senior
4335,29.0,Male,Bachelor,Software Engineer,4.0,71000.0,USA,White,Junior,Early_Career,Junior
4336,51.0,Male,PhD,Data Scientist,24.0,240000.0,USA,White,Expert,Senior_Career,Junior
4337,28.0,Female,Bachelor,Junior Software Developer,2.0,36000.0,China,Chinese,Entry,Early_Career,Junior
4338,44.0,Female,Master,Human Resources Manager,15.0,152000.0,UK,White,Senior,Mid_Career,Senior
4339,38.0,Male,Bachelor,Operations Manager,11.0,119000.0,USA,Hispanic,Senior,Mid_Career,Senior
4340,30.0,Female,High School,Junior Sales Associate,1.0,26000.0,China,Chinese,Entry,Early_Career,Junior
4341,45.0,Male,PhD,Data Scientist,19.0,190000.0,USA,Hispanic,Senior,Mid_Career,Junior
4342,31.0,Male,Bachelor,Software Developer,6.0,85000.0,China,Chinese,Mid,Early_Career,Junior
4343,41.0,Female,Master,Marketing Coordinator,13.0,131000.0,Canada,Black,Senior,Mid_Career,Junior
4344,34.0,Male,Bachelor,Operations Manager,8.0,101000.0,Australia,White,Mid,Early_Career,Senior
4345,30.0,Female,Master,Human Resources Coordinator,3.0,49000.0,Australia,Asian,Junior,Early_Career,Junior
4346,44.0,Male,PhD,Data Scientist,18.0,182000.0,Australia,Australian,Senior,Mid_Career,Junior
4347,35.0,Female,Bachelor,Human Resources Manager,8.0,92000.0,Canada,Asian,Mid,Early_Career,Senior
4348,26.0,Male,High School,Junior Sales Associate,1.0,26000.0,Australia,White,Entry,Early_Career,Junior
4349,37.0,Female,Master,Marketing Manager,12.0,125000.0,China,Korean,Senior,Mid_Career,Senior
4350,29.0,Male,Bachelor,Software Engineer,4.0,71000.0,Australia,Asian,Junior,Early_Career,Junior
4351,51.0,Male,PhD,Data Scientist,24.0,240000.0,Canada,Black,Expert,Senior_Career,Junior
4352,28.0,Female,Bachelor,Junior Software Developer,2.0,36000.0,Australia,Asian,Entry,Early_Career,Junior
4353,44.0,Female,Master,Human Resources Manager,15.0,152000.0,Australia,White,Senior,Mid_Career,Senior
4354,38.0,Male,Bachelor,Operations Manager,11.0,119000.0,Canada,Asian,Senior,Mid_Career,Senior
4355,30.0,Female,High School,Junior Sales Associate,1.0,26000.0,UK,Mixed,Entry,Early_Career,Junior
4356,45.0,Male,PhD,Data Scientist,19.0,190000.0,Australia,Asian,Senior,Mid_Career,Junior
4357,31.0,Male,Bachelor,Software Developer,6.0,85000.0,Canada,Black,Mid,Early_Career,Junior
4358,41.0,Female,Master,Marketing Coordinator,13.0,131000.0,Australia,Asian,Senior,Mid_Career,Junior
4359,34.0,Male,Bachelor,Operations Manager,8.0,101000.0,USA,African American,Mid,Early_Career,Senior
4360,30.0,Female,Master,Human Resources Coordinator,3.0,49000.0,USA,Hispanic,Junior,Early_Career,Junior
4361,44.0,Male,PhD,Data Scientist,18.0,182000.0,China,Chinese,Senior,Mid_Career,Junior
4362,35.0,Female,Bachelor,Human Resources Manager,8.0,92000.0,Australia,White,Mid,Early_Career,Senior
4363,26.0,Male,High School,Junior Sales Associate,1.0,26000.0,Canada,Black,Entry,Early_Career,Junior
4364,37.0,Female,Master,Marketing Manager,12.0,125000.0,China,White,Senior,Mid_Career,Senior
4365,29.0,Male,Bachelor,Software Engineer,4.0,71000.0,USA,Asian,Junior,Early_Career,Junior
4366,51.0,Male,PhD,Data Scientist,24.0,240000.0,Canada,White,Expert,Senior_Career,Junior
4367,28.0,Female,Bachelor,Junior Software Developer,2.0,36000.0,Canada,White,Entry,Early_Career,Junior
4368,44.0,Female,Master,Human Resources Manager,15.0,152000.0,China,Korean,Senior,Mid_Career,Senior
4369,38.0,Male,Bachelor,Operations Manager,11.0,119000.0,China,Chinese,Senior,Mid_Career,Senior
4370,30.0,Female,High School,Junior Sales Associate,1.0,26000.0,China,White,Entry,Early_Career,Junior
4371,45.0,Male,PhD,Data Scientist,19.0,190000.0,USA,Hispanic,Senior,Mid_Career,Junior
4372,31.0,Male,Bachelor,Software Developer,6.0,85000.0,Australia,Asian,Mid,Early_Career,Junior
4373,41.0,Female,Master,Marketing Coordinator,13.0,131000.0,UK,Welsh,Senior,Mid_Career,Junior
4374,34.0,Male,Bachelor,Operations Manager,8.0,101000.0,Canada,Black,Mid,Early_Career,Senior
4375,30.0,Female,Master,Human Resources Coordinator,3.0,49000.0,UK,Mixed,Junior,Early_Career,Junior
4376,44.0,Male,PhD,Data Scientist,18.0,182000.0,Canada,Black,Senior,Mid_Career,Junior
4377,35.0,Female,Bachelor,Human Resources Manager,8.0,92000.0,Australia,Australian,Mid,Early_Career,Senior
4378,26.0,Male,High School,Junior Sales Associate,1.0,26000.0,UK,White,Entry,Early_Career,Junior
4379,37.0,Female,Master,Marketing Manager,12.0,125000.0,China,White,Senior,Mid_Career,Senior
4380,29.0,Male,Bachelor,Software Engineer,4.0,71000.0,Canada,Asian,Junior,Early_Career,Junior
4381,51.0,Male,PhD,Data Scientist,24.0,240000.0,Canada,Asian,Expert,Senior_Career,Junior
4382,28.0,Female,Bachelor,Junior Software Developer,2.0,36000.0,Canada,White,Entry,Early_Career,Junior
4383,44.0,Female,Master,Human Resources Manager,15.0,152000.0,UK,Welsh,Senior,Mid_Career,Senior
4384,38.0,Male,Bachelor,Operations Manager,11.0,119000.0,Australia,Asian,Senior,Mid_Career,Senior
4385,30.0,Female,High School,Junior Sales Associate,1.0,26000.0,China,Chinese,Entry,Early_Career,Junior
4386,45.0,Male,PhD,Data Scientist,19.0,190000.0,Australia,White,Senior,Mid_Career,Junior
4387,31.0,Male,Bachelor,Software Developer,6.0,85000.0,UK,Welsh,Mid,Early_Career,Junior
4388,41.0,Female,Master,Marketing Coordinator,13.0,131000.0,China,Korean,Senior,Mid_Career,Junior
4389,27.0,Male,Bachelor,Software Developer,3.0,62000.0,Canada,White,Junior,Early_Career,Junior
4390,42.0,Female,Master,Marketing Manager,16.0,137000.0,USA,Asian,Senior,Mid_Career,Senior
4391,35.0,Male,PhD,Data Scientist,9.0,112000.0,UK,Welsh,Mid,Early_Career,Junior
4392,29.0,Female,Bachelor,Human Resources Coordinator,2.0,45000.0,USA,White,Entry,Early_Career,Junior
4393,33.0,Male,High School,Junior Sales Associate,1.0,25000.0,USA,Hispanic,Entry,Early_Career,Junior
4394,36.0,Female,Bachelor,Operations Manager,7.0,91000.0,USA,White,Mid,Mid_Career,Senior
4395,43.0,Male,PhD,Data Scientist,17.0,179000.0,UK,Asian,Senior,Mid_Career,Junior
4396,31.0,Female,Bachelor,Software Engineer,5.0,74000.0,Canada,White,Junior,Early_Career,Junior
4397,49.0,Male,Master,Marketing Manager,23.0,228000.0,Canada,White,Expert,Senior_Career,Senior
4398,28.0,Female,Bachelor,Junior Software Developer,2.0,37000.0,Australia,Asian,Entry,Early_Career,Junior
4399,45.0,Female,PhD,Data Scientist,19.0,193000.0,UK,Asian,Senior,Mid_Career,Junior
4400,38.0,Male,Bachelor,Operations Manager,11.0,119000.0,Canada,Black,Senior,Mid_Career,Senior
4401,30.0,Female,High School,Junior Sales Associate,1.0,25000.0,Canada,Black,Entry,Early_Career,Junior
4402,45.0,Male,Master,Marketing Manager,20.0,204000.0,Australia,White,Senior,Mid_Career,Senior
4403,27.0,Female,Bachelor,Software Developer,3.0,61000.0,UK,Mixed,Junior,Early_Career,Junior
4404,41.0,Male,PhD,Data Scientist,15.0,157000.0,Canada,Asian,Senior,Mid_Career,Junior
4405,35.0,Female,Master,Human Resources Manager,8.0,92000.0,Australia,Australian,Mid,Early_Career,Senior
4406,26.0,Male,Bachelor,Software Engineer,1.0,52000.0,USA,White,Entry,Early_Career,Junior
4407,30.0,Female,Bachelor,Marketing Coordinator,4.0,58000.0,USA,African American,Junior,Early_Career,Junior
4408,48.0,Male,PhD,Data Scientist,22.0,219000.0,Canada,Asian,Expert,Senior_Career,Junior
4409,32.0,Female,Master,Marketing Manager,6.0,77000.0,Canada,Black,Mid,Early_Career,Senior
4410,34.0,Male,Bachelor,Operations Manager,8.0,104000.0,Australia,White,Mid,Early_Career,Senior
4411,31.0,Female,High School,Junior Sales Associate,1.0,25000.0,Canada,Asian,Entry,Early_Career,Junior
4412,45.0,Male,Master,Marketing Manager,20.0,204000.0,UK,White,Senior,Mid_Career,Senior
4413,28.0,Female,Bachelor,Junior Software Developer,2.0,37000.0,USA,African American,Entry,Early_Career,Junior
4414,44.0,Female,PhD,Data Scientist,18.0,183000.0,Canada,Asian,Senior,Mid_Career,Junior
4415,38.0,Male,Bachelor,Operations Manager,11.0,119000.0,Australia,Australian,Senior,Mid_Career,Senior
4416,30.0,Female,High School,Junior Sales Associate,1.0,25000.0,UK,Mixed,Entry,Early_Career,Junior
4417,45.0,Male,Master,Marketing Manager,20.0,204000.0,UK,Mixed,Senior,Mid_Career,Senior
4418,27.0,Female,Bachelor,Software Developer,3.0,61000.0,China,Korean,Junior,Early_Career,Junior
4419,41.0,Male,PhD,Data Scientist,15.0,157000.0,Australia,Australian,Senior,Mid_Career,Junior
4420,35.0,Female,Master,Human Resources Manager,8.0,92000.0,USA,White,Mid,Early_Career,Senior
4421,26.0,Male,Bachelor,Software Engineer,1.0,52000.0,Australia,Asian,Entry,Early_Career,Junior
4422,30.0,Female,Bachelor,Marketing Coordinator,4.0,58000.0,Canada,Black,Junior,Early_Career,Junior
4423,48.0,Male,PhD,Data Scientist,22.0,219000.0,UK,Mixed,Expert,Senior_Career,Junior
4424,32.0,Female,Master,Marketing Manager,6.0,77000.0,Australia,White,Mid,Early_Career,Senior
4425,34.0,Male,Bachelor,Operations Manager,8.0,104000.0,USA,White,Mid,Early_Career,Senior
4426,31.0,Female,High School,Junior Sales Associate,1.0,25000.0,UK,White,Entry,Early_Career,Junior
4427,45.0,Male,Master,Marketing Manager,20.0,204000.0,USA,White,Senior,Mid_Career,Senior
4428,28.0,Female,Bachelor,Junior Software Developer,2.0,37000.0,Canada,White,Entry,Early_Career,Junior
4429,44.0,Female,PhD,Data Scientist,18.0,183000.0,Australia,White,Senior,Mid_Career,Junior
4430,38.0,Male,Bachelor,Operations Manager,11.0,119000.0,UK,Welsh,Senior,Mid_Career,Senior
4431,30.0,Female,High School,Junior Sales Associate,1.0,25000.0,Canada,Asian,Entry,Early_Career,Junior
4432,45.0,Male,Master,Marketing Manager,20.0,204000.0,China,Korean,Senior,Mid_Career,Senior
4433,27.0,Female,Bachelor,Software Developer,3.0,61000.0,USA,Asian,Junior,Early_Career,Junior
4434,41.0,Male,PhD,Data Scientist,15.0,157000.0,Canada,White,Senior,Mid_Career,Junior
4435,35.0,Female,Master,Human Resources Manager,8.0,92000.0,China,Korean,Mid,Early_Career,Senior
4436,26.0,Male,Bachelor,Software Engineer,1.0,52000.0,China,Korean,Entry,Early_Career,Junior
4437,30.0,Female,Bachelor,Marketing Coordinator,4.0,58000.0,USA,Hispanic,Junior,Early_Career,Junior
4438,48.0,Male,PhD,Data Scientist,22.0,219000.0,Australia,Australian,Expert,Senior_Career,Junior
4439,32.0,Female,Master,Marketing Manager,6.0,77000.0,UK,White,Mid,Early_Career,Senior
4440,34.0,Male,Bachelor,Operations Manager,8.0,104000.0,Canada,White,Mid,Early_Career,Senior
4441,31.0,Female,High School,Junior Sales Associate,1.0,25000.0,Canada,White,Entry,Early_Career,Junior
4442,45.0,Male,Master,Marketing Manager,20.0,204000.0,China,Korean,Senior,Mid_Career,Senior
4443,28.0,Female,Bachelor,Junior Software Developer,2.0,37000.0,Canada,Black,Entry,Early_Career,Junior
4444,44.0,Female,PhD,Data Scientist,18.0,183000.0,China,Chinese,Senior,Mid_Career,Junior
4445,38.0,Male,Bachelor,Operations Manager,11.0,119000.0,China,Chinese,Senior,Mid_Career,Senior
4446,30.0,Female,High School,Junior Sales Associate,1.0,25000.0,Canada,Asian,Entry,Early_Career,Junior
4447,45.0,Male,Master,Marketing Manager,20.0,204000.0,Canada,White,Senior,Mid_Career,Senior
4448,27.0,Female,Bachelor,Software Developer,3.0,61000.0,Australia,White,Junior,Early_Career,Junior
4449,41.0,Male,PhD,Data Scientist,15.0,157000.0,UK,Welsh,Senior,Mid_Career,Junior
4450,35.0,Female,Master,Human Resources Manager,8.0,92000.0,China,Chinese,Mid,Early_Career,Senior
4451,26.0,Male,Bachelor,Software Engineer,1.0,52000.0,China,Chinese,Entry,Early_Career,Junior
4452,30.0,Female,Bachelor,Marketing Coordinator,4.0,58000.0,USA,African American,Junior,Early_Career,Junior
4453,48.0,Male,PhD,Data Scientist,22.0,219000.0,UK,Mixed,Expert,Senior_Career,Junior
4454,32.0,Female,Master,Marketing Manager,6.0,77000.0,Canada,White,Mid,Early_Career,Senior
4455,34.0,Male,Bachelor,Operations Manager,8.0,104000.0,Canada,Asian,Mid,Early_Career,Senior
4456,31.0,Female,High School,Junior Sales Associate,1.0,25000.0,Australia,White,Entry,Early_Career,Junior
4457,45.0,Male,Master,Marketing Manager,20.0,204000.0,China,Chinese,Senior,Mid_Career,Senior
4458,28.0,Female,Bachelor,Junior Software Developer,2.0,37000.0,China,White,Entry,Early_Career,Junior
4459,44.0,Female,PhD,Data Scientist,18.0,183000.0,UK,Mixed,Senior,Mid_Career,Junior
4460,38.0,Male,Bachelor,Operations Manager,11.0,119000.0,USA,African American,Senior,Mid_Career,Senior
4461,30.0,Female,High School,Junior Sales Associate,1.0,25000.0,UK,Mixed,Entry,Early_Career,Junior
4462,45.0,Male,Master,Marketing Manager,20.0,204000.0,Australia,Australian,Senior,Mid_Career,Senior
4463,27.0,Female,Bachelor,Software Developer,3.0,61000.0,China,Korean,Junior,Early_Career,Junior
4464,41.0,Male,PhD,Data Scientist,15.0,157000.0,Canada,Asian,Senior,Mid_Career,Junior
4465,35.0,Female,Master,Human Resources Manager,8.0,92000.0,USA,Hispanic,Mid,Early_Career,Senior
4466,26.0,Male,Bachelor,Software Engineer,1.0,52000.0,Canada,Black,Entry,Early_Career,Junior
4467,30.0,Female,Bachelor,Marketing Coordinator,4.0,58000.0,China,Korean,Junior,Early_Career,Junior
4468,48.0,Male,PhD,Data Scientist,22.0,219000.0,UK,Mixed,Expert,Senior_Career,Junior
4469,32.0,Female,Master,Marketing Manager,6.0,77000.0,Australia,Australian,Mid,Early_Career,Senior
4470,34.0,Male,Bachelor,Operations Manager,8.0,104000.0,USA,Hispanic,Mid,Early_Career,Senior
4471,31.0,Female,High School,Junior Sales Associate,1.0,25000.0,UK,White,Entry,Early_Career,Junior
4472,45.0,Male,Master,Marketing Manager,20.0,204000.0,UK,Asian,Senior,Mid_Career,Senior
4473,28.0,Female,Bachelor,Junior Software Developer,2.0,37000.0,Australia,Australian,Entry,Early_Career,Junior
4474,44.0,Female,PhD,Data Scientist,18.0,183000.0,Australia,Asian,Senior,Mid_Career,Junior
4475,38.0,Male,Bachelor,Operations Manager,11.0,119000.0,Canada,Asian,Senior,Mid_Career,Senior
4476,30.0,Female,High School,Junior Sales Associate,1.0,25000.0,China,White,Entry,Early_Career,Junior
4477,45.0,Male,Master,Marketing Manager,20.0,204000.0,Canada,Asian,Senior,Mid_Career,Senior
4478,27.0,Female,Bachelor,Software Developer,3.0,61000.0,USA,African American,Junior,Early_Career,Junior
4479,41.0,Male,PhD,Data Scientist,15.0,157000.0,China,Chinese,Senior,Mid_Career,Junior
4480,35.0,Female,Master,Human Resources Manager,8.0,92000.0,USA,White,Mid,Early_Career,Senior
4481,26.0,Male,Bachelor,Software Engineer,1.0,52000.0,Australia,Australian,Entry,Early_Career,Junior
4482,30.0,Female,Bachelor,Marketing Coordinator,4.0,58000.0,Australia,White,Junior,Early_Career,Junior
4483,48.0,Male,PhD,Data Scientist,22.0,219000.0,UK,Asian,Expert,Senior_Career,Junior
4484,32.0,Female,Master,Marketing Manager,6.0,77000.0,USA,Asian,Mid,Early_Career,Senior
4485,34.0,Male,Bachelor,Operations Manager,8.0,104000.0,China,Korean,Mid,Early_Career,Senior
4486,31.0,Female,High School,Junior Sales Associate,1.0,25000.0,Canada,Asian,Entry,Early_Career,Junior
4487,45.0,Male,Master,Marketing Manager,20.0,204000.0,USA,African American,Senior,Mid_Career,Senior
4488,28.0,Female,Bachelor,Junior Software Developer,2.0,37000.0,UK,White,Entry,Early_Career,Junior
4489,44.0,Female,PhD,Data Scientist,18.0,183000.0,Canada,White,Senior,Mid_Career,Junior
4490,38.0,Male,Bachelor,Operations Manager,11.0,119000.0,China,White,Senior,Mid_Career,Senior
4491,30.0,Female,High School,Junior Sales Associate,1.0,25000.0,UK,White,Entry,Early_Career,Junior
4492,45.0,Male,Master,Marketing Manager,20.0,204000.0,Canada,Asian,Senior,Mid_Career,Senior
4493,27.0,Female,Bachelor,Software Developer,3.0,61000.0,Australia,Asian,Junior,Early_Career,Junior
4494,41.0,Male,PhD,Data Scientist,15.0,157000.0,Canada,White,Senior,Mid_Career,Junior
4495,35.0,Female,Master,Human Resources Manager,8.0,92000.0,UK,Asian,Mid,Early_Career,Senior
4496,26.0,Male,Bachelor,Software Engineer,1.0,52000.0,China,Chinese,Entry,Early_Career,Junior
4497,30.0,Female,Bachelor,Marketing Coordinator,4.0,58000.0,UK,Mixed,Junior,Early_Career,Junior
4498,48.0,Male,PhD,Data Scientist,22.0,219000.0,Australia,White,Expert,Senior_Career,Junior
4499,32.0,Female,Master,Marketing Manager,6.0,77000.0,UK,White,Mid,Early_Career,Senior
4500,34.0,Male,Bachelor,Operations Manager,8.0,104000.0,Canada,Asian,Mid,Early_Career,Senior
4501,31.0,Female,High School,Junior Sales Associate,1.0,25000.0,Canada,Asian,Entry,Early_Career,Junior
4502,45.0,Male,Master,Marketing Manager,20.0,204000.0,USA,White,Senior,Mid_Career,Senior
4503,28.0,Female,Bachelor,Junior Software Developer,2.0,37000.0,Australia,Asian,Entry,Early_Career,Junior
4504,44.0,Female,PhD,Data Scientist,18.0,183000.0,Canada,White,Senior,Mid_Career,Junior
4505,38.0,Male,Bachelor,Operations Manager,11.0,119000.0,USA,Hispanic,Senior,Mid_Career,Senior
4506,30.0,Female,High School,Junior Sales Associate,1.0,25000.0,UK,Asian,Entry,Early_Career,Junior
4507,45.0,Male,Master,Marketing Manager,20.0,204000.0,Canada,White,Senior,Mid_Career,Senior
4508,27.0,Female,Bachelor,Software Developer,3.0,61000.0,USA,African American,Junior,Early_Career,Junior
4509,41.0,Male,PhD,Data Scientist,15.0,157000.0,Australia,Asian,Senior,Mid_Career,Junior
4510,35.0,Female,Master,Human Resources Manager,8.0,92000.0,China,Korean,Mid,Early_Career,Senior
4511,26.0,Male,Bachelor,Software Engineer,1.0,52000.0,UK,Mixed,Entry,Early_Career,Junior
4512,30.0,Female,Bachelor,Marketing Coordinator,4.0,58000.0,China,Korean,Junior,Early_Career,Junior
4513,48.0,Male,PhD,Data Scientist,22.0,219000.0,USA,Asian,Expert,Senior_Career,Junior
4514,32.0,Female,Master,Marketing Manager,6.0,77000.0,USA,African American,Mid,Early_Career,Senior
4515,31.0,Female,Master,Director Of Hr,6.0,95000.0,Canada,Asian,Mid,Early_Career,Senior
4516,28.0,Male,Bachelor,Junior Web Developer,2.0,45000.0,China,White,Entry,Early_Career,Junior
4517,29.0,Female,Master,Senior Hr Generalist,4.0,70000.0,Australia,White,Junior,Early_Career,Senior
4518,35.0,Male,PhD,Senior Human Resources Manager,10.0,110000.0,China,White,Mid,Early_Career,Senior
4519,26.0,Female,High School,Web Developer,1.0,35000.0,Canada,White,Entry,Early_Career,Junior
4520,32.0,Male,Bachelor,Junior Hr Generalist,5.0,60000.0,Australia,White,Junior,Early_Career,Junior
4521,27.0,Female,Master,Web Developer,2.0,50000.0,Canada,White,Entry,Early_Career,Junior
4522,39.0,Male,Master,Director Of Hr,12.0,120000.0,Canada,White,Senior,Mid_Career,Senior
4523,23.0,Female,Bachelor,Junior Hr Generalist,1.0,32000.0,China,Chinese,Entry,Young,Junior
4524,30.0,Male,Bachelor,Web Developer,4.0,65000.0,China,White,Junior,Early_Career,Junior
4525,26.0,Female,Bachelor,Junior Hr Coordinator,1.0,35000.0,Canada,White,Entry,Early_Career,Junior
4526,42.0,Male,PhD,Senior Human Resources Manager,14.0,130000.0,UK,Asian,Senior,Mid_Career,Senior
4527,34.0,Female,Master,Director Of Hr,9.0,95000.0,China,Korean,Mid,Early_Career,Senior
4528,28.0,Male,High School,Juniour Hr Generalist,2.0,43000.0,UK,Welsh,Entry,Early_Career,Junior
4529,31.0,Female,Bachelor,Junior Hr Coordinator,4.0,50000.0,China,Korean,Junior,Early_Career,Junior
4530,29.0,Male,Bachelor,Web Developer,3.0,60000.0,Canada,Black,Junior,Early_Career,Junior
4531,35.0,Female,Master,Senior Hr Generalist,8.0,80000.0,UK,White,Mid,Early_Career,Senior
4532,26.0,Male,Master,Junior Web Developer,2.0,48000.0,Australia,Australian,Entry,Early_Career,Junior
4533,40.0,Female,PhD,Director Of Hr,13.0,125000.0,USA,White,Senior,Mid_Career,Senior
4534,34.0,Male,Bachelor,Web Developer,7.0,85000.0,USA,Asian,Mid,Early_Career,Junior
4535,26.0,Female,Bachelor,Junior Hr Generalist,2.0,42000.0,UK,White,Entry,Early_Career,Junior
4536,29.0,Male,Master,Senior Hr Generalist,4.0,70000.0,USA,Hispanic,Junior,Early_Career,Senior
4537,25.0,Female,High School,Juniour Hr Coordinator,1.0,32000.0,China,White,Entry,Young,Junior
4538,33.0,Male,Master,Web Developer,6.0,80000.0,China,White,Mid,Early_Career,Junior
4539,27.0,Female,Bachelor,Junior Hr Generalist,2.0,42000.0,Canada,Asian,Entry,Early_Career,Junior
4540,31.0,Male,PhD,Senior Human Resources Manager,7.0,90000.0,UK,Welsh,Mid,Early_Career,Senior
4541,29.0,Female,Master,Web Developer,4.0,65000.0,UK,Mixed,Junior,Early_Career,Junior
4542,24.0,Male,Bachelor,Junior Web Developer,1.0,40000.0,Australia,White,Entry,Young,Junior
4543,42.0,Female,Master,Senior Hr Generalist,12.0,110000.0,UK,Welsh,Senior,Mid_Career,Senior
4544,34.0,Male,Master,Director Of Hr,10.0,105000.0,Australia,Australian,Mid,Early_Career,Senior
4545,28.0,Female,Bachelor,Junior Hr Generalist,3.0,50000.0,Australia,Australian,Junior,Early_Career,Junior
4546,33.0,Male,PhD,Director Of Hr,8.0,95000.0,Australia,Asian,Mid,Early_Career,Senior
4547,29.0,Female,Bachelor,Web Developer,3.0,60000.0,Australia,Asian,Junior,Early_Career,Junior
4548,25.0,Male,High School,Junior Hr Generalist,2.0,40000.0,UK,Asian,Entry,Young,Junior
4549,26.0,Female,Master,Senior Hr Generalist,2.0,55000.0,China,Korean,Entry,Early_Career,Senior
4550,30.0,Male,Bachelor,Web Developer,5.0,70000.0,USA,Asian,Junior,Early_Career,Junior
4551,24.0,Female,High School,Juniour Hr Coordinator,1.0,32000.0,Canada,Black,Entry,Young,Junior
4552,31.0,Male,Master,Director Of Hr,7.0,90000.0,China,White,Mid,Early_Career,Senior
4553,27.0,Female,Bachelor,Web Developer,2.0,50000.0,UK,Mixed,Entry,Early_Career,Junior
4554,35.0,Male,PhD,Senior Human Resources Manager,10.0,110000.0,USA,White,Mid,Early_Career,Senior
4555,26.0,Female,Bachelor,Junior Hr Generalist,1.0,32000.0,Australia,Australian,Entry,Early_Career,Junior
4556,32.0,Male,Master,Web Developer,6.0,80000.0,UK,White,Mid,Early_Career,Junior
4557,29.0,Female,Master,Senior Hr Generalist,4.0,70000.0,UK,Welsh,Junior,Early_Career,Senior
4558,25.0,Male,High School,Web Developer,2.0,45000.0,USA,White,Entry,Young,Junior
4559,33.0,Female,Bachelor,Junior Hr Generalist,7.0,65000.0,China,White,Mid,Early_Career,Junior
4560,27.0,Male,Master,Web Developer,2.0,50000.0,China,White,Entry,Early_Career,Junior
4561,28.0,Female,Bachelor,Junior Hr Coordinator,3.0,45000.0,Australia,White,Junior,Early_Career,Junior
4562,34.0,Male,PhD,Director Of Hr,9.0,95000.0,USA,White,Mid,Early_Career,Senior
4563,30.0,Female,Bachelor,Web Developer,4.0,65000.0,Australia,White,Junior,Early_Career,Junior
4564,26.0,Male,Bachelor,Junior Hr Coordinator,2.0,38000.0,USA,White,Entry,Early_Career,Junior
4565,42.0,Female,Master,Senior Human Resources Manager,13.0,125000.0,UK,Asian,Senior,Mid_Career,Senior
4566,34.0,Male,Master,Web Developer,8.0,90000.0,Australia,White,Mid,Early_Career,Junior
4567,28.0,Female,High School,Juniour Hr Generalist,2.0,43000.0,China,Chinese,Entry,Early_Career,Junior
4568,31.0,Male,Bachelor,Junior Hr Generalist,5.0,60000.0,Canada,Black,Junior,Early_Career,Junior
4569,29.0,Female,Master,Web Developer,3.0,60000.0,China,Korean,Junior,Early_Career,Junior
4570,35.0,Male,PhD,Senior Human Resources Manager,10.0,110000.0,UK,Mixed,Mid,Early_Career,Senior
4571,26.0,Female,Bachelor,Web Developer,1.0,35000.0,UK,White,Entry,Early_Career,Junior
4572,32.0,Male,Master,Director Of Hr,6.0,95000.0,Australia,Asian,Mid,Early_Career,Senior
4573,27.0,Female,Master,Junior Hr Generalist,2.0,42000.0,USA,African American,Entry,Early_Career,Junior
4574,39.0,Male,Master,Senior Hr Generalist,11.0,100000.0,Australia,White,Senior,Mid_Career,Senior
4575,23.0,Female,Bachelor,Junior Hr Coordinator,1.0,32000.0,UK,Welsh,Entry,Young,Junior
4576,30.0,Male,Bachelor,Web Developer,4.0,65000.0,USA,Asian,Junior,Early_Career,Junior
4577,26.0,Female,Bachelor,Junior Hr Generalist,2.0,42000.0,USA,African American,Entry,Early_Career,Junior
4578,42.0,Male,PhD,Director Of Hr,14.0,130000.0,China,Korean,Senior,Mid_Career,Senior
4579,34.0,Female,Master,Director Of Hr,9.0,95000.0,China,Korean,Mid,Early_Career,Senior
4580,28.0,Male,High School,Junior Web Developer,2.0,43000.0,Australia,Asian,Entry,Early_Career,Junior
4581,31.0,Female,Bachelor,Junior Hr Coordinator,4.0,50000.0,Australia,Australian,Junior,Early_Career,Junior
4582,29.0,Male,Bachelor,Web Developer,3.0,60000.0,USA,Hispanic,Junior,Early_Career,Junior
4583,35.0,Female,Master,Senior Hr Generalist,8.0,80000.0,Canada,Black,Mid,Early_Career,Senior
4584,26.0,Male,Master,Junior Web Developer,2.0,48000.0,Australia,White,Entry,Early_Career,Junior
4585,40.0,Female,PhD,Director Of Hr,13.0,125000.0,USA,Asian,Senior,Mid_Career,Senior
4586,34.0,Male,Bachelor,Web Developer,7.0,85000.0,UK,Welsh,Mid,Early_Career,Junior
4587,26.0,Female,Bachelor,Junior Hr Generalist,2.0,42000.0,China,White,Entry,Early_Career,Junior
4588,29.0,Male,Master,Senior Hr Generalist,4.0,70000.0,USA,Hispanic,Junior,Early_Career,Senior
4589,25.0,Female,High School,Junior Hr Coordinator,1.0,32000.0,Australia,Asian,Entry,Young,Junior
4590,33.0,Male,Master,Web Developer,6.0,80000.0,China,Korean,Mid,Early_Career,Junior
4591,27.0,Female,Bachelor,Junior Hr Generalist,2.0,42000.0,Canada,Black,Entry,Early_Career,Junior
4592,31.0,Male,PhD,Senior Human Resources Manager,7.0,90000.0,Australia,Australian,Mid,Early_Career,Senior
4593,29.0,Female,Master,Web Developer,4.0,65000.0,China,Chinese,Junior,Early_Career,Junior
4594,24.0,Male,Bachelor,Junior Web Developer,1.0,40000.0,USA,Asian,Entry,Young,Junior
4595,42.0,Female,Master,Senior Hr Generalist,12.0,110000.0,UK,Asian,Senior,Mid_Career,Senior
4596,34.0,Male,Master,Director Of Hr,10.0,105000.0,UK,White,Mid,Early_Career,Senior
4597,28.0,Female,Bachelor,Junior Hr Generalist,3.0,50000.0,Canada,Asian,Junior,Early_Career,Junior
4598,33.0,Male,PhD,Director Of Hr,8.0,95000.0,China,Chinese,Mid,Early_Career,Senior
4599,29.0,Female,Bachelor,Web Developer,3.0,60000.0,Australia,White,Junior,Early_Career,Junior
4600,25.0,Male,High School,Junior Hr Generalist,2.0,40000.0,Australia,Asian,Entry,Young,Junior
4601,26.0,Female,Master,Senior Hr Generalist,2.0,55000.0,China,Chinese,Entry,Early_Career,Senior
4602,30.0,Male,Bachelor,Web Developer,5.0,70000.0,Canada,Black,Junior,Early_Career,Junior
4603,24.0,Female,High School,Juniour Hr Coordinator,1.0,32000.0,Canada,White,Entry,Young,Junior
4604,31.0,Male,Master,Director Of Hr,7.0,90000.0,Australia,Asian,Mid,Early_Career,Senior
4605,27.0,Female,Bachelor,Web Developer,2.0,50000.0,Australia,Asian,Entry,Early_Career,Junior
4606,35.0,Male,PhD,Senior Human Resources Manager,10.0,110000.0,China,Chinese,Mid,Early_Career,Senior
4607,26.0,Female,Bachelor,Junior Hr Generalist,1.0,32000.0,China,Chinese,Entry,Early_Career,Junior
4608,32.0,Male,Master,Web Developer,6.0,80000.0,Australia,White,Mid,Early_Career,Junior
4609,29.0,Female,Master,Senior Hr Generalist,4.0,70000.0,Australia,Asian,Junior,Early_Career,Senior
4610,25.0,Male,High School,Web Developer,2.0,45000.0,China,Chinese,Entry,Young,Junior
4611,33.0,Female,Bachelor,Junior Hr Generalist,7.0,65000.0,USA,African American,Mid,Early_Career,Junior
4612,27.0,Male,Master,Web Developer,2.0,50000.0,Canada,Asian,Entry,Early_Career,Junior
4613,28.0,Female,Bachelor,Junior Hr Coordinator,3.0,45000.0,Canada,White,Junior,Early_Career,Junior
4614,34.0,Male,PhD,Director Of Hr,9.0,95000.0,USA,African American,Mid,Early_Career,Senior
4615,30.0,Female,Bachelor,Web Developer,4.0,65000.0,Canada,Black,Junior,Early_Career,Junior
4616,26.0,Male,Bachelor,Junior Hr Coordinator,2.0,38000.0,Canada,White,Entry,Early_Career,Junior
4617,42.0,Female,Master,Senior Human Resources Manager,13.0,125000.0,USA,Asian,Senior,Mid_Career,Senior
4618,34.0,Male,Master,Web Developer,8.0,90000.0,Canada,Asian,Mid,Early_Career,Junior
4619,28.0,Female,High School,Juniour Hr Generalist,2.0,43000.0,China,White,Entry,Early_Career,Junior
4620,31.0,Male,Bachelor,Junior Hr Generalist,5.0,60000.0,UK,Asian,Junior,Early_Career,Junior
4621,29.0,Female,Master,Web Developer,3.0,60000.0,USA,White,Junior,Early_Career,Junior
4622,35.0,Male,PhD,Senior Human Resources Manager,10.0,110000.0,USA,Hispanic,Mid,Early_Career,Senior
4623,26.0,Female,Bachelor,Web Developer,1.0,35000.0,UK,Mixed,Entry,Early_Career,Junior
4624,32.0,Male,Master,Director Of Hr,6.0,95000.0,UK,Welsh,Mid,Early_Career,Senior
4625,27.0,Female,Master,Junior Hr Generalist,2.0,42000.0,Australia,White,Entry,Early_Career,Junior
4626,39.0,Male,Master,Senior Hr Generalist,11.0,100000.0,China,White,Senior,Mid_Career,Senior
4627,23.0,Female,Bachelor,Junior Hr Coordinator,1.0,32000.0,China,Korean,Entry,Young,Junior
4628,30.0,Male,Bachelor,Web Developer,4.0,65000.0,China,Korean,Junior,Early_Career,Junior
4629,26.0,Female,Bachelor,Junior Hr Generalist,2.0,42000.0,Canada,White,Entry,Early_Career,Junior
4630,42.0,Male,PhD,Director Of Hr,14.0,130000.0,Australia,Australian,Senior,Mid_Career,Senior
4631,34.0,Female,Master,Director Of Hr,9.0,95000.0,Australia,White,Mid,Early_Career,Senior
4632,28.0,Male,High School,Junior Web Developer,2.0,43000.0,USA,African American,Entry,Early_Career,Junior
4633,31.0,Female,Bachelor,Junior Hr Coordinator,4.0,500.0,USA,Asian,Junior,Early_Career,Junior
4634,27.0,Female,Bachelor,Junior Software Engineer,1.0,45000.0,USA,White,Entry,Early_Career,Junior
4635,33.0,Male,Master,Senior Data Scientist,8.0,120000.0,China,Korean,Mid,Early_Career,Senior
4636,29.0,Female,Bachelor,Marketing Coordinator,3.0,55000.0,USA,African American,Junior,Early_Career,Junior
4637,31.0,Male,Bachelor,Junior Marketing Manager,5.0,70000.0,UK,White,Junior,Early_Career,Senior
4638,38.0,Female,PhD,Senior Research Scientist,12.0,140000.0,China,Chinese,Senior,Mid_Career,Senior
4639,25.0,Male,High School,Junior Sales Associate,1.0,30000.0,Australia,Asian,Entry,Young,Junior
4640,32.0,Female,Master,Senior Software Engineer,7.0,100000.0,Canada,White,Mid,Early_Career,Senior
4641,27.0,Male,Bachelor,Junior Data Analyst,2.0,50000.0,Canada,Black,Entry,Early_Career,Junior
4642,29.0,Female,Bachelor,Junior Marketing Manager,3.0,55000.0,China,Chinese,Junior,Early_Career,Senior
4643,35.0,Male,PhD,Senior Research Scientist,10.0,130000.0,UK,White,Mid,Early_Career,Senior
4644,26.0,Female,Bachelor,Junior Software Engineer,1.0,45000.0,Australia,Australian,Entry,Early_Career,Junior
4645,33.0,Male,Master,Senior Data Scientist,8.0,120000.0,China,Korean,Mid,Early_Career,Senior
4646,29.0,Female,Bachelor,Marketing Coordinator,3.0,55000.0,Canada,White,Junior,Early_Career,Junior
4647,31.0,Male,Bachelor,Junior Marketing Manager,5.0,70000.0,UK,Mixed,Junior,Early_Career,Senior
4648,38.0,Female,PhD,Senior Research Scientist,12.0,140000.0,China,Korean,Senior,Mid_Career,Senior
4649,25.0,Male,High School,Junior Sales Associate,1.0,30000.0,China,Korean,Entry,Young,Junior
4650,32.0,Female,Master,Senior Software Engineer,7.0,100000.0,Australia,White,Mid,Early_Career,Senior
4651,27.0,Male,Bachelor,Junior Data Analyst,2.0,50000.0,USA,African American,Entry,Early_Career,Junior
4652,29.0,Female,Bachelor,Junior Marketing Manager,3.0,55000.0,Canada,Black,Junior,Early_Career,Senior
4653,35.0,Male,PhD,Senior Research Scientist,10.0,130000.0,Canada,White,Mid,Early_Career,Senior
4654,26.0,Female,Bachelor,Junior Software Engineer,1.0,45000.0,UK,White,Entry,Early_Career,Junior
4655,33.0,Male,Master,Senior Data Scientist,8.0,120000.0,USA,Asian,Mid,Early_Career,Senior
4656,29.0,Female,Bachelor,Marketing Coordinator,3.0,55000.0,Canada,Asian,Junior,Early_Career,Junior
4657,31.0,Male,Bachelor,Junior Marketing Manager,5.0,70000.0,USA,White,Junior,Early_Career,Senior
4658,38.0,Female,PhD,Senior Research Scientist,12.0,140000.0,Australia,Australian,Senior,Mid_Career,Senior
4659,25.0,Male,High School,Junior Sales Associate,1.0,30000.0,China,Chinese,Entry,Young,Junior
4660,32.0,Female,Master,Senior Software Engineer,7.0,100000.0,USA,Asian,Mid,Early_Career,Senior
4661,27.0,Male,Bachelor,Junior Data Analyst,2.0,50000.0,UK,Welsh,Entry,Early_Career,Junior
4662,29.0,Female,Bachelor,Junior Marketing Manager,3.0,55000.0,USA,Asian,Junior,Early_Career,Senior
4663,35.0,Male,PhD,Senior Research Scientist,10.0,130000.0,Australia,Australian,Mid,Early_Career,Senior
4664,26.0,Female,Bachelor,Junior Software Engineer,1.0,45000.0,UK,Welsh,Entry,Early_Career,Junior
4665,33.0,Male,Master,Senior Data Scientist,8.0,120000.0,Canada,White,Mid,Early_Career,Senior
4666,29.0,Female,Bachelor,Marketing Coordinator,3.0,55000.0,China,Korean,Junior,Early_Career,Junior
4667,31.0,Male,Bachelor,Junior Marketing Manager,5.0,70000.0,China,Korean,Junior,Early_Career,Senior
4668,38.0,Female,PhD,Senior Research Scientist,12.0,140000.0,Australia,White,Senior,Mid_Career,Senior
4669,25.0,Male,High School,Junior Sales Associate,1.0,30000.0,Australia,Australian,Entry,Young,Junior
4670,32.0,Female,Master,Senior Software Engineer,7.0,100000.0,China,Korean,Mid,Early_Career,Senior
4671,27.0,Male,Bachelor,Junior Data Analyst,2.0,50000.0,Canada,Black,Entry,Early_Career,Junior
4672,29.0,Female,Bachelor,Junior Marketing Manager,3.0,55000.0,China,White,Junior,Early_Career,Senior
4673,35.0,Male,PhD,Senior Research Scientist,10.0,130000.0,Australia,Australian,Mid,Early_Career,Senior
4674,26.0,Female,Bachelor,Junior Software Engineer,1.0,45000.0,USA,Asian,Entry,Early_Career,Junior
4675,33.0,Male,Master,Senior Data Scientist,8.0,120000.0,UK,Asian,Mid,Early_Career,Senior
4676,29.0,Female,Bachelor,Marketing Coordinator,3.0,55000.0,Canada,White,Junior,Early_Career,Junior
4677,31.0,Male,Bachelor,Junior Marketing Manager,5.0,70000.0,UK,Mixed,Junior,Early_Career,Senior
4678,38.0,Female,PhD,Senior Research Scientist,12.0,140000.0,China,Korean,Senior,Mid_Career,Senior
4679,25.0,Male,High School,Junior Sales Associate,1.0,30000.0,Australia,Asian,Entry,Young,Junior
4680,32.0,Female,Master,Senior Software Engineer,7.0,100000.0,China,White,Mid,Early_Career,Senior
4681,27.0,Male,Bachelor,Junior Data Analyst,2.0,50000.0,USA,Hispanic,Entry,Early_Career,Junior
4682,29.0,Female,Bachelor,Junior Marketing Manager,3.0,55000.0,China,Chinese,Junior,Early_Career,Senior
4683,35.0,Male,PhD,Senior Research Scientist,10.0,130000.0,USA,African American,Mid,Early_Career,Senior
4684,26.0,Female,Bachelor,Junior Software Engineer,1.0,45000.0,USA,Asian,Entry,Early_Career,Junior
4685,33.0,Male,Master,Senior Data Scientist,8.0,120000.0,UK,Asian,Mid,Early_Career,Senior
4686,29.0,Female,Bachelor,Marketing Coordinator,3.0,55000.0,China,Korean,Junior,Early_Career,Junior
4687,31.0,Male,Bachelor,Junior Marketing Manager,5.0,70000.0,Australia,Asian,Junior,Early_Career,Senior
4688,38.0,Female,PhD,Senior Research Scientist,12.0,140000.0,UK,Mixed,Senior,Mid_Career,Senior
4689,25.0,Male,High School,Junior Sales Associate,1.0,30000.0,Canada,White,Entry,Young,Junior
4690,32.0,Female,Master,Senior Software Engineer,7.0,100000.0,Canada,White,Mid,Early_Career,Senior
4691,27.0,Male,Bachelor,Junior Data Analyst,2.0,50000.0,USA,Hispanic,Entry,Early_Career,Junior
4692,29.0,Female,Bachelor,Junior Marketing Manager,3.0,55000.0,Australia,Australian,Junior,Early_Career,Senior
4693,35.0,Male,PhD,Senior Research Scientist,10.0,130000.0,Canada,Asian,Mid,Early_Career,Senior
4694,26.0,Female,Bachelor,Junior Software Engineer,1.0,45000.0,USA,White,Entry,Early_Career,Junior
4695,33.0,Male,Master,Senior Data Scientist,8.0,120000.0,USA,Hispanic,Mid,Early_Career,Senior
4696,29.0,Female,Bachelor,Marketing Coordinator,3.0,55000.0,Canada,Black,Junior,Early_Career,Junior
4697,31.0,Male,Bachelor,Junior Marketing Manager,5.0,70000.0,UK,Mixed,Junior,Early_Career,Senior
4698,38.0,Female,PhD,Senior Research Scientist,12.0,140000.0,Australia,White,Senior,Mid_Career,Senior
4699,25.0,Male,High School,Junior Sales Associate,1.0,30000.0,UK,Mixed,Entry,Young,Junior
4700,32.0,Female,Master,Senior Software Engineer,7.0,100000.0,Canada,Asian,Mid,Early_Career,Senior
4701,27.0,Male,Bachelor,Junior Data Analyst,2.0,50000.0,USA,African American,Entry,Early_Career,Junior
4702,29.0,Female,Bachelor,Junior Marketing Manager,3.0,55000.0,UK,Mixed,Junior,Early_Career,Senior
4703,35.0,Male,PhD,Senior Research Scientist,10.0,130000.0,USA,White,Mid,Early_Career,Senior
4704,26.0,Female,Bachelor,Junior Software Engineer,1.0,45000.0,Australia,Asian,Entry,Early_Career,Junior
4705,33.0,Male,Master,Senior Data Scientist,8.0,120000.0,UK,Mixed,Mid,Early_Career,Senior
4706,29.0,Female,Bachelor,Marketing Coordinator,3.0,55000.0,USA,White,Junior,Early_Career,Junior
4707,31.0,Male,Bachelor,Junior Marketing Manager,5.0,70000.0,Canada,Asian,Junior,Early_Career,Senior
4708,38.0,Female,PhD,Senior Research Scientist,12.0,140000.0,USA,Hispanic,Senior,Mid_Career,Senior
4709,25.0,Male,High School,Junior Sales Associate,1.0,30000.0,USA,White,Entry,Young,Junior
4710,32.0,Female,Master,Senior Software Engineer,7.0,100000.0,Australia,Asian,Mid,Early_Career,Senior
4711,27.0,Male,Bachelor,Junior Data Analyst,2.0,50000.0,UK,Welsh,Entry,Early_Career,Junior
4712,29.0,Female,Bachelor,Junior Marketing Manager,3.0,55000.0,USA,White,Junior,Early_Career,Senior
4713,35.0,Male,PhD,Senior Research Scientist,10.0,130000.0,Australia,Asian,Mid,Early_Career,Senior
4714,26.0,Female,Bachelor,Junior Software Engineer,1.0,45000.0,Australia,Australian,Entry,Early_Career,Junior
4715,33.0,Male,Master,Senior Data Scientist,8.0,120000.0,China,Chinese,Mid,Early_Career,Senior
4716,29.0,Female,Bachelor,Marketing Coordinator,3.0,55000.0,Canada,Asian,Junior,Early_Career,Junior
4717,31.0,Male,Bachelor,Junior Marketing Manager,5.0,70000.0,USA,Hispanic,Junior,Early_Career,Senior
4718,38.0,Female,PhD,Senior Research Scientist,12.0,140000.0,China,Korean,Senior,Mid_Career,Senior
4719,25.0,Male,High School,Junior Sales Associate,1.0,30000.0,USA,Hispanic,Entry,Young,Junior
4720,32.0,Female,Master,Senior Software Engineer,7.0,100000.0,UK,White,Mid,Early_Career,Senior
4721,27.0,Male,Bachelor,Junior Data Analyst,2.0,50000.0,Australia,Asian,Entry,Early_Career,Junior
4722,29.0,Female,Bachelor,Junior Marketing Manager,3.0,55000.0,USA,Hispanic,Junior,Early_Career,Senior
4723,35.0,Male,PhD,Senior Research Scientist,10.0,130000.0,USA,African American,Mid,Early_Career,Senior
4724,26.0,Female,Bachelor,Junior Software Engineer,1.0,45000.0,Australia,Asian,Entry,Early_Career,Junior
4725,33.0,Male,Master,Senior Data Scientist,8.0,120000.0,China,White,Mid,Early_Career,Senior
4726,29.0,Female,Bachelor,Marketing Coordinator,3.0,55000.0,Canada,White,Junior,Early_Career,Junior
4727,31.0,Male,Bachelor,Junior Marketing Manager,5.0,70000.0,China,Chinese,Junior,Early_Career,Senior
4728,38.0,Female,PhD,Senior Research Scientist,12.0,140000.0,China,White,Senior,Mid_Career,Senior
4729,25.0,Male,High School,Junior Sales Associate,1.0,30000.0,UK,Mixed,Entry,Young,Junior
4730,32.0,Female,Master,Senior Software Engineer,7.0,100000.0,USA,African American,Mid,Early_Career,Senior
4731,27.0,Male,Bachelor,Junior Data Analyst,2.0,50000.0,China,White,Entry,Early_Career,Junior
4732,29.0,Female,Bachelor,Junior Marketing Manager,3.0,55000.0,USA,Hispanic,Junior,Early_Career,Senior
4733,35.0,Male,PhD,Senior Research Scientist,10.0,130000.0,UK,White,Mid,Early_Career,Senior
4734,26.0,Female,Bachelor,Junior Software Engineer,1.0,45000.0,UK,White,Entry,Early_Career,Junior
4735,33.0,Male,Master,Senior Data Scientist,8.0,120000.0,Canada,Asian,Mid,Early_Career,Senior
4736,29.0,Female,Bachelor,Marketing Coordinator,3.0,55000.0,USA,African American,Junior,Early_Career,Junior
4737,31.0,Male,Bachelor,Junior Marketing Manager,5.0,70000.0,Australia,Asian,Junior,Early_Career,Senior
4738,38.0,Female,PhD,Senior Research Scientist,12.0,140000.0,UK,Welsh,Senior,Mid_Career,Senior
4739,25.0,Male,High School,Junior Sales Associate,1.0,30000.0,USA,White,Entry,Young,Junior
4740,32.0,Female,Master,Senior Software Engineer,7.0,100000.0,China,Chinese,Mid,Early_Career,Senior
4741,27.0,Male,Bachelor,Junior Data Analyst,2.0,50000.0,China,Chinese,Entry,Early_Career,Junior
4742,29.0,Female,Bachelor,Junior Marketing Manager,3.0,55000.0,USA,Asian,Junior,Early_Career,Senior
4743,35.0,Male,PhD,Senior Research Scientist,10.0,130000.0,USA,White,Mid,Early_Career,Senior
4744,26.0,Female,Bachelor,Junior Software Engineer,1.0,45000.0,China,White,Entry,Early_Career,Junior
4745,33.0,Male,Master,Senior Data Scientist,8.0,120000.0,Australia,Australian,Mid,Early_Career,Senior
4746,29.0,Female,Bachelor,Marketing Coordinator,3.0,55000.0,USA,Asian,Junior,Early_Career,Junior
4747,31.0,Male,Bachelor,Junior Marketing Manager,5.0,70000.0,China,Chinese,Junior,Early_Career,Senior
4748,38.0,Female,PhD,Senior Research Scientist,12.0,140000.0,USA,White,Senior,Mid_Career,Senior
4749,25.0,Male,High School,Junior Sales Associate,1.0,30000.0,Australia,White,Entry,Young,Junior
4750,32.0,Female,Master,Senior Software Engineer,7.0,100000.0,USA,African American,Mid,Early_Career,Senior
4751,27.0,Male,Bachelor,Junior Data Analyst,2.0,50000.0,Canada,Asian,Entry,Early_Career,Junior
4752,29.0,Female,Bachelor,Junior Marketing Manager,3.0,55000.0,Australia,Australian,Junior,Early_Career,Senior
4753,35.0,Male,PhD,Senior Research Scientist,10.0,130000.0,China,White,Mid,Early_Career,Senior
4754,26.0,Female,Bachelor,Junior Software Engineer,1.0,45000.0,Australia,White,Entry,Early_Career,Junior
4755,28.0,Female,Bachelor,Junior Software Engineer,2.0,48000.0,Australia,White,Entry,Early_Career,Junior
4756,36.0,Male,Master,Senior Data Scientist,9.0,125000.0,China,Chinese,Mid,Mid_Career,Senior
4757,30.0,Female,Bachelor,Marketing Coordinator,4.0,57000.0,USA,Asian,Junior,Early_Career,Junior
4758,32.0,Male,Bachelor,Junior Marketing Manager,6.0,72000.0,UK,Mixed,Mid,Early_Career,Senior
4759,39.0,Female,PhD,Senior Research Scientist,13.0,145000.0,UK,White,Senior,Mid_Career,Senior
4760,26.0,Male,High School,Junior Sales Associate,2.0,31000.0,Australia,White,Entry,Early_Career,Junior
4761,33.0,Female,Master,Senior Software Engineer,8.0,105000.0,China,White,Mid,Early_Career,Senior
4762,28.0,Male,Bachelor,Junior Data Analyst,3.0,52000.0,China,White,Junior,Early_Career,Junior
4763,30.0,Female,Bachelor,Junior Marketing Manager,4.0,57000.0,Canada,Black,Junior,Early_Career,Senior
4764,36.0,Male,PhD,Senior Research Scientist,11.0,135000.0,China,Korean,Senior,Mid_Career,Senior
4765,27.0,Female,Bachelor,Junior Software Engineer,2.0,48000.0,USA,Asian,Entry,Early_Career,Junior
4766,34.0,Male,Master,Senior Data Scientist,9.0,125000.0,China,White,Mid,Early_Career,Senior
4767,30.0,Female,Bachelor,Marketing Coordinator,4.0,57000.0,China,Chinese,Junior,Early_Career,Junior
4768,32.0,Male,Bachelor,Junior Marketing Manager,6.0,72000.0,Australia,Australian,Mid,Early_Career,Senior
4769,39.0,Female,PhD,Senior Research Scientist,13.0,145000.0,Australia,White,Senior,Mid_Career,Senior
4770,26.0,Male,High School,Junior Sales Associate,2.0,31000.0,Canada,Asian,Entry,Early_Career,Junior
4771,33.0,Female,Master,Senior Software Engineer,8.0,105000.0,Australia,Asian,Mid,Early_Career,Senior
4772,28.0,Male,Bachelor,Junior Data Analyst,3.0,52000.0,Canada,Black,Junior,Early_Career,Junior
4773,30.0,Female,Bachelor,Junior Marketing Manager,4.0,57000.0,USA,White,Junior,Early_Career,Senior
4774,36.0,Male,PhD,Senior Research Scientist,11.0,135000.0,Canada,Black,Senior,Mid_Career,Senior
4775,27.0,Female,Bachelor,Junior Software Engineer,2.0,48000.0,Canada,Asian,Entry,Early_Career,Junior
4776,34.0,Male,Master,Senior Data Scientist,9.0,125000.0,Canada,Black,Mid,Early_Career,Senior
4777,30.0,Female,Bachelor,Marketing Coordinator,4.0,57000.0,UK,White,Junior,Early_Career,Junior
4778,32.0,Male,Bachelor,Junior Marketing Manager,6.0,72000.0,Canada,White,Mid,Early_Career,Senior
4779,39.0,Female,PhD,Senior Research Scientist,13.0,145000.0,China,White,Senior,Mid_Career,Senior
4780,26.0,Male,High School,Junior Sales Associate,2.0,31000.0,USA,White,Entry,Early_Career,Junior
4781,33.0,Female,Master,Senior Software Engineer,8.0,105000.0,UK,Mixed,Mid,Early_Career,Senior
4782,28.0,Male,Bachelor,Junior Data Analyst,3.0,52000.0,UK,Asian,Junior,Early_Career,Junior
4783,30.0,Female,Bachelor,Junior Marketing Manager,4.0,57000.0,China,Korean,Junior,Early_Career,Senior
4784,36.0,Male,PhD,Senior Research Scientist,11.0,135000.0,Canada,Black,Senior,Mid_Career,Senior
4785,27.0,Female,Bachelor,Junior Software Engineer,2.0,48000.0,USA,White,Entry,Early_Career,Junior
4786,34.0,Male,Master,Senior Data Scientist,9.0,125000.0,Australia,Asian,Mid,Early_Career,Senior
4787,30.0,Female,Bachelor,Marketing Coordinator,4.0,57000.0,China,White,Junior,Early_Career,Junior
4788,32.0,Male,Bachelor,Junior Marketing Manager,6.0,72000.0,China,Korean,Mid,Early_Career,Senior
4789,39.0,Female,PhD,Senior Research Scientist,13.0,145000.0,China,Chinese,Senior,Mid_Career,Senior
4790,26.0,Male,High School,Junior Sales Associate,2.0,31000.0,Australia,Australian,Entry,Early_Career,Junior
4791,33.0,Female,Master,Senior Software Engineer,8.0,105000.0,Canada,White,Mid,Early_Career,Senior
4792,28.0,Male,Bachelor,Junior Data Analyst,3.0,52000.0,Australia,Australian,Junior,Early_Career,Junior
4793,30.0,Female,Bachelor,Junior Marketing Manager,4.0,57000.0,UK,Asian,Junior,Early_Career,Senior
4794,36.0,Male,PhD,Senior Research Scientist,11.0,135000.0,Australia,Australian,Senior,Mid_Career,Senior
4795,27.0,Female,Bachelor,Junior Software Engineer,2.0,48000.0,UK,Asian,Entry,Early_Career,Junior
4796,34.0,Male,Master,Senior Data Scientist,9.0,125000.0,UK,Mixed,Mid,Early_Career,Senior
4797,30.0,Female,Bachelor,Marketing Coordinator,4.0,57000.0,USA,Asian,Junior,Early_Career,Junior
4798,32.0,Male,Bachelor,Junior Marketing Manager,6.0,72000.0,Australia,White,Mid,Early_Career,Senior
4799,39.0,Female,PhD,Senior Research Scientist,13.0,145000.0,USA,Asian,Senior,Mid_Career,Senior
4800,26.0,Male,High School,Junior Sales Associate,2.0,31000.0,China,Korean,Entry,Early_Career,Junior
4801,33.0,Female,Master,Senior Software Engineer,8.0,105000.0,UK,White,Mid,Early_Career,Senior
4802,28.0,Male,Bachelor,Junior Data Analyst,3.0,52000.0,China,Korean,Junior,Early_Career,Junior
4803,30.0,Female,Bachelor,Junior Marketing Manager,4.0,57000.0,UK,Asian,Junior,Early_Career,Senior
4804,36.0,Male,PhD,Senior Research Scientist,11.0,135000.0,UK,White,Senior,Mid_Career,Senior
4805,27.0,Female,Bachelor,Junior Software Engineer,2.0,48000.0,China,White,Entry,Early_Career,Junior
4806,34.0,Male,Master,Senior Data Scientist,9.0,125000.0,China,Korean,Mid,Early_Career,Senior
4807,30.0,Female,Bachelor,Marketing Coordinator,4.0,57000.0,USA,Asian,Junior,Early_Career,Junior
4808,32.0,Male,Bachelor,Junior Marketing Manager,6.0,72000.0,China,White,Mid,Early_Career,Senior
4809,39.0,Female,PhD,Senior Research Scientist,13.0,145000.0,China,Chinese,Senior,Mid_Career,Senior
4810,26.0,Male,High School,Junior Sales Associate,2.0,31000.0,Canada,White,Entry,Early_Career,Junior
4811,33.0,Female,Master,Senior Software Engineer,8.0,105000.0,USA,African American,Mid,Early_Career,Senior
4812,28.0,Male,Bachelor,Junior Data Analyst,3.0,52000.0,Canada,Black,Junior,Early_Career,Junior
4813,30.0,Female,Bachelor,Junior Marketing Manager,4.0,57000.0,UK,Welsh,Junior,Early_Career,Senior
4814,36.0,Male,PhD,Senior Research Scientist,11.0,135000.0,Canada,Black,Senior,Mid_Career,Senior
4815,27.0,Female,Bachelor,Junior Software Engineer,2.0,48000.0,Australia,Australian,Entry,Early_Career,Junior
4816,34.0,Male,Master,Senior Data Scientist,9.0,125000.0,China,Chinese,Mid,Early_Career,Senior
4817,30.0,Female,Bachelor,Marketing Coordinator,4.0,57000.0,Canada,Asian,Junior,Early_Career,Junior
4818,32.0,Male,Bachelor,Junior Marketing Manager,6.0,72000.0,China,Korean,Mid,Early_Career,Senior
4819,39.0,Female,PhD,Senior Research Scientist,13.0,145000.0,China,White,Senior,Mid_Career,Senior
4820,26.0,Male,High School,Junior Sales Associate,2.0,31000.0,USA,Hispanic,Entry,Early_Career,Junior
4821,33.0,Female,Master,Senior Software Engineer,8.0,105000.0,USA,White,Mid,Early_Career,Senior
4822,28.0,Male,Bachelor,Junior Data Analyst,3.0,52000.0,Australia,Asian,Junior,Early_Career,Junior
4823,30.0,Female,Bachelor,Junior Marketing Manager,4.0,57000.0,China,White,Junior,Early_Career,Senior
4824,36.0,Male,PhD,Senior Research Scientist,11.0,135000.0,UK,Mixed,Senior,Mid_Career,Senior
4825,27.0,Female,Bachelor,Junior Software Engineer,2.0,48000.0,UK,Welsh,Entry,Early_Career,Junior
4826,34.0,Male,Master,Senior Data Scientist,9.0,125000.0,USA,White,Mid,Early_Career,Senior
4827,30.0,Female,Bachelor,Marketing Coordinator,4.0,57000.0,USA,White,Junior,Early_Career,Junior
4828,32.0,Male,Bachelor,Junior Marketing Manager,6.0,72000.0,UK,White,Mid,Early_Career,Senior
4829,39.0,Female,PhD,Senior Research Scientist,13.0,145000.0,UK,Welsh,Senior,Mid_Career,Senior
4830,26.0,Male,High School,Junior Sales Associate,2.0,31000.0,UK,White,Entry,Early_Career,Junior
4831,33.0,Female,Master,Senior Software Engineer,8.0,105000.0,USA,Hispanic,Mid,Early_Career,Senior
4832,28.0,Male,Bachelor,Junior Data Analyst,3.0,52000.0,USA,Hispanic,Junior,Early_Career,Junior
4833,30.0,Female,Bachelor,Junior Marketing Manager,4.0,57000.0,Australia,Asian,Junior,Early_Career,Senior
4834,36.0,Male,PhD,Senior Research Scientist,11.0,135000.0,Australia,Asian,Senior,Mid_Career,Senior
4835,27.0,Female,Bachelor,Junior Software Engineer,2.0,48000.0,UK,White,Entry,Early_Career,Junior
4836,34.0,Male,Master,Senior Data Scientist,9.0,125000.0,Canada,Asian,Mid,Early_Career,Senior
4837,30.0,Female,Bachelor,Marketing Coordinator,4.0,57000.0,USA,Hispanic,Junior,Early_Career,Junior
4838,32.0,Male,Bachelor,Junior Marketing Manager,6.0,72000.0,Canada,White,Mid,Early_Career,Senior
4839,39.0,Female,PhD,Senior Research Scientist,13.0,145000.0,UK,Mixed,Senior,Mid_Career,Senior
4840,26.0,Male,High School,Junior Sales Associate,2.0,31000.0,USA,Asian,Entry,Early_Career,Junior
4841,33.0,Female,Master,Senior Software Engineer,8.0,105000.0,Australia,Asian,Mid,Early_Career,Senior
4842,28.0,Male,Bachelor,Junior Data Analyst,3.0,52000.0,Australia,Asian,Junior,Early_Career,Junior
4843,30.0,Female,Bachelor,Junior Marketing Manager,4.0,57000.0,Australia,Australian,Junior,Early_Career,Senior
4844,36.0,Male,PhD,Senior Research Scientist,11.0,135000.0,China,Korean,Senior,Mid_Career,Senior
4845,27.0,Female,Bachelor,Junior Software Engineer,2.0,48000.0,UK,Asian,Entry,Early_Career,Junior
4846,34.0,Male,Master,Senior Data Scientist,9.0,125000.0,China,Chinese,Mid,Early_Career,Senior
4847,30.0,Female,Bachelor,Marketing Coordinator,4.0,57000.0,China,White,Junior,Early_Career,Junior
4848,32.0,Male,Bachelor,Junior Marketing Manager,6.0,72000.0,China,Korean,Mid,Early_Career,Senior
4849,39.0,Female,PhD,Senior Research Scientist,13.0,145000.0,USA,African American,Senior,Mid_Career,Senior
4850,26.0,Male,High School,Junior Sales Associate,2.0,31000.0,USA,Asian,Entry,Early_Career,Junior
4851,33.0,Female,Master,Senior Software Engineer,8.0,105000.0,UK,Welsh,Mid,Early_Career,Senior
4852,28.0,Male,Bachelor,Junior Data Analyst,3.0,52000.0,Canada,Black,Junior,Early_Career,Junior
4853,30.0,Female,Bachelor,Junior Marketing Manager,4.0,57000.0,China,White,Junior,Early_Career,Senior
4854,36.0,Male,PhD,Senior Research Scientist,11.0,135000.0,UK,White,Senior,Mid_Career,Senior
4855,27.0,Female,Bachelor,Junior Software Engineer,2.0,48000.0,Canada,Asian,Entry,Early_Career,Junior
4856,34.0,Male,Master,Senior Data Scientist,9.0,125000.0,UK,Mixed,Mid,Early_Career,Senior
4857,30.0,Female,Bachelor,Marketing Coordinator,4.0,57000.0,Canada,Black,Junior,Early_Career,Junior
4858,32.0,Male,Bachelor,Junior Marketing Manager,6.0,72000.0,UK,White,Mid,Early_Career,Senior
4859,39.0,Female,PhD,Senior Research Scientist,13.0,145000.0,UK,Mixed,Senior,Mid_Career,Senior
4860,26.0,Male,High School,Junior Sales Associate,2.0,31000.0,UK,Asian,Entry,Early_Career,Junior
4861,33.0,Female,Master,Senior Software Engineer,8.0,105000.0,Australia,White,Mid,Early_Career,Senior
4862,28.0,Male,Bachelor,Junior Data Analyst,3.0,52000.0,USA,Asian,Junior,Early_Career,Junior
4863,30.0,Female,Bachelor,Junior Marketing Manager,4.0,57000.0,USA,White,Junior,Early_Career,Senior
4864,36.0,Male,PhD,Senior Research Scientist,11.0,135000.0,UK,Asian,Senior,Mid_Career,Senior
4865,27.0,Female,Bachelor,Junior Software Engineer,2.0,48000.0,USA,White,Entry,Early_Career,Junior
4866,34.0,Male,Master,Senior Data Scientist,9.0,125000.0,UK,Asian,Mid,Early_Career,Senior
4867,30.0,Female,Bachelor,Marketing Coordinator,4.0,57000.0,UK,Welsh,Junior,Early_Career,Junior
4868,32.0,Male,Bachelor,Junior Marketing Manager,6.0,72000.0,Canada,Asian,Mid,Early_Career,Senior
4869,39.0,Female,PhD,Senior Research Scientist,13.0,145000.0,Australia,White,Senior,Mid_Career,Senior
4870,26.0,Male,High School,Junior Sales Associate,2.0,31000.0,Australia,Asian,Entry,Early_Career,Junior
4871,33.0,Female,Master,Senior Software Engineer,8.0,105000.0,USA,African American,Mid,Early_Career,Senior
4872,28.0,Male,Bachelor,Junior Data Analyst,3.0,52000.0,USA,White,Junior,Early_Career,Junior
4873,30.0,Female,Bachelor,Junior Marketing Manager,4.0,57000.0,Canada,Asian,Junior,Early_Career,Senior
4874,36.0,Male,PhD,Senior Research Scientist,11.0,135000.0,China,Chinese,Senior,Mid_Career,Senior
4875,27.0,Female,Bachelor,Junior Software Engineer,2.0,48000.0,UK,Mixed,Entry,Early_Career,Junior
4876,26.0,Male,Bachelor,Senior Product Marketing Manager,5.0,85000.0,Canada,White,Junior,Early_Career,Senior
4877,28.0,Female,Master,Marketing Manager,7.0,110000.0,China,Chinese,Mid,Early_Career,Senior
4878,34.0,Male,PhD,Director Of Marketing,12.0,170000.0,UK,Welsh,Senior,Early_Career,Senior
4879,31.0,Male,Bachelor,Sales Director,9.0,140000.0,Australia,White,Mid,Early_Career,Senior
4880,24.0,Female,High School,Sales Associate,1.0,30000.0,Australia,Australian,Entry,Young,Junior
4881,29.0,Male,Bachelor,Digital Marketing Manager,6.0,95000.0,UK,Asian,Mid,Early_Career,Senior
4882,27.0,Female,Master,Content Marketing Manager,4.0,80000.0,China,Chinese,Junior,Early_Career,Senior
4883,33.0,Male,PhD,Sales Director,10.0,155000.0,USA,Asian,Mid,Early_Career,Senior
4884,21.0,Female,High School,Junior Sales Representative,0.0,25000.0,China,White,Entry,Young,Junior
4885,36.0,Male,Bachelor,Sales Manager,11.0,160000.0,China,Korean,Senior,Mid_Career,Senior
4886,25.0,Female,Bachelor,Marketing Manager,3.0,65000.0,USA,African American,Junior,Young,Senior
4887,30.0,Male,Master,Financial Manager,7.0,120000.0,Australia,Australian,Mid,Early_Career,Senior
4888,28.0,Female,PhD,Director Of Marketing,6.0,105000.0,UK,Mixed,Mid,Early_Career,Senior
4889,26.0,Male,Bachelor,Senior Product Marketing Manager,5.0,85000.0,Australia,Asian,Junior,Early_Career,Senior
4890,28.0,Female,Master,Marketing Manager,7.0,110000.0,USA,White,Mid,Early_Career,Senior
4891,34.0,Male,PhD,Director Of Marketing,12.0,170000.0,China,Chinese,Senior,Early_Career,Senior
4892,31.0,Male,Bachelor,Sales Director,9.0,140000.0,USA,White,Mid,Early_Career,Senior
4893,24.0,Female,High School,Sales Associate,1.0,30000.0,UK,Welsh,Entry,Young,Junior
4894,29.0,Male,Bachelor,Digital Marketing Manager,6.0,95000.0,Australia,Australian,Mid,Early_Career,Senior
4895,27.0,Female,Master,Content Marketing Manager,4.0,80000.0,Australia,Asian,Junior,Early_Career,Senior
4896,33.0,Male,PhD,Sales Director,10.0,155000.0,USA,Asian,Mid,Early_Career,Senior
4897,21.0,Female,High School,Junior Sales Representative,0.0,25000.0,USA,Asian,Entry,Young,Junior
4898,36.0,Male,Bachelor,Sales Manager,11.0,160000.0,Canada,White,Senior,Mid_Career,Senior
4899,25.0,Female,Bachelor,Marketing Manager,3.0,65000.0,USA,Hispanic,Junior,Young,Senior
4900,30.0,Male,Master,Financial Manager,7.0,120000.0,Canada,White,Mid,Early_Career,Senior
4901,28.0,Female,PhD,Director Of Marketing,6.0,105000.0,Canada,Black,Mid,Early_Career,Senior
4902,26.0,Male,Bachelor,Senior Product Marketing Manager,5.0,85000.0,Canada,Black,Junior,Early_Career,Senior
4903,28.0,Female,Master,Marketing Manager,7.0,110000.0,UK,Welsh,Mid,Early_Career,Senior
4904,34.0,Male,PhD,Director Of Marketing,12.0,170000.0,Canada,Asian,Senior,Early_Career,Senior
4905,31.0,Male,Bachelor,Sales Director,9.0,140000.0,USA,White,Mid,Early_Career,Senior
4906,24.0,Female,High School,Sales Associate,1.0,30000.0,Canada,White,Entry,Young,Junior
4907,29.0,Male,Bachelor,Digital Marketing Manager,6.0,95000.0,China,Chinese,Mid,Early_Career,Senior
4908,27.0,Female,Master,Content Marketing Manager,4.0,80000.0,Canada,Black,Junior,Early_Career,Senior
4909,33.0,Male,PhD,Sales Director,10.0,155000.0,Canada,Black,Mid,Early_Career,Senior
4910,21.0,Female,High School,Junior Sales Representative,0.0,25000.0,China,White,Entry,Young,Junior
4911,36.0,Male,Bachelor,Sales Manager,11.0,160000.0,Australia,White,Senior,Mid_Career,Senior
4912,25.0,Female,Bachelor,Marketing Manager,3.0,65000.0,Canada,Black,Junior,Young,Senior
4913,30.0,Male,Master,Financial Manager,7.0,120000.0,China,Korean,Mid,Early_Career,Senior
4914,28.0,Female,PhD,Director Of Marketing,6.0,105000.0,Australia,White,Mid,Early_Career,Senior
4915,26.0,Male,Bachelor,Senior Product Marketing Manager,5.0,85000.0,Canada,Black,Junior,Early_Career,Senior
4916,28.0,Female,Master,Marketing Manager,7.0,110000.0,USA,Hispanic,Mid,Early_Career,Senior
4917,34.0,Male,PhD,Director Of Marketing,12.0,170000.0,Australia,Australian,Senior,Early_Career,Senior
4918,31.0,Male,Bachelor,Sales Director,9.0,140000.0,China,Korean,Mid,Early_Career,Senior
4919,24.0,Female,High School,Sales Associate,1.0,30000.0,Canada,Black,Entry,Young,Junior
4920,29.0,Male,Bachelor,Digital Marketing Manager,6.0,95000.0,USA,White,Mid,Early_Career,Senior
4921,27.0,Female,Master,Content Marketing Manager,4.0,80000.0,UK,White,Junior,Early_Career,Senior
4922,33.0,Male,PhD,Sales Director,10.0,155000.0,USA,White,Mid,Early_Career,Senior
4923,21.0,Female,High School,Junior Sales Representative,0.0,25000.0,USA,African American,Entry,Young,Junior
4924,36.0,Male,Bachelor,Sales Manager,11.0,160000.0,China,Chinese,Senior,Mid_Career,Senior
4925,25.0,Female,Bachelor,Marketing Manager,3.0,65000.0,UK,Welsh,Junior,Young,Senior
4926,30.0,Male,Master,Financial Manager,7.0,120000.0,Canada,Black,Mid,Early_Career,Senior
4927,28.0,Female,PhD,Director Of Marketing,6.0,105000.0,Canada,Asian,Mid,Early_Career,Senior
4928,26.0,Male,Bachelor,Senior Product Marketing Manager,5.0,85000.0,China,Chinese,Junior,Early_Career,Senior
4929,28.0,Female,Master,Marketing Manager,7.0,110000.0,Canada,Black,Mid,Early_Career,Senior
4930,34.0,Male,PhD,Director Of Marketing,12.0,170000.0,UK,Welsh,Senior,Early_Career,Senior
4931,31.0,Male,Bachelor,Sales Director,9.0,140000.0,USA,African American,Mid,Early_Career,Senior
4932,24.0,Female,High School,Sales Associate,1.0,30000.0,UK,Asian,Entry,Young,Junior
4933,29.0,Male,Bachelor,Digital Marketing Manager,6.0,95000.0,Australia,Asian,Mid,Early_Career,Senior
4934,27.0,Female,Master,Content Marketing Manager,4.0,80000.0,China,White,Junior,Early_Career,Senior
4935,33.0,Male,PhD,Sales Director,10.0,155000.0,China,Korean,Mid,Early_Career,Senior
4936,21.0,Female,High School,Junior Sales Representative,0.0,25000.0,USA,White,Entry,Young,Junior
4937,36.0,Male,Bachelor,Sales Manager,11.0,160000.0,Canada,White,Senior,Mid_Career,Senior
4938,25.0,Female,Bachelor,Marketing Manager,3.0,65000.0,Canada,White,Junior,Young,Senior
4939,30.0,Male,Master,Financial Manager,7.0,120000.0,Australia,White,Mid,Early_Career,Senior
4940,28.0,Female,PhD,Director Of Marketing,6.0,105000.0,Australia,Australian,Mid,Early_Career,Senior
4941,26.0,Male,Bachelor,Senior Product Marketing Manager,5.0,85000.0,China,Korean,Junior,Early_Career,Senior
4942,28.0,Female,Master,Marketing Manager,7.0,110000.0,UK,Welsh,Mid,Early_Career,Senior
4943,34.0,Male,PhD,Director Of Marketing,12.0,170000.0,Australia,Australian,Senior,Early_Career,Senior
4944,31.0,Male,Bachelor,Sales Director,9.0,140000.0,China,White,Mid,Early_Career,Senior
4945,24.0,Female,High School,Sales Associate,1.0,30000.0,Canada,Asian,Entry,Young,Junior
4946,29.0,Male,Bachelor,Digital Marketing Manager,6.0,95000.0,UK,Welsh,Mid,Early_Career,Senior
4947,27.0,Female,Master,Content Marketing Manager,4.0,80000.0,Australia,White,Junior,Early_Career,Senior
4948,33.0,Male,PhD,Sales Director,10.0,155000.0,USA,Asian,Mid,Early_Career,Senior
4949,21.0,Female,High School,Junior Sales Representative,0.0,25000.0,China,Chinese,Entry,Young,Junior
4950,36.0,Male,Bachelor,Sales Manager,11.0,160000.0,Australia,Asian,Senior,Mid_Career,Senior
4951,25.0,Female,Bachelor,Marketing Manager,3.0,65000.0,UK,Asian,Junior,Young,Senior
4952,30.0,Male,Master,Financial Manager,7.0,120000.0,Canada,Black,Mid,Early_Career,Senior
4953,28.0,Female,PhD,Director Of Marketing,6.0,105000.0,UK,White,Mid,Early_Career,Senior
4954,26.0,Male,Bachelor,Senior Product Marketing Manager,5.0,85000.0,USA,White,Junior,Early_Career,Senior
4955,28.0,Female,Master,Marketing Manager,7.0,110000.0,UK,Asian,Mid,Early_Career,Senior
4956,34.0,Male,PhD,Director Of Marketing,12.0,170000.0,China,Korean,Senior,Early_Career,Senior
4957,31.0,Male,Bachelor,Sales Director,9.0,140000.0,USA,White,Mid,Early_Career,Senior
4958,24.0,Female,High School,Sales Associate,1.0,30000.0,Canada,Asian,Entry,Young,Junior
4959,29.0,Male,Bachelor,Digital Marketing Manager,6.0,95000.0,UK,Mixed,Mid,Early_Career,Senior
4960,27.0,Female,Master,Content Marketing Manager,4.0,80000.0,USA,White,Junior,Early_Career,Senior
4961,33.0,Male,PhD,Sales Director,10.0,155000.0,USA,Asian,Mid,Early_Career,Senior
4962,21.0,Female,High School,Junior Sales Representative,0.0,25000.0,Australia,White,Entry,Young,Junior
4963,36.0,Male,Bachelor,Sales Manager,11.0,160000.0,UK,Mixed,Senior,Mid_Career,Senior
4964,25.0,Female,Bachelor,Marketing Manager,3.0,65000.0,UK,White,Junior,Young,Senior
4965,30.0,Male,Master,Financial Manager,7.0,120000.0,USA,African American,Mid,Early_Career,Senior
4966,28.0,Female,PhD,Director Of Marketing,6.0,105000.0,UK,Mixed,Mid,Early_Career,Senior
4967,26.0,Male,Bachelor,Senior Product Marketing Manager,5.0,85000.0,UK,White,Junior,Early_Career,Senior
4968,28.0,Female,Master,Marketing Manager,7.0,110000.0,UK,Mixed,Mid,Early_Career,Senior
4969,34.0,Male,PhD,Director Of Marketing,12.0,170000.0,UK,Asian,Senior,Early_Career,Senior
4970,31.0,Male,Bachelor,Sales Director,9.0,140000.0,China,Korean,Mid,Early_Career,Senior
4971,24.0,Female,High School,Sales Associate,1.0,30000.0,USA,White,Entry,Young,Junior
4972,29.0,Male,Bachelor,Digital Marketing Manager,6.0,95000.0,China,Korean,Mid,Early_Career,Senior
4973,27.0,Female,Master,Content Marketing Manager,4.0,80000.0,Australia,Australian,Junior,Early_Career,Senior
4974,33.0,Male,PhD,Sales Director,10.0,155000.0,Canada,Black,Mid,Early_Career,Senior
4975,21.0,Female,High School,Junior Sales Representative,0.0,25000.0,Canada,Black,Entry,Young,Junior
4976,36.0,Male,Bachelor,Sales Manager,11.0,160000.0,Canada,Black,Senior,Mid_Career,Senior
4977,25.0,Female,Bachelor,Marketing Manager,3.0,65000.0,China,Korean,Junior,Young,Senior
4978,30.0,Male,Master,Financial Manager,7.0,120000.0,China,Chinese,Mid,Early_Career,Senior
4979,28.0,Female,PhD,Director Of Marketing,6.0,105000.0,USA,White,Mid,Early_Career,Senior
4980,26.0,Male,Bachelor,Senior Product Marketing Manager,5.0,85000.0,China,White,Junior,Early_Career,Senior
4981,28.0,Female,Master,Marketing Manager,7.0,110000.0,USA,White,Mid,Early_Career,Senior
4982,34.0,Male,PhD,Director Of Marketing,12.0,170000.0,China,White,Senior,Early_Career,Senior
4983,31.0,Male,Bachelor,Sales Director,9.0,140000.0,USA,Asian,Mid,Early_Career,Senior
4984,24.0,Female,High School,Sales Associate,1.0,30000.0,UK,Asian,Entry,Young,Junior
4985,29.0,Male,Bachelor,Digital Marketing Manager,6.0,95000.0,UK,Asian,Mid,Early_Career,Senior
4986,27.0,Female,Master,Content Marketing Manager,4.0,80000.0,UK,Asian,Junior,Early_Career,Senior
4987,33.0,Male,PhD,Sales Director,10.0,155000.0,USA,White,Mid,Early_Career,Senior
4988,21.0,Female,High School,Junior Sales Representative,0.0,25000.0,China,Korean,Entry,Young,Junior
4989,36.0,Male,Bachelor,Sales Manager,11.0,160000.0,Canada,White,Senior,Mid_Career,Senior
4990,25.0,Female,Bachelor,Marketing Manager,3.0,65000.0,Australia,Asian,Junior,Young,Senior
4991,30.0,Male,Master,Financial Manager,7.0,120000.0,Australia,Asian,Mid,Early_Career,Senior
4992,28.0,Female,PhD,Director Of Marketing,6.0,105000.0,China,Chinese,Mid,Early_Career,Senior
4993,26.0,Male,Bachelor,Senior Product Marketing Manager,5.0,85000.0,UK,White,Junior,Early_Career,Senior
4994,28.0,Female,Master,Marketing Manager,7.0,110000.0,UK,White,Mid,Early_Career,Senior
4995,34.0,Male,PhD,Director Of Marketing,12.0,170000.0,USA,White,Senior,Early_Career,Senior
4996,31.0,Male,Bachelor,Sales Director,9.0,140000.0,UK,Asian,Mid,Early_Career,Senior
4997,24.0,Female,High School,Sales Associate,1.0,30000.0,China,Korean,Entry,Young,Junior
4998,29.0,Male,Bachelor,Digital Marketing Manager,6.0,95000.0,China,White,Mid,Early_Career,Senior
4999,27.0,Female,Master,Content Marketing Manager,4.0,80000.0,UK,Asian,Junior,Early_Career,Senior
5000,22.0,Female,High School,Sales Associate,0.0,25000.0,USA,Asian,Entry,Young,Junior
5001,45.0,Male,Bachelor,Financial Manager,21.0,250000.0,Canada,Black,Expert,Mid_Career,Senior
5002,31.0,Female,Master,Content Marketing Manager,8.0,120000.0,Canada,Asian,Mid,Early_Career,Senior
5003,28.0,Male,Bachelor,Digital Marketing Manager,4.0,80000.0,Australia,Asian,Junior,Early_Career,Senior
5004,29.0,Male,Bachelor,Senior Product Marketing Manager,6.0,100000.0,Canada,Black,Mid,Early_Career,Senior
5005,35.0,Female,PhD,Director Of Marketing,12.0,170000.0,Canada,Asian,Senior,Early_Career,Senior
5006,27.0,Male,High School,Sales Representative,3.0,50000.0,UK,Mixed,Junior,Early_Career,Junior
5007,33.0,Female,Bachelor,Marketing Manager,9.0,140000.0,USA,Asian,Mid,Early_Career,Senior
5008,30.0,Male,Master,Financial Manager,7.0,120000.0,Australia,Australian,Mid,Early_Career,Senior
5009,25.0,Female,Bachelor,Marketing Manager,2.0,55000.0,Canada,Asian,Entry,Young,Senior
5010,26.0,Male,Bachelor,Senior Product Marketing Manager,5.0,85000.0,China,Korean,Junior,Early_Career,Senior
5011,29.0,Female,Master,Content Marketing Manager,4.0,80000.0,UK,Welsh,Junior,Early_Career,Senior
5012,34.0,Male,PhD,Director Of Marketing,12.0,170000.0,USA,Hispanic,Senior,Early_Career,Senior
5013,31.0,Male,Bachelor,Sales Director,9.0,140000.0,USA,African American,Mid,Early_Career,Senior
5014,24.0,Female,High School,Sales Associate,1.0,30000.0,USA,White,Entry,Young,Junior
5015,29.0,Male,Bachelor,Digital Marketing Manager,6.0,95000.0,USA,African American,Mid,Early_Career,Senior
5016,27.0,Female,Master,Content Marketing Manager,4.0,80000.0,UK,White,Junior,Early_Career,Senior
5017,33.0,Male,PhD,Sales Director,10.0,155000.0,UK,Mixed,Mid,Early_Career,Senior
5018,21.0,Female,High School,Junior Sales Representative,0.0,25000.0,Australia,White,Entry,Young,Junior
5019,36.0,Male,Bachelor,Sales Manager,11.0,160000.0,Australia,Asian,Senior,Mid_Career,Senior
5020,25.0,Female,Bachelor,Marketing Manager,3.0,65000.0,UK,Asian,Junior,Young,Senior
5021,30.0,Male,Master,Financial Manager,7.0,120000.0,Canada,Asian,Mid,Early_Career,Senior
5022,28.0,Female,PhD,Director Of Marketing,6.0,105000.0,China,White,Mid,Early_Career,Senior
5023,26.0,Male,Bachelor,Senior Product Marketing Manager,5.0,85000.0,China,White,Junior,Early_Career,Senior
5024,28.0,Female,Master,Marketing Manager,7.0,110000.0,UK,White,Mid,Early_Career,Senior
5025,34.0,Male,PhD,Director Of Marketing,12.0,170000.0,Canada,Asian,Senior,Early_Career,Senior
5026,31.0,Male,Bachelor,Sales Director,9.0,140000.0,USA,African American,Mid,Early_Career,Senior
5027,24.0,Female,High School,Sales Associate,1.0,30000.0,USA,African American,Entry,Young,Junior
5028,29.0,Male,Bachelor,Digital Marketing Manager,6.0,95000.0,USA,Hispanic,Mid,Early_Career,Senior
5029,27.0,Female,Master,Content Marketing Manager,4.0,80000.0,Canada,Asian,Junior,Early_Career,Senior
5030,33.0,Male,PhD,Sales Director,10.0,155000.0,Canada,White,Mid,Early_Career,Senior
5031,21.0,Female,High School,Junior Sales Representative,0.0,25000.0,UK,White,Entry,Young,Junior
5032,36.0,Male,Bachelor,Sales Manager,11.0,160000.0,UK,Asian,Senior,Mid_Career,Senior
5033,25.0,Female,Bachelor,Marketing Manager,3.0,65000.0,China,Korean,Junior,Young,Senior
5034,30.0,Male,Master,Financial Manager,7.0,120000.0,Australia,Asian,Mid,Early_Career,Senior
5035,28.0,Female,PhD,Director Of Marketing,6.0,105000.0,Australia,Australian,Mid,Early_Career,Senior
5036,26.0,Male,Bachelor,Senior Product Marketing Manager,5.0,85000.0,USA,African American,Junior,Early_Career,Senior
5037,28.0,Female,Master,Marketing Manager,7.0,110000.0,Australia,Australian,Mid,Early_Career,Senior
5038,34.0,Male,PhD,Director Of Marketing,12.0,170000.0,China,Chinese,Senior,Early_Career,Senior
5039,31.0,Male,Bachelor,Sales Director,9.0,140000.0,USA,Asian,Mid,Early_Career,Senior
5040,24.0,Female,High School,Sales Associate,1.0,30000.0,Canada,Black,Entry,Young,Junior
5041,29.0,Male,Bachelor,Digital Marketing Manager,6.0,95000.0,Australia,Asian,Mid,Early_Career,Senior
5042,27.0,Female,Master,Content Marketing Manager,4.0,80000.0,USA,White,Junior,Early_Career,Senior
5043,33.0,Male,PhD,Sales Director,10.0,155000.0,Canada,White,Mid,Early_Career,Senior
5044,21.0,Female,High School,Junior Sales Representative,0.0,25000.0,Australia,White,Entry,Young,Junior
5045,36.0,Male,Bachelor,Sales Manager,11.0,160000.0,Canada,Black,Senior,Mid_Career,Senior
5046,25.0,Female,Bachelor,Marketing Manager,3.0,65000.0,USA,Asian,Junior,Young,Senior
5047,30.0,Male,Master,Financial Manager,7.0,120000.0,China,White,Mid,Early_Career,Senior
5048,28.0,Female,PhD,Director Of Marketing,6.0,105000.0,China,Korean,Mid,Early_Career,Senior
5049,26.0,Male,Bachelor,Senior Product Marketing Manager,5.0,85000.0,Canada,White,Junior,Early_Career,Senior
5050,28.0,Female,Master,Marketing Manager,7.0,110000.0,USA,Asian,Mid,Early_Career,Senior
5051,34.0,Male,PhD,Director Of Marketing,12.0,170000.0,UK,Mixed,Senior,Early_Career,Senior
5052,31.0,Male,Bachelor,Sales Director,9.0,140000.0,Australia,White,Mid,Early_Career,Senior
5053,24.0,Female,High School,Sales Associate,1.0,30000.0,China,Korean,Entry,Young,Junior
5054,29.0,Male,Bachelor,Digital Marketing Manager,6.0,95000.0,USA,Hispanic,Mid,Early_Career,Senior
5055,27.0,Female,Master,Content Marketing Manager,4.0,80000.0,Canada,Asian,Junior,Early_Career,Senior
5056,33.0,Male,PhD,Sales Director,10.0,155000.0,USA,African American,Mid,Early_Career,Senior
5057,21.0,Female,High School,Junior Sales Representative,0.0,25000.0,Australia,Australian,Entry,Young,Junior
5058,36.0,Male,Bachelor,Sales Manager,11.0,160000.0,Canada,White,Senior,Mid_Career,Senior
5059,25.0,Female,Bachelor,Marketing Manager,3.0,65000.0,USA,White,Junior,Young,Senior
5060,30.0,Male,Master,Financial Manager,7.0,120000.0,UK,Mixed,Mid,Early_Career,Senior
5061,28.0,Female,PhD,Director Of Marketing,6.0,105000.0,USA,Asian,Mid,Early_Career,Senior
5062,26.0,Male,Bachelor,Senior Product Marketing Manager,5.0,85000.0,Australia,White,Junior,Early_Career,Senior
5063,28.0,Female,Master,Marketing Manager,7.0,110000.0,Canada,Asian,Mid,Early_Career,Senior
5064,34.0,Male,PhD,Director Of Marketing,12.0,170000.0,China,Korean,Senior,Early_Career,Senior
5065,31.0,Male,Bachelor,Sales Director,9.0,140000.0,Australia,White,Mid,Early_Career,Senior
5066,24.0,Female,High School,Sales Associate,1.0,30000.0,China,Korean,Entry,Young,Junior
5067,29.0,Male,Bachelor,Digital Marketing Manager,6.0,95000.0,China,White,Mid,Early_Career,Senior
5068,27.0,Female,Master,Content Marketing Manager,4.0,80000.0,UK,Mixed,Junior,Early_Career,Senior
5069,33.0,Male,PhD,Sales Director,10.0,155000.0,Canada,White,Mid,Early_Career,Senior
5070,21.0,Female,High School,Junior Sales Representative,0.0,25000.0,China,Korean,Entry,Young,Junior
5071,36.0,Male,Bachelor,Sales Manager,11.0,160000.0,USA,African American,Senior,Mid_Career,Senior
5072,25.0,Female,Bachelor,Marketing Manager,3.0,65000.0,China,White,Junior,Young,Senior
5073,30.0,Male,Master,Financial Manager,7.0,120000.0,China,White,Mid,Early_Career,Senior
5074,28.0,Female,PhD,Director Of Marketing,6.0,105000.0,Australia,Asian,Mid,Early_Career,Senior
5075,26.0,Male,Bachelor,Senior Product Marketing Manager,5.0,85000.0,USA,Hispanic,Junior,Early_Career,Senior
5076,28.0,Female,Master,Marketing Manager,7.0,110000.0,USA,White,Mid,Early_Career,Senior
5077,34.0,Male,PhD,Director Of Marketing,12.0,170000.0,Canada,Asian,Senior,Early_Career,Senior
5078,31.0,Male,Bachelor,Sales Director,9.0,140000.0,UK,Asian,Mid,Early_Career,Senior
5079,24.0,Female,High School,Sales Associate,1.0,30000.0,China,Chinese,Entry,Young,Junior
5080,29.0,Male,Bachelor,Digital Marketing Manager,6.0,95000.0,USA,African American,Mid,Early_Career,Senior
5081,27.0,Female,Master,Content Marketing Manager,4.0,80000.0,USA,Asian,Junior,Early_Career,Senior
5082,33.0,Male,PhD,Sales Director,10.0,155000.0,China,White,Mid,Early_Career,Senior
5083,21.0,Female,High School,Junior Sales Representative,0.0,25000.0,USA,African American,Entry,Young,Junior
5084,36.0,Male,Bachelor,Sales Manager,11.0,160000.0,USA,Asian,Senior,Mid_Career,Senior
5085,25.0,Female,Bachelor,Marketing Manager,3.0,65000.0,Canada,Black,Junior,Young,Senior
5086,30.0,Male,Master,Financial Manager,7.0,120000.0,USA,White,Mid,Early_Career,Senior
5087,28.0,Female,PhD,Director Of Marketing,6.0,105000.0,Canada,Asian,Mid,Early_Career,Senior
5088,26.0,Male,Bachelor,Senior Product Marketing Manager,5.0,85000.0,UK,Welsh,Junior,Early_Career,Senior
5089,28.0,Female,Master,Marketing Manager,7.0,110000.0,China,Chinese,Mid,Early_Career,Senior
5090,34.0,Male,PhD,Director Of Marketing,12.0,170000.0,USA,Asian,Senior,Early_Career,Senior
5091,31.0,Male,Bachelor,Sales Director,9.0,140000.0,China,Chinese,Mid,Early_Career,Senior
5092,24.0,Female,High School,Sales Associate,1.0,30000.0,Canada,Asian,Entry,Young,Junior
5093,29.0,Male,Bachelor,Digital Marketing Manager,6.0,95000.0,China,Korean,Mid,Early_Career,Senior
5094,27.0,Female,Master,Content Marketing Manager,4.0,80000.0,Canada,Asian,Junior,Early_Career,Senior
5095,33.0,Male,PhD,Sales Director,10.0,155000.0,China,Chinese,Mid,Early_Career,Senior
5096,21.0,Female,High School,Junior Sales Representative,0.0,25000.0,Australia,Asian,Entry,Young,Junior
5097,36.0,Male,Bachelor,Sales Manager,11.0,160000.0,Canada,Asian,Senior,Mid_Career,Senior
5098,25.0,Female,Bachelor,Marketing Manager,3.0,65000.0,Australia,Asian,Junior,Young,Senior
5099,30.0,Male,Master,Financial Manager,7.0,120000.0,USA,White,Mid,Early_Career,Senior
5100,28.0,Female,PhD,Director Of Marketing,6.0,105000.0,Australia,Asian,Mid,Early_Career,Senior
5101,26.0,Male,Bachelor,Senior Product Marketing Manager,5.0,85000.0,USA,Hispanic,Junior,Early_Career,Senior
5102,28.0,Female,Master,Marketing Manager,7.0,110000.0,China,Korean,Mid,Early_Career,Senior
5103,34.0,Male,PhD,Director Of Marketing,12.0,170000.0,Canada,Black,Senior,Early_Career,Senior
5104,31.0,Male,Bachelor,Sales Director,9.0,140000.0,China,Korean,Mid,Early_Career,Senior
5105,24.0,Female,High School,Sales Associate,1.0,30000.0,UK,Mixed,Entry,Young,Junior
5106,29.0,Male,Bachelor,Digital Marketing Manager,6.0,95000.0,Australia,Asian,Mid,Early_Career,Senior
5107,27.0,Female,Master,Content Marketing Manager,4.0,80000.0,Australia,Asian,Junior,Early_Career,Senior
5108,33.0,Male,PhD,Sales Director,10.0,155000.0,Australia,White,Mid,Early_Career,Senior
5109,21.0,Female,High School,Junior Sales Representative,0.0,25000.0,Australia,Australian,Entry,Young,Junior
5110,36.0,Male,Bachelor,Sales Manager,11.0,160000.0,Canada,Black,Senior,Mid_Career,Senior
5111,25.0,Female,Bachelor,Marketing Manager,3.0,65000.0,UK,Welsh,Junior,Young,Senior
5112,30.0,Male,Master,Financial Manager,7.0,120000.0,China,Korean,Mid,Early_Career,Senior
5113,28.0,Female,PhD,Director Of Marketing,6.0,105000.0,USA,Hispanic,Mid,Early_Career,Senior
5114,26.0,Male,Bachelor,Senior Product Marketing Manager,5.0,85000.0,USA,African American,Junior,Early_Career,Senior
5115,28.0,Female,Master,Marketing Manager,7.0,110000.0,UK,Mixed,Mid,Early_Career,Senior
5116,34.0,Male,PhD,Director Of Marketing,12.0,170000.0,Australia,Asian,Senior,Early_Career,Senior
5117,31.0,Male,Bachelor,Sales Director,9.0,140000.0,China,Chinese,Mid,Early_Career,Senior
5118,24.0,Female,High School,Sales Associate,1.0,30000.0,Australia,White,Entry,Young,Junior
5119,29.0,Male,Bachelor,Digital Marketing Manager,6.0,95000.0,Australia,Australian,Mid,Early_Career,Senior
5120,27.0,Female,Master,Content Marketing Manager,4.0,80000.0,Australia,White,Junior,Early_Career,Senior
5121,33.0,Male,PhD,Sales Director,10.0,155000.0,USA,African American,Mid,Early_Career,Senior
5122,21.0,Female,High School,Junior Sales Representative,0.0,25000.0,China,Chinese,Entry,Young,Junior
5123,36.0,Male,Bachelor,Sales Manager,11.0,160000.0,USA,Asian,Senior,Mid_Career,Senior
5124,23.0,Male,Bachelor,Software Engineer,1.0,60000.0,China,White,Entry,Young,Junior
5125,39.0,Female,Master,Marketing Manager,12.0,150000.0,Canada,Asian,Senior,Mid_Career,Senior
5126,28.0,Male,Bachelor,Financial Analyst,4.0,80000.0,Canada,White,Junior,Early_Career,Junior
5127,31.0,Female,PhD,Research Scientist,8.0,120000.0,Canada,White,Mid,Early_Career,Junior
5128,35.0,Male,Bachelor,Project Manager,10.0,130000.0,Canada,Black,Mid,Early_Career,Senior
5129,27.0,Female,Bachelor,Graphic Designer,2.0,50000.0,USA,Hispanic,Entry,Early_Career,Junior
5130,42.0,Male,Master,Senior Software Engineer,18.0,180000.0,China,Korean,Senior,Mid_Career,Senior
5131,29.0,Female,Bachelor,Digital Marketing Specialist,3.0,60000.0,Canada,Asian,Junior,Early_Career,Junior
5132,33.0,Male,Bachelor,Marketing Manager,7.0,110000.0,Australia,Asian,Mid,Early_Career,Senior
5133,24.0,Female,High School,Sales Associate,0.0,25000.0,UK,White,Entry,Young,Junior
5134,30.0,Male,Master,Financial Analyst,6.0,100000.0,UK,White,Mid,Early_Career,Junior
5135,26.0,Female,Bachelor,Social Media Manager,3.0,55000.0,USA,African American,Junior,Early_Career,Senior
5136,32.0,Male,PhD,Data Scientist,9.0,140000.0,UK,Asian,Mid,Early_Career,Junior
5137,22.0,Female,High School,Receptionist,0.0,25000.0,UK,Asian,Entry,Young,Junior
5138,37.0,Male,Bachelor,Product Manager,12.0,150000.0,UK,Welsh,Senior,Mid_Career,Senior
5139,38.0,Female,Master,Marketing Director,14.0,170000.0,Australia,White,Senior,Mid_Career,Senior
5140,25.0,Male,Bachelor,Junior Software Engineer,1.0,55000.0,Australia,Asian,Entry,Young,Junior
5141,29.0,Female,Bachelor,Marketing Coordinator,4.0,65000.0,China,Korean,Junior,Early_Career,Junior
5142,27.0,Male,Bachelor,Product Designer,3.0,60000.0,USA,African American,Junior,Early_Career,Junior
5143,34.0,Female,PhD,Research Director,10.0,150000.0,Australia,Asian,Mid,Early_Career,Senior
5144,26.0,Male,Bachelor,Marketing Analyst,2.0,50000.0,Australia,White,Entry,Early_Career,Junior
5145,31.0,Female,Master,Financial Manager,7.0,120000.0,UK,Mixed,Mid,Early_Career,Senior
5146,25.0,Male,Bachelor,Junior Software Engineer,1.0,55000.0,China,White,Entry,Young,Junior
5147,29.0,Female,Bachelor,Marketing Coordinator,4.0,65000.0,China,Chinese,Junior,Early_Career,Junior
5148,27.0,Male,Bachelor,Product Designer,3.0,60000.0,Canada,Black,Junior,Early_Career,Junior
5149,34.0,Female,PhD,Research Director,10.0,150000.0,USA,Asian,Mid,Early_Career,Senior
5150,26.0,Male,Bachelor,Marketing Analyst,2.0,50000.0,China,White,Entry,Early_Career,Junior
5151,31.0,Female,Master,Financial Manager,7.0,120000.0,Australia,Australian,Mid,Early_Career,Senior
5152,23.0,Male,Bachelor,Software Engineer,1.0,60000.0,Australia,Asian,Entry,Young,Junior
5153,39.0,Female,Master,Marketing Manager,12.0,150000.0,Australia,Australian,Senior,Mid_Career,Senior
5154,28.0,Male,Bachelor,Financial Analyst,4.0,80000.0,China,White,Junior,Early_Career,Junior
5155,31.0,Female,PhD,Research Scientist,8.0,120000.0,Canada,Black,Mid,Early_Career,Junior
5156,35.0,Male,Bachelor,Project Manager,10.0,130000.0,UK,Asian,Mid,Early_Career,Senior
5157,27.0,Female,Bachelor,Graphic Designer,2.0,50000.0,UK,Asian,Entry,Early_Career,Junior
5158,42.0,Male,Master,Senior Software Engineer,18.0,180000.0,UK,Asian,Senior,Mid_Career,Senior
5159,29.0,Female,Bachelor,Digital Marketing Specialist,3.0,60000.0,USA,Hispanic,Junior,Early_Career,Junior
5160,33.0,Male,Bachelor,Marketing Manager,7.0,110000.0,Canada,Asian,Mid,Early_Career,Senior
5161,24.0,Female,High School,Sales Associate,0.0,25000.0,Canada,Black,Entry,Young,Junior
5162,30.0,Male,Master,Financial Analyst,6.0,100000.0,China,White,Mid,Early_Career,Junior
5163,26.0,Female,Bachelor,Social Media Manager,3.0,55000.0,USA,African American,Junior,Early_Career,Senior
5164,32.0,Male,PhD,Data Scientist,9.0,140000.0,USA,Asian,Mid,Early_Career,Junior
5165,22.0,Female,High School,Receptionist,0.0,25000.0,UK,White,Entry,Young,Junior
5166,37.0,Male,Bachelor,Product Manager,12.0,150000.0,Canada,Asian,Senior,Mid_Career,Senior
5167,38.0,Female,Master,Marketing Director,14.0,170000.0,Canada,Black,Senior,Mid_Career,Senior
5168,25.0,Male,Bachelor,Junior Software Engineer,1.0,55000.0,UK,Mixed,Entry,Young,Junior
5169,29.0,Female,Bachelor,Marketing Coordinator,4.0,65000.0,Canada,Black,Junior,Early_Career,Junior
5170,27.0,Male,Bachelor,Product Designer,3.0,60000.0,China,Korean,Junior,Early_Career,Junior
5171,34.0,Female,PhD,Research Director,10.0,150000.0,China,White,Mid,Early_Career,Senior
5172,26.0,Male,Bachelor,Marketing Analyst,2.0,50000.0,Australia,Australian,Entry,Early_Career,Junior
5173,31.0,Female,Master,Financial Manager,7.0,120000.0,Canada,Asian,Mid,Early_Career,Senior
5174,25.0,Male,Bachelor,Junior Software Engineer,1.0,55000.0,Australia,Australian,Entry,Young,Junior
5175,29.0,Female,Bachelor,Marketing Coordinator,4.0,65000.0,Australia,White,Junior,Early_Career,Junior
5176,27.0,Male,Bachelor,Product Designer,3.0,60000.0,USA,African American,Junior,Early_Career,Junior
5177,34.0,Female,PhD,Research Director,10.0,150000.0,USA,Asian,Mid,Early_Career,Senior
5178,26.0,Male,Bachelor,Marketing Analyst,2.0,50000.0,UK,White,Entry,Early_Career,Junior
5179,31.0,Female,Master,Financial Manager,7.0,120000.0,Australia,White,Mid,Early_Career,Senior
5180,23.0,Male,Bachelor,Software Engineer,1.0,60000.0,Australia,Australian,Entry,Young,Junior
5181,39.0,Female,Master,Marketing Manager,12.0,150000.0,China,Chinese,Senior,Mid_Career,Senior
5182,28.0,Male,Bachelor,Financial Analyst,4.0,80000.0,China,Korean,Junior,Early_Career,Junior
5183,31.0,Female,PhD,Research Scientist,8.0,120000.0,China,White,Mid,Early_Career,Junior
5184,35.0,Male,Bachelor,Project Manager,10.0,130000.0,USA,White,Mid,Early_Career,Senior
5185,27.0,Female,Bachelor,Graphic Designer,2.0,50000.0,China,Korean,Entry,Early_Career,Junior
5186,42.0,Male,Master,Senior Software Engineer,18.0,180000.0,Canada,Asian,Senior,Mid_Career,Senior
5187,29.0,Female,Bachelor,Digital Marketing Specialist,3.0,60000.0,Canada,Asian,Junior,Early_Career,Junior
5188,33.0,Male,Bachelor,Marketing Manager,7.0,110000.0,Canada,Black,Mid,Early_Career,Senior
5189,24.0,Female,High School,Sales Associate,0.0,25000.0,USA,Hispanic,Entry,Young,Junior
5190,30.0,Male,Master,Financial Analyst,6.0,100000.0,Canada,Black,Mid,Early_Career,Junior
5191,26.0,Female,Bachelor,Social Media Manager,3.0,55000.0,Australia,Asian,Junior,Early_Career,Senior
5192,32.0,Male,PhD,Data Scientist,9.0,140000.0,Canada,White,Mid,Early_Career,Junior
5193,22.0,Female,High School,Receptionist,0.0,25000.0,USA,White,Entry,Young,Junior
5194,37.0,Male,Bachelor,Product Manager,12.0,150000.0,USA,Asian,Senior,Mid_Career,Senior
5195,38.0,Female,Master,Marketing Director,14.0,170000.0,Australia,White,Senior,Mid_Career,Senior
5196,25.0,Male,Bachelor,Junior Software Engineer,1.0,55000.0,China,Chinese,Entry,Young,Junior
5197,29.0,Female,Bachelor,Marketing Coordinator,4.0,65000.0,Canada,Asian,Junior,Early_Career,Junior
5198,27.0,Male,Bachelor,Product Designer,3.0,60000.0,China,Korean,Junior,Early_Career,Junior
5199,34.0,Female,PhD,Research Director,10.0,150000.0,UK,Welsh,Mid,Early_Career,Senior
5200,26.0,Male,Bachelor,Marketing Analyst,2.0,50000.0,UK,Asian,Entry,Early_Career,Junior
5201,31.0,Female,Master,Financial Manager,7.0,120000.0,USA,Asian,Mid,Early_Career,Senior
5202,25.0,Male,Bachelor,Junior Software Engineer,1.0,55000.0,China,Chinese,Entry,Young,Junior
5203,29.0,Female,Bachelor,Marketing Coordinator,4.0,65000.0,China,Korean,Junior,Early_Career,Junior
5204,27.0,Male,Bachelor,Product Designer,3.0,60000.0,UK,Asian,Junior,Early_Career,Junior
5205,34.0,Female,PhD,Research Director,10.0,150000.0,China,Korean,Mid,Early_Career,Senior
5206,26.0,Male,Bachelor,Marketing Analyst,2.0,50000.0,UK,Welsh,Entry,Early_Career,Junior
5207,31.0,Female,Master,Financial Manager,7.0,120000.0,Canada,Black,Mid,Early_Career,Senior
5208,23.0,Male,Bachelor,Software Engineer,1.0,60000.0,USA,Hispanic,Entry,Young,Junior
5209,39.0,Female,Master,Marketing Manager,12.0,150000.0,UK,Asian,Senior,Mid_Career,Senior
5210,28.0,Male,Bachelor,Financial Analyst,4.0,80000.0,China,Korean,Junior,Early_Career,Junior
5211,31.0,Female,PhD,Research Scientist,8.0,120000.0,Australia,Asian,Mid,Early_Career,Junior
5212,35.0,Male,Bachelor,Project Manager,10.0,130000.0,China,White,Mid,Early_Career,Senior
5213,27.0,Female,Bachelor,Graphic Designer,2.0,50000.0,USA,Hispanic,Entry,Early_Career,Junior
5214,42.0,Male,Master,Senior Software Engineer,18.0,180000.0,USA,Asian,Senior,Mid_Career,Senior
5215,29.0,Female,Bachelor,Digital Marketing Specialist,3.0,60000.0,UK,Welsh,Junior,Early_Career,Junior
5216,33.0,Male,Bachelor,Marketing Manager,7.0,110000.0,USA,Asian,Mid,Early_Career,Senior
5217,24.0,Female,High School,Sales Associate,0.0,25000.0,Canada,White,Entry,Young,Junior
5218,30.0,Male,Master,Financial Analyst,6.0,100000.0,Australia,Australian,Mid,Early_Career,Junior
5219,26.0,Female,Bachelor,Social Media Manager,3.0,55000.0,Canada,White,Junior,Early_Career,Senior
5220,32.0,Male,PhD,Data Scientist,9.0,140000.0,China,Chinese,Mid,Early_Career,Junior
5221,22.0,Female,High School,Receptionist,0.0,25000.0,Canada,Asian,Entry,Young,Junior
5222,37.0,Male,Bachelor,Product Manager,12.0,150000.0,USA,White,Senior,Mid_Career,Senior
5223,38.0,Female,Master,Marketing Director,14.0,170000.0,USA,Hispanic,Senior,Mid_Career,Senior
5224,25.0,Male,Bachelor,Junior Software Engineer,1.0,55000.0,USA,African American,Entry,Young,Junior
5225,29.0,Female,Bachelor,Marketing Coordinator,4.0,65000.0,UK,Welsh,Junior,Early_Career,Junior
5226,27.0,Male,Bachelor,Product Designer,3.0,60000.0,UK,Welsh,Junior,Early_Career,Junior
5227,34.0,Female,PhD,Research Director,10.0,150000.0,UK,Mixed,Mid,Early_Career,Senior
5228,26.0,Male,Bachelor,Marketing Analyst,2.0,50000.0,Canada,Asian,Entry,Early_Career,Junior
5229,31.0,Female,Master,Financial Manager,7.0,120000.0,China,White,Mid,Early_Career,Senior
5230,25.0,Male,Bachelor,Junior Software Engineer,1.0,55000.0,China,Korean,Entry,Young,Junior
5231,29.0,Female,Bachelor,Marketing Coordinator,4.0,65000.0,USA,Hispanic,Junior,Early_Career,Junior
5232,27.0,Male,Bachelor,Product Designer,3.0,60000.0,Australia,Australian,Junior,Early_Career,Junior
5233,34.0,Female,PhD,Research Director,10.0,150000.0,USA,Asian,Mid,Early_Career,Senior
5234,26.0,Male,Bachelor,Marketing Analyst,2.0,50000.0,UK,White,Entry,Early_Career,Junior
5235,31.0,Female,Master,Financial Manager,7.0,120000.0,Canada,Black,Mid,Early_Career,Senior
5236,23.0,Male,Bachelor,Software Engineer,1.0,60000.0,China,Chinese,Entry,Young,Junior
5237,39.0,Female,Master,Marketing Manager,12.0,150000.0,USA,Asian,Senior,Mid_Career,Senior
5238,28.0,Male,Bachelor,Financial Analyst,4.0,80000.0,Canada,Black,Junior,Early_Career,Junior
5239,31.0,Female,PhD,Research Scientist,8.0,120000.0,Canada,Asian,Mid,Early_Career,Junior
5240,35.0,Male,Bachelor,Project Manager,10.0,130000.0,Australia,Australian,Mid,Early_Career,Senior
5241,27.0,Female,Bachelor,Graphic Designer,2.0,50000.0,UK,Asian,Entry,Early_Career,Junior
5242,42.0,Male,Master,Senior Software Engineer,18.0,180000.0,UK,Mixed,Senior,Mid_Career,Senior
5243,29.0,Female,Bachelor,Digital Marketing Specialist,3.0,60000.0,Canada,White,Junior,Early_Career,Junior
5244,33.0,Male,Bachelor,Marketing Manager,7.0,110000.0,Australia,Asian,Mid,Early_Career,Senior
5245,24.0,Female,High School,Sales Associate,0.0,25000.0,Canada,Asian,Entry,Young,Junior
5246,30.0,Male,Master,Financial Analyst,6.0,100000.0,Australia,Asian,Mid,Early_Career,Junior
5247,26.0,Female,Bachelor,Social M,8.094687360095508,115000.0,USA,White,Mid,Early_Career,Junior
5248,28.0,Male,Bachelor,Software Engineer,3.0,85000.0,Canada,Asian,Junior,Early_Career,Junior
5249,36.0,Female,Master,Marketing Director,11.0,160000.0,China,White,Senior,Mid_Career,Senior
5250,25.0,Male,Bachelor,Financial Analyst,1.0,55000.0,USA,Hispanic,Entry,Young,Junior
5251,29.0,Female,PhD,Data Scientist,5.0,100000.0,China,Korean,Junior,Early_Career,Junior
5252,33.0,Male,Bachelor,Project Manager,8.0,120000.0,Canada,Asian,Mid,Early_Career,Senior
5253,27.0,Female,Bachelor,Graphic Designer,2.0,50000.0,UK,Welsh,Entry,Early_Career,Junior
5254,43.0,Male,Master,Senior Software Engineer,19.0,185000.0,UK,Welsh,Senior,Mid_Career,Senior
5255,30.0,Female,Bachelor,Digital Marketing Specialist,4.0,65000.0,Australia,Australian,Junior,Early_Career,Junior
5256,34.0,Male,Bachelor,Marketing Manager,9.0,130000.0,China,Korean,Mid,Early_Career,Senior
5257,25.0,Female,High School,Sales Associate,0.0,25000.0,Canada,White,Entry,Young,Junior
5258,31.0,Male,Master,Financial Analyst,6.0,100000.0,China,Chinese,Mid,Early_Career,Junior
5259,27.0,Female,Bachelor,Social Media Manager,3.0,55000.0,Canada,Black,Junior,Early_Career,Senior
5260,33.0,Male,PhD,Research Scientist,10.0,150000.0,Australia,White,Mid,Early_Career,Junior
5261,23.0,Female,High School,Receptionist,0.0,25000.0,Australia,Australian,Entry,Young,Junior
5262,38.0,Male,Bachelor,Product Manager,13.0,160000.0,Australia,Asian,Senior,Mid_Career,Senior
5263,39.0,Female,Master,Marketing Manager,14.0,170000.0,Canada,Black,Senior,Mid_Career,Senior
5264,26.0,Male,Bachelor,Junior Software Engineer,1.0,55000.0,Australia,Asian,Entry,Early_Career,Junior
5265,30.0,Female,Bachelor,Marketing Coordinator,4.0,65000.0,Canada,White,Junior,Early_Career,Junior
5266,28.0,Male,Bachelor,Product Designer,3.0,60000.0,UK,White,Junior,Early_Career,Junior
5267,35.0,Female,PhD,Research Director,11.0,160000.0,UK,Welsh,Senior,Early_Career,Senior
5268,27.0,Male,Bachelor,Marketing Analyst,2.0,50000.0,UK,White,Entry,Early_Career,Junior
5269,32.0,Female,Master,Financial Manager,8.0,120000.0,UK,Welsh,Mid,Early_Career,Senior
5270,26.0,Male,Bachelor,Junior Software Engineer,1.0,55000.0,China,White,Entry,Early_Career,Junior
5271,30.0,Female,Bachelor,Marketing Coordinator,4.0,65000.0,Canada,Black,Junior,Early_Career,Junior
5272,28.0,Male,Bachelor,Product Designer,3.0,60000.0,USA,African American,Junior,Early_Career,Junior
5273,35.0,Female,PhD,Research Director,11.0,160000.0,Canada,Black,Senior,Early_Career,Senior
5274,27.0,Male,Bachelor,Marketing Analyst,2.0,50000.0,China,Chinese,Entry,Early_Career,Junior
5275,32.0,Female,Master,Financial Manager,8.0,120000.0,Australia,Australian,Mid,Early_Career,Senior
5276,28.0,Male,Bachelor,Software Engineer,3.0,85000.0,UK,Welsh,Junior,Early_Career,Junior
5277,36.0,Female,Master,Marketing Director,11.0,160000.0,USA,White,Senior,Mid_Career,Senior
5278,25.0,Male,Bachelor,Financial Analyst,1.0,55000.0,Canada,White,Entry,Young,Junior
5279,29.0,Female,PhD,Data Scientist,5.0,100000.0,USA,African American,Junior,Early_Career,Junior
5280,33.0,Male,Bachelor,Project Manager,8.0,120000.0,Australia,Asian,Mid,Early_Career,Senior
5281,27.0,Female,Bachelor,Graphic Designer,2.0,50000.0,China,Chinese,Entry,Early_Career,Junior
5282,43.0,Male,Master,Senior Software Engineer,19.0,185000.0,UK,Mixed,Senior,Mid_Career,Senior
5283,30.0,Female,Bachelor,Digital Marketing Specialist,4.0,65000.0,China,Chinese,Junior,Early_Career,Junior
5284,34.0,Male,Bachelor,Marketing Manager,9.0,130000.0,UK,Asian,Mid,Early_Career,Senior
5285,25.0,Female,High School,Sales Associate,0.0,25000.0,Australia,Asian,Entry,Young,Junior
5286,31.0,Male,Master,Financial Analyst,6.0,100000.0,Australia,White,Mid,Early_Career,Junior
5287,27.0,Female,Bachelor,Social Media Manager,3.0,55000.0,USA,Hispanic,Junior,Early_Career,Senior
5288,33.0,Male,PhD,Research Scientist,10.0,150000.0,China,White,Mid,Early_Career,Junior
5289,23.0,Female,High School,Receptionist,0.0,25000.0,UK,White,Entry,Young,Junior
5290,38.0,Male,Bachelor,Product Manager,13.0,160000.0,Canada,Asian,Senior,Mid_Career,Senior
5291,39.0,Female,Master,Marketing Manager,14.0,170000.0,Australia,White,Senior,Mid_Career,Senior
5292,26.0,Male,Bachelor,Junior Software Engineer,1.0,55000.0,Canada,Asian,Entry,Early_Career,Junior
5293,30.0,Female,Bachelor,Marketing Coordinator,4.0,65000.0,China,Korean,Junior,Early_Career,Junior
5294,28.0,Male,Bachelor,Product Designer,3.0,60000.0,UK,Welsh,Junior,Early_Career,Junior
5295,35.0,Female,PhD,Research Director,11.0,160000.0,UK,Welsh,Senior,Early_Career,Senior
5296,27.0,Male,Bachelor,Marketing Analyst,2.0,50000.0,USA,Hispanic,Entry,Early_Career,Junior
5297,32.0,Female,Master,Financial Manager,8.0,120000.0,Australia,Australian,Mid,Early_Career,Senior
5298,26.0,Male,Bachelor,Junior Software Engineer,1.0,55000.0,China,White,Entry,Early_Career,Junior
5299,30.0,Female,Bachelor,Marketing Coordinator,4.0,65000.0,Canada,White,Junior,Early_Career,Junior
5300,28.0,Male,Bachelor,Product Designer,3.0,60000.0,UK,White,Junior,Early_Career,Junior
5301,35.0,Female,PhD,Research Director,11.0,160000.0,China,Chinese,Senior,Early_Career,Senior
5302,27.0,Male,Bachelor,Marketing Analyst,2.0,50000.0,USA,Asian,Entry,Early_Career,Junior
5303,32.0,Female,Master,Financial Manager,8.0,120000.0,UK,Welsh,Mid,Early_Career,Senior
5304,28.0,Male,Bachelor,Software Engineer,3.0,85000.0,Canada,Asian,Junior,Early_Career,Junior
5305,36.0,Female,Master,Marketing Director,11.0,160000.0,Canada,Black,Senior,Mid_Career,Senior
5306,25.0,Male,Bachelor,Financial Analyst,1.0,55000.0,USA,African American,Entry,Young,Junior
5307,29.0,Female,PhD,Data Scientist,5.0,100000.0,USA,African American,Junior,Early_Career,Junior
5308,33.0,Male,Bachelor,Project Manager,8.0,120000.0,Canada,White,Mid,Early_Career,Senior
5309,27.0,Female,Bachelor,Graphic Designer,2.0,50000.0,Canada,Asian,Entry,Early_Career,Junior
5310,43.0,Male,Master,Senior Software Engineer,19.0,185000.0,China,Chinese,Senior,Mid_Career,Senior
5311,30.0,Female,Bachelor,Digital Marketing Specialist,4.0,65000.0,Australia,Australian,Junior,Early_Career,Junior
5312,34.0,Male,Bachelor,Marketing Manager,9.0,130000.0,Canada,Asian,Mid,Early_Career,Senior
5313,25.0,Female,High School,Sales Associate,0.0,25000.0,USA,African American,Entry,Young,Junior
5314,31.0,Male,Master,Financial Analyst,6.0,100000.0,China,Chinese,Mid,Early_Career,Junior
5315,27.0,Female,Bachelor,Social Media Manager,3.0,55000.0,China,Chinese,Junior,Early_Career,Senior
5316,33.0,Male,PhD,Research Scientist,10.0,150000.0,Canada,Black,Mid,Early_Career,Junior
5317,23.0,Female,High School,Receptionist,0.0,25000.0,China,White,Entry,Young,Junior
5318,38.0,Male,Bachelor,Product Manager,13.0,160000.0,Australia,Australian,Senior,Mid_Career,Senior
5319,39.0,Female,Master,Marketing Manager,14.0,170000.0,USA,Asian,Senior,Mid_Career,Senior
5320,26.0,Male,Bachelor,Junior Software Engineer,1.0,55000.0,USA,White,Entry,Early_Career,Junior
5321,30.0,Female,Bachelor,Marketing Coordinator,4.0,65000.0,UK,Welsh,Junior,Early_Career,Junior
5322,28.0,Male,Bachelor,Product Designer,3.0,60000.0,UK,Mixed,Junior,Early_Career,Junior
5323,35.0,Female,PhD,Research Director,11.0,160000.0,USA,African American,Senior,Early_Career,Senior
5324,27.0,Male,Bachelor,Marketing Analyst,2.0,50000.0,UK,White,Entry,Early_Career,Junior
5325,32.0,Female,Master,Financial Manager,8.0,120000.0,UK,Mixed,Mid,Early_Career,Senior
5326,26.0,Male,Bachelor,Junior Software Engineer,1.0,55000.0,USA,Hispanic,Entry,Early_Career,Junior
5327,30.0,Female,Bachelor,Marketing Coordinator,4.0,65000.0,Australia,White,Junior,Early_Career,Junior
5328,28.0,Male,Bachelor,Product Designer,3.0,60000.0,UK,White,Junior,Early_Career,Junior
5329,35.0,Female,PhD,Research Director,11.0,160000.0,UK,Welsh,Senior,Early_Career,Senior
5330,27.0,Male,Bachelor,Marketing Analyst,2.0,50000.0,Australia,Asian,Entry,Early_Career,Junior
5331,32.0,Female,Master,Financial Manager,8.0,120000.0,USA,White,Mid,Early_Career,Senior
5332,28.0,Male,Bachelor,Software Engineer,3.0,85000.0,USA,Asian,Junior,Early_Career,Junior
5333,36.0,Female,Master,Marketing Director,11.0,160000.0,China,White,Senior,Mid_Career,Senior
5334,25.0,Male,Bachelor,Financial Analyst,1.0,55000.0,Canada,Asian,Entry,Young,Junior
5335,29.0,Female,PhD,Data Scientist,5.0,100000.0,USA,Hispanic,Junior,Early_Career,Junior
5336,33.0,Male,Bachelor,Project Manager,8.0,120000.0,USA,White,Mid,Early_Career,Senior
5337,27.0,Female,Bachelor,Graphic Designer,2.0,50000.0,USA,Hispanic,Entry,Early_Career,Junior
5338,43.0,Male,Master,Senior Software Engineer,19.0,185000.0,China,White,Senior,Mid_Career,Senior
5339,30.0,Female,Bachelor,Digital Marketing Specialist,4.0,65000.0,China,White,Junior,Early_Career,Junior
5340,34.0,Male,Bachelor,Marketing Manager,9.0,130000.0,China,Korean,Mid,Early_Career,Senior
5341,25.0,Female,High School,Sales Associate,0.0,25000.0,Canada,Black,Entry,Young,Junior
5342,31.0,Male,Master,Financial Analyst,6.0,100000.0,Australia,Australian,Mid,Early_Career,Junior
5343,27.0,Female,Bachelor,Social Media Manager,3.0,55000.0,USA,African American,Junior,Early_Career,Senior
5344,33.0,Male,PhD,Research Scientist,10.0,150000.0,USA,White,Mid,Early_Career,Junior
5345,23.0,Female,High School,Receptionist,0.0,25000.0,China,Chinese,Entry,Young,Junior
5346,38.0,Male,Bachelor,Product Manager,13.0,160000.0,China,Korean,Senior,Mid_Career,Senior
5347,39.0,Female,Master,Marketing Manager,14.0,170000.0,Canada,Black,Senior,Mid_Career,Senior
5348,26.0,Male,Bachelor,Junior Software Engineer,1.0,55000.0,UK,Welsh,Entry,Early_Career,Junior
5349,30.0,Female,Bachelor,Marketing Coordinator,4.0,65000.0,USA,Asian,Junior,Early_Career,Junior
5350,28.0,Male,Bachelor,Product Designer,3.0,60000.0,USA,Asian,Junior,Early_Career,Junior
5351,35.0,Female,PhD,Research Director,11.0,160000.0,Australia,Asian,Senior,Early_Career,Senior
5352,27.0,Male,Bachelor,Marketing Analyst,2.0,50000.0,Australia,Australian,Entry,Early_Career,Junior
5353,32.0,Female,Master,Financial Manager,8.0,120000.0,Australia,White,Mid,Early_Career,Senior
5354,26.0,Male,Bachelor,Junior Software Engineer,1.0,55000.0,Australia,Australian,Entry,Early_Career,Junior
5355,30.0,Female,Bachelor,Marketing Coordinator,4.0,65000.0,UK,White,Junior,Early_Career,Junior
5356,28.0,Male,Bachelor,Product Designer,3.0,60000.0,Canada,Black,Junior,Early_Career,Junior
5357,35.0,Female,PhD,Research Director,11.0,160000.0,Canada,White,Senior,Early_Career,Senior
5358,27.0,Male,Bachelor,Marketing Analyst,2.0,50000.0,Australia,White,Entry,Early_Career,Junior
5359,32.0,Female,Master,Financial Manager,8.0,120000.0,UK,Mixed,Mid,Early_Career,Senior
5360,28.0,Male,Bachelor,Software Engineer,3.0,85000.0,Canada,Asian,Junior,Early_Career,Junior
5361,36.0,Female,Master,Marketing Director,11.0,160000.0,Australia,Australian,Senior,Mid_Career,Senior
5362,25.0,Male,Bachelor,Financial Analyst,1.0,55000.0,Australia,Asian,Entry,Young,Junior
5363,29.0,Female,PhD,Data Scientist,5.0,100000.0,USA,Asian,Junior,Early_Career,Junior
5364,33.0,Male,Bachelor,Project Manager,8.0,120000.0,UK,Mixed,Mid,Early_Career,Senior
5365,27.0,Female,Bachelor,Graphic Designer,2.0,50000.0,Australia,White,Entry,Early_Career,Junior
5366,43.0,Male,Master,Senior Software Engineer,19.0,185000.0,Canada,Asian,Senior,Mid_Career,Senior
5367,30.0,Female,Bachelor,Digital Marketing Specialist,4.0,65000.0,China,Korean,Junior,Early_Career,Junior
5368,34.0,Male,Bachelor,Marketing Manager,9.0,130000.0,Australia,Asian,Mid,Early_Career,Senior
5369,25.0,Female,High School,Sales Associate,0.0,25000.0,USA,Asian,Entry,Young,Junior
5370,31.0,Male,Master,Financial Analyst,6.0,100000.0,UK,Welsh,Mid,Early_Career,Junior
5371,27.0,Female,Bachelor,Social Media Manager,3.0,55000.0,Canada,Black,Junior,Early_Career,Senior
5372,33.0,Male,PhD,Research Scientist,10.0,150000.0,China,White,Mid,Early_Career,Junior
5373,27.0,Male,Bachelor,Software Engineer,3.0,85000.0,UK,Asian,Junior,Early_Career,Junior
5374,35.0,Female,Master,Marketing Director,11.0,160000.0,Canada,Asian,Senior,Early_Career,Senior
5375,24.0,Male,Bachelor,Financial Analyst,1.0,55000.0,UK,White,Entry,Young,Junior
5376,28.0,Female,PhD,Data Scientist,5.0,100000.0,USA,Asian,Junior,Early_Career,Junior
5377,32.0,Male,Bachelor,Project Manager,8.0,120000.0,USA,African American,Mid,Early_Career,Senior
5378,26.0,Female,Bachelor,Graphic Designer,2.0,50000.0,USA,Hispanic,Entry,Early_Career,Junior
5379,41.0,Male,Master,Senior Software Engineer,19.0,185000.0,China,White,Senior,Mid_Career,Senior
5380,29.0,Female,Bachelor,Digital Marketing Specialist,4.0,65000.0,Canada,White,Junior,Early_Career,Junior
5381,33.0,Male,Bachelor,Marketing Manager,9.0,130000.0,USA,African American,Mid,Early_Career,Senior
5382,24.0,Female,High School,Sales Associate,0.0,25000.0,Canada,Black,Entry,Young,Junior
5383,30.0,Male,Master,Financial Analyst,6.0,100000.0,UK,Welsh,Mid,Early_Career,Junior
5384,26.0,Female,Bachelor,Social Media Manager,3.0,55000.0,USA,African American,Junior,Early_Career,Senior
5385,32.0,Male,PhD,Research Scientist,10.0,150000.0,Australia,Asian,Mid,Early_Career,Junior
5386,22.0,Female,High School,Receptionist,0.0,25000.0,Canada,Black,Entry,Young,Junior
5387,37.0,Male,Bachelor,Product Manager,13.0,160000.0,UK,Asian,Senior,Mid_Career,Senior
5388,38.0,Female,Master,Marketing Manager,14.0,170000.0,Australia,Australian,Senior,Mid_Career,Senior
5389,27.0,Male,Bachelor,Junior Software Engineer,1.0,55000.0,UK,Asian,Entry,Early_Career,Junior
5390,31.0,Female,Bachelor,Marketing Coordinator,4.0,65000.0,Australia,Asian,Junior,Early_Career,Junior
5391,29.0,Male,Bachelor,Product Designer,3.0,60000.0,China,Chinese,Junior,Early_Career,Junior
5392,34.0,Female,PhD,Research Director,11.0,160000.0,China,Korean,Senior,Early_Career,Senior
5393,26.0,Male,Bachelor,Marketing Analyst,2.0,50000.0,Canada,Asian,Entry,Early_Career,Junior
5394,31.0,Female,Master,Financial Manager,8.0,120000.0,Canada,White,Mid,Early_Career,Senior
5395,27.0,Male,Bachelor,Junior Software Engineer,1.0,55000.0,UK,Asian,Entry,Early_Career,Junior
5396,31.0,Female,Bachelor,Marketing Coordinator,4.0,65000.0,USA,Asian,Junior,Early_Career,Junior
5397,29.0,Male,Bachelor,Product Designer,3.0,60000.0,Australia,Asian,Junior,Early_Career,Junior
5398,34.0,Female,PhD,Research Director,11.0,160000.0,Australia,White,Senior,Early_Career,Senior
5399,26.0,Male,Bachelor,Marketing Analyst,2.0,50000.0,China,Chinese,Entry,Early_Career,Junior
5400,31.0,Female,Master,Financial Manager,8.0,120000.0,Canada,Black,Mid,Early_Career,Senior
5401,27.0,Male,Bachelor,Software Engineer,3.0,85000.0,China,White,Junior,Early_Career,Junior
5402,35.0,Female,Master,Marketing Director,11.0,160000.0,China,White,Senior,Early_Career,Senior
5403,24.0,Male,Bachelor,Financial Analyst,1.0,55000.0,USA,White,Entry,Young,Junior
5404,28.0,Female,PhD,Data Scientist,5.0,100000.0,UK,Asian,Junior,Early_Career,Junior
5405,32.0,Male,Bachelor,Project Manager,8.0,120000.0,Australia,Asian,Mid,Early_Career,Senior
5406,26.0,Female,Bachelor,Graphic Designer,2.0,50000.0,Australia,Asian,Entry,Early_Career,Junior
5407,41.0,Male,Master,Senior Software Engineer,19.0,185000.0,Australia,White,Senior,Mid_Career,Senior
5408,29.0,Female,Bachelor,Digital Marketing Specialist,4.0,65000.0,China,Chinese,Junior,Early_Career,Junior
5409,33.0,Male,Bachelor,Marketing Manager,9.0,130000.0,Canada,Black,Mid,Early_Career,Senior
5410,24.0,Female,High School,Sales Associate,0.0,25000.0,UK,Asian,Entry,Young,Junior
5411,30.0,Male,Master,Financial Analyst,6.0,100000.0,Australia,Asian,Mid,Early_Career,Junior
5412,26.0,Female,Bachelor,Social Media Manager,3.0,55000.0,UK,Asian,Junior,Early_Career,Senior
5413,32.0,Male,PhD,Research Scientist,10.0,150000.0,USA,Hispanic,Mid,Early_Career,Junior
5414,22.0,Female,High School,Receptionist,0.0,25000.0,UK,Asian,Entry,Young,Junior
5415,37.0,Male,Bachelor,Product Manager,13.0,160000.0,Canada,Black,Senior,Mid_Career,Senior
5416,38.0,Female,Master,Marketing Manager,14.0,170000.0,Canada,Asian,Senior,Mid_Career,Senior
5417,27.0,Male,Bachelor,Junior Software Engineer,1.0,55000.0,China,White,Entry,Early_Career,Junior
5418,31.0,Female,Bachelor,Marketing Coordinator,4.0,65000.0,Australia,Australian,Junior,Early_Career,Junior
5419,29.0,Male,Bachelor,Product Designer,3.0,60000.0,UK,Welsh,Junior,Early_Career,Junior
5420,34.0,Female,PhD,Research Director,11.0,160000.0,China,White,Senior,Early_Career,Senior
5421,26.0,Male,Bachelor,Marketing Analyst,2.0,50000.0,USA,White,Entry,Early_Career,Junior
5422,31.0,Female,Master,Financial Manager,8.0,120000.0,Australia,Asian,Mid,Early_Career,Senior
5423,27.0,Male,Bachelor,Junior Software Engineer,1.0,55000.0,China,White,Entry,Early_Career,Junior
5424,31.0,Female,Bachelor,Marketing Coordinator,4.0,65000.0,China,Korean,Junior,Early_Career,Junior
5425,29.0,Male,Bachelor,Product Designer,3.0,60000.0,China,Chinese,Junior,Early_Career,Junior
5426,34.0,Female,PhD,Research Director,11.0,160000.0,Australia,Asian,Senior,Early_Career,Senior
5427,26.0,Male,Bachelor,Marketing Analyst,2.0,50000.0,UK,Asian,Entry,Early_Career,Junior
5428,31.0,Female,Master,Financial Manager,8.0,120000.0,UK,White,Mid,Early_Career,Senior
5429,27.0,Male,Bachelor,Software Engineer,3.0,85000.0,China,White,Junior,Early_Career,Junior
5430,35.0,Female,Master,Marketing Director,11.0,160000.0,USA,White,Senior,Early_Career,Senior
5431,24.0,Male,Bachelor,Financial Analyst,1.0,55000.0,UK,White,Entry,Young,Junior
5432,28.0,Female,PhD,Data Scientist,5.0,100000.0,China,White,Junior,Early_Career,Junior
5433,32.0,Male,Bachelor,Project Manager,8.0,120000.0,China,Chinese,Mid,Early_Career,Senior
5434,26.0,Female,Bachelor,Graphic Designer,2.0,50000.0,Canada,Black,Entry,Early_Career,Junior
5435,41.0,Male,Master,Senior Software Engineer,19.0,185000.0,Canada,Asian,Senior,Mid_Career,Senior
5436,29.0,Female,Bachelor,Digital Marketing Specialist,4.0,65000.0,China,Korean,Junior,Early_Career,Junior
5437,33.0,Male,Bachelor,Marketing Manager,9.0,130000.0,UK,Asian,Mid,Early_Career,Senior
5438,24.0,Female,High School,Sales Associate,0.0,25000.0,Canada,Black,Entry,Young,Junior
5439,30.0,Male,Master,Financial Analyst,6.0,100000.0,Australia,White,Mid,Early_Career,Junior
5440,26.0,Female,Bachelor,Social Media Manager,3.0,55000.0,Canada,White,Junior,Early_Career,Senior
5441,32.0,Male,PhD,Research Scientist,10.0,150000.0,USA,Hispanic,Mid,Early_Career,Junior
5442,22.0,Female,High School,Receptionist,0.0,25000.0,Canada,Asian,Entry,Young,Junior
5443,37.0,Male,Bachelor,Product Manager,13.0,160000.0,UK,Mixed,Senior,Mid_Career,Senior
5444,38.0,Female,Master,Marketing Manager,14.0,170000.0,Australia,Asian,Senior,Mid_Career,Senior
5445,27.0,Male,Bachelor,Junior Software Engineer,1.0,55000.0,Canada,Asian,Entry,Early_Career,Junior
5446,31.0,Female,Bachelor,Marketing Coordinator,4.0,65000.0,Canada,Asian,Junior,Early_Career,Junior
5447,29.0,Male,Bachelor,Product Designer,3.0,60000.0,Australia,Australian,Junior,Early_Career,Junior
5448,34.0,Female,PhD,Research Director,11.0,160000.0,Canada,White,Senior,Early_Career,Senior
5449,26.0,Male,Bachelor,Marketing Analyst,2.0,50000.0,USA,Hispanic,Entry,Early_Career,Junior
5450,31.0,Female,Master,Financial Manager,8.0,120000.0,Australia,Asian,Mid,Early_Career,Senior
5451,27.0,Male,Bachelor,Junior Software Engineer,1.0,55000.0,Australia,Asian,Entry,Early_Career,Junior
5452,31.0,Female,Bachelor,Marketing Coordinator,4.0,65000.0,UK,Asian,Junior,Early_Career,Junior
5453,29.0,Male,Bachelor,Product Designer,3.0,60000.0,UK,Mixed,Junior,Early_Career,Junior
5454,34.0,Female,PhD,Research Director,11.0,160000.0,USA,Hispanic,Senior,Early_Career,Senior
5455,26.0,Male,Bachelor,Marketing Analyst,2.0,50000.0,USA,Asian,Entry,Early_Career,Junior
5456,31.0,Female,Master,Financial Manager,8.0,120000.0,Australia,Australian,Mid,Early_Career,Senior
5457,27.0,Male,Bachelor,Software Engineer,3.0,85000.0,Australia,White,Junior,Early_Career,Junior
5458,35.0,Female,Master,Marketing Director,11.0,160000.0,UK,White,Senior,Early_Career,Senior
5459,24.0,Male,Bachelor,Financial Analyst,1.0,55000.0,UK,Mixed,Entry,Young,Junior
5460,28.0,Female,PhD,Data Scientist,5.0,100000.0,UK,White,Junior,Early_Career,Junior
5461,32.0,Male,Bachelor,Project Manager,8.0,120000.0,Australia,White,Mid,Early_Career,Senior
5462,26.0,Female,Bachelor,Graphic Designer,2.0,50000.0,Australia,Australian,Entry,Early_Career,Junior
5463,41.0,Male,Master,Senior Software Engineer,19.0,185000.0,Australia,Asian,Senior,Mid_Career,Senior
5464,29.0,Female,Bachelor,Digital Marketing Specialist,4.0,65000.0,Australia,Australian,Junior,Early_Career,Junior
5465,33.0,Male,Bachelor,Marketing Manager,9.0,130000.0,Canada,White,Mid,Early_Career,Senior
5466,24.0,Female,High School,Sales Associate,0.0,25000.0,Canada,Asian,Entry,Young,Junior
5467,30.0,Male,Master,Financial Analyst,6.0,100000.0,China,Korean,Mid,Early_Career,Junior
5468,26.0,Female,Bachelor,Social Media Manager,3.0,55000.0,China,White,Junior,Early_Career,Senior
5469,32.0,Male,PhD,Research Scientist,10.0,150000.0,Canada,Black,Mid,Early_Career,Junior
5470,22.0,Female,High School,Receptionist,0.0,25000.0,Australia,Australian,Entry,Young,Junior
5471,37.0,Male,Bachelor,Product Manager,13.0,160000.0,UK,Welsh,Senior,Mid_Career,Senior
5472,38.0,Female,Master,Marketing Manager,14.0,170000.0,UK,White,Senior,Mid_Career,Senior
5473,27.0,Male,Bachelor,Junior Software Engineer,1.0,55000.0,Australia,Asian,Entry,Early_Career,Junior
5474,31.0,Female,Bachelor,Marketing Coordinator,4.0,65000.0,China,Chinese,Junior,Early_Career,Junior
5475,29.0,Male,Bachelor,Product Designer,3.0,60000.0,USA,Hispanic,Junior,Early_Career,Junior
5476,34.0,Female,PhD,Research Director,11.0,160000.0,Australia,Australian,Senior,Early_Career,Senior
5477,26.0,Male,Bachelor,Marketing Analyst,2.0,50000.0,UK,Mixed,Entry,Early_Career,Junior
5478,31.0,Female,Master,Financial Manager,8.0,120000.0,UK,Asian,Mid,Early_Career,Senior
5479,27.0,Male,Bachelor,Junior Software Engineer,1.0,55000.0,USA,African American,Entry,Early_Career,Junior
5480,31.0,Female,Bachelor,Marketing Coordinator,4.0,65000.0,USA,Hispanic,Junior,Early_Career,Junior
5481,29.0,Male,Bachelor,Product Designer,3.0,60000.0,USA,Asian,Junior,Early_Career,Junior
5482,34.0,Female,PhD,Research Director,11.0,160000.0,Canada,Black,Senior,Early_Career,Senior
5483,26.0,Male,Bachelor,Marketing Analyst,2.0,50000.0,UK,Asian,Entry,Early_Career,Junior
5484,31.0,Female,Master,Financial Manager,8.0,120000.0,USA,Asian,Mid,Early_Career,Senior
5485,27.0,Male,Bachelor,Software Engineer,3.0,85000.0,China,Chinese,Junior,Early_Career,Junior
5486,35.0,Female,Master,Marketing Director,11.0,160000.0,Canada,Black,Senior,Early_Career,Senior
5487,24.0,Male,Bachelor,Financial Analyst,1.0,55000.0,UK,Mixed,Entry,Young,Junior
5488,28.0,Female,PhD,Data Scientist,5.0,100000.0,UK,White,Junior,Early_Career,Junior
5489,32.0,Male,Bachelor,Project Manager,8.0,120000.0,Australia,Asian,Mid,Early_Career,Senior
5490,26.0,Female,Bachelor,Graphic Designer,2.0,50000.0,China,Chinese,Entry,Early_Career,Junior
5491,41.0,Male,Master,Senior Software Engineer,19.0,185000.0,USA,Hispanic,Senior,Mid_Career,Senior
5492,29.0,Female,Bachelor,Digital Marketing Specialist,4.0,65000.0,Canada,Black,Junior,Early_Career,Junior
5493,33.0,Male,Bachelor,Marketing Manager,9.0,130000.0,Australia,White,Mid,Early_Career,Senior
5494,24.0,Female,High School,Sales Associate,0.0,25000.0,USA,White,Entry,Young,Junior
5495,30.0,Male,Master,Financial Analyst,6.0,100000.0,USA,White,Mid,Early_Career,Junior
5496,26.0,Female,Bachelor,Social Media Man,7.0,100000.0,USA,African American,Mid,Early_Career,Junior
5497,31.0,Male,Bachelor,Software Engineer,7.0,120000.0,Australia,White,Mid,Early_Career,Junior
5498,26.0,Female,Bachelor,Graphic Designer,2.0,50000.0,USA,White,Entry,Early_Career,Junior
5499,33.0,Male,Master,Marketing Manager,9.0,130000.0,USA,White,Mid,Early_Career,Senior
5500,29.0,Female,High School,Customer Service Representative,3.0,35000.0,UK,Welsh,Junior,Early_Career,Junior
5501,36.0,Male,PhD,Research Scientist,13.0,160000.0,UK,White,Senior,Mid_Career,Junior
5502,27.0,Female,Bachelor,Marketing Coordinator,2.0,50000.0,China,Korean,Entry,Early_Career,Junior
5503,31.0,Male,Bachelor,Project Manager,6.0,100000.0,USA,White,Mid,Early_Career,Senior
5504,28.0,Female,Master,Financial Analyst,4.0,80000.0,UK,Welsh,Junior,Early_Career,Junior
5505,25.0,Male,Bachelor,Software Engineer,1.0,60000.0,Canada,Asian,Entry,Young,Junior
5506,30.0,Female,Bachelor,Sales Manager,5.0,90000.0,USA,Asian,Junior,Early_Career,Senior
5507,34.0,Male,PhD,Research Director,11.0,170000.0,UK,Mixed,Senior,Early_Career,Senior
5508,28.0,Female,Bachelor,Marketing Analyst,3.0,60000.0,Canada,White,Junior,Early_Career,Junior
5509,32.0,Male,Bachelor,Product Manager,7.0,120000.0,Canada,Black,Mid,Early_Career,Senior
5510,24.0,Female,High School,Receptionist,0.0,25000.0,Australia,Australian,Entry,Young,Junior
5511,37.0,Male,Master,Marketing Director,14.0,180000.0,Canada,Black,Senior,Mid_Career,Senior
5512,39.0,Female,Bachelor,Financial Manager,16.0,200000.0,Australia,Asian,Senior,Mid_Career,Senior
5513,26.0,Male,Bachelor,Product Designer,2.0,50000.0,Australia,Australian,Entry,Early_Career,Junior
5514,31.0,Female,PhD,Data Scientist,8.0,140000.0,Australia,White,Mid,Early_Career,Junior
5515,29.0,Male,Bachelor,Marketing Analyst,4.0,70000.0,Australia,White,Junior,Early_Career,Junior
5516,33.0,Female,Master,Marketing Manager,9.0,130000.0,China,White,Mid,Early_Career,Senior
5517,27.0,Male,Bachelor,Software Engineer,3.0,80000.0,China,Korean,Junior,Early_Career,Junior
5518,36.0,Female,PhD,Research Scientist,12.0,160000.0,UK,Mixed,Senior,Mid_Career,Junior
5519,25.0,Male,Bachelor,Product Manager,1.0,55000.0,USA,Asian,Entry,Young,Senior
5520,30.0,Female,Bachelor,Marketing Coordinator,5.0,85000.0,USA,African American,Junior,Early_Career,Junior
5521,34.0,Male,PhD,Research Director,11.0,170000.0,USA,Asian,Senior,Early_Career,Senior
5522,28.0,Female,Bachelor,Marketing Analyst,3.0,60000.0,Canada,Black,Junior,Early_Career,Junior
5523,32.0,Male,Bachelor,Product Manager,7.0,120000.0,China,Korean,Mid,Early_Career,Senior
5524,24.0,Female,High School,Receptionist,0.0,25000.0,Australia,Asian,Entry,Young,Junior
5525,37.0,Male,Master,Marketing Director,14.0,180000.0,Australia,White,Senior,Mid_Career,Senior
5526,39.0,Female,Bachelor,Financial Manager,16.0,200000.0,USA,White,Senior,Mid_Career,Senior
5527,26.0,Male,Bachelor,Product Designer,2.0,50000.0,USA,Asian,Entry,Early_Career,Junior
5528,31.0,Female,PhD,Data Scientist,8.0,140000.0,China,White,Mid,Early_Career,Junior
5529,29.0,Male,Bachelor,Marketing Analyst,4.0,70000.0,China,White,Junior,Early_Career,Junior
5530,33.0,Female,Master,Marketing Manager,9.0,130000.0,Canada,Black,Mid,Early_Career,Senior
5531,27.0,Male,Bachelor,Software Engineer,3.0,80000.0,USA,White,Junior,Early_Career,Junior
5532,36.0,Female,PhD,Research Scientist,12.0,160000.0,USA,White,Senior,Mid_Career,Junior
5533,25.0,Male,Bachelor,Product Manager,1.0,55000.0,China,Korean,Entry,Young,Senior
5534,30.0,Female,Bachelor,Marketing Coordinator,5.0,85000.0,Canada,Black,Junior,Early_Career,Junior
5535,34.0,Male,PhD,Research Director,11.0,170000.0,Canada,Black,Senior,Early_Career,Senior
5536,28.0,Female,Bachelor,Marketing Analyst,3.0,60000.0,UK,Mixed,Junior,Early_Career,Junior
5537,32.0,Male,Bachelor,Product Manager,7.0,120000.0,China,Chinese,Mid,Early_Career,Senior
5538,24.0,Female,High School,Receptionist,0.0,25000.0,Australia,Asian,Entry,Young,Junior
5539,37.0,Male,Master,Marketing Director,14.0,180000.0,China,Chinese,Senior,Mid_Career,Senior
5540,39.0,Female,Bachelor,Financial Manager,16.0,200000.0,China,Korean,Senior,Mid_Career,Senior
5541,26.0,Male,Bachelor,Product Designer,2.0,50000.0,Australia,Asian,Entry,Early_Career,Junior
5542,31.0,Female,PhD,Data Scientist,8.0,140000.0,Canada,Black,Mid,Early_Career,Junior
5543,29.0,Male,Bachelor,Marketing Analyst,4.0,70000.0,UK,White,Junior,Early_Career,Junior
5544,33.0,Female,Master,Marketing Manager,9.0,130000.0,USA,White,Mid,Early_Career,Senior
5545,27.0,Male,Bachelor,Software Engineer,3.0,80000.0,China,White,Junior,Early_Career,Junior
5546,36.0,Female,PhD,Research Scientist,12.0,160000.0,China,Korean,Senior,Mid_Career,Junior
5547,25.0,Male,Bachelor,Product Manager,1.0,55000.0,China,Chinese,Entry,Young,Senior
5548,30.0,Female,Bachelor,Marketing Coordinator,5.0,85000.0,Canada,White,Junior,Early_Career,Junior
5549,34.0,Male,PhD,Research Director,11.0,170000.0,China,White,Senior,Early_Career,Senior
5550,28.0,Female,Bachelor,Marketing Analyst,3.0,60000.0,Australia,Australian,Junior,Early_Career,Junior
5551,32.0,Male,Bachelor,Product Manager,7.0,120000.0,Australia,White,Mid,Early_Career,Senior
5552,24.0,Female,High School,Receptionist,0.0,25000.0,China,Korean,Entry,Young,Junior
5553,37.0,Male,Master,Marketing Director,14.0,180000.0,UK,White,Senior,Mid_Career,Senior
5554,39.0,Female,Bachelor,Financial Manager,16.0,200000.0,Australia,White,Senior,Mid_Career,Senior
5555,26.0,Male,Bachelor,Product Designer,2.0,50000.0,Australia,White,Entry,Early_Career,Junior
5556,31.0,Female,PhD,Data Scientist,8.0,140000.0,UK,Welsh,Mid,Early_Career,Junior
5557,29.0,Male,Bachelor,Marketing Analyst,4.0,70000.0,UK,White,Junior,Early_Career,Junior
5558,33.0,Female,Master,Marketing Manager,9.0,130000.0,China,Korean,Mid,Early_Career,Senior
5559,27.0,Male,Bachelor,Software Engineer,3.0,80000.0,Canada,Asian,Junior,Early_Career,Junior
5560,36.0,Female,PhD,Research Scientist,12.0,160000.0,UK,White,Senior,Mid_Career,Junior
5561,25.0,Male,Bachelor,Product Manager,1.0,55000.0,China,Chinese,Entry,Young,Senior
5562,30.0,Female,Bachelor,Marketing Coordinator,5.0,85000.0,UK,Asian,Junior,Early_Career,Junior
5563,34.0,Male,PhD,Research Director,11.0,170000.0,Canada,White,Senior,Early_Career,Senior
5564,28.0,Female,Bachelor,Marketing Analyst,3.0,60000.0,USA,Asian,Junior,Early_Career,Junior
5565,32.0,Male,Bachelor,Product Manager,7.0,120000.0,Australia,Asian,Mid,Early_Career,Senior
5566,24.0,Female,High School,Receptionist,0.0,25000.0,USA,Asian,Entry,Young,Junior
5567,37.0,Male,Master,Marketing Director,14.0,180000.0,China,Chinese,Senior,Mid_Career,Senior
5568,39.0,Female,Bachelor,Financial Manager,16.0,200000.0,Canada,White,Senior,Mid_Career,Senior
5569,26.0,Male,Bachelor,Product Designer,2.0,50000.0,Canada,Black,Entry,Early_Career,Junior
5570,31.0,Female,PhD,Data Scientist,8.0,140000.0,Australia,White,Mid,Early_Career,Junior
5571,29.0,Male,Bachelor,Marketing Analyst,4.0,70000.0,Canada,White,Junior,Early_Career,Junior
5572,33.0,Female,Master,Marketing Manager,9.0,130000.0,USA,African American,Mid,Early_Career,Senior
5573,27.0,Male,Bachelor,Software Engineer,3.0,80000.0,USA,Hispanic,Junior,Early_Career,Junior
5574,36.0,Female,PhD,Research Scientist,12.0,160000.0,China,White,Senior,Mid_Career,Junior
5575,25.0,Male,Bachelor,Product Manager,1.0,55000.0,UK,Asian,Entry,Young,Senior
5576,30.0,Female,Bachelor,Marketing Coordinator,5.0,85000.0,China,Chinese,Junior,Early_Career,Junior
5577,34.0,Male,PhD,Research Director,11.0,170000.0,UK,White,Senior,Early_Career,Senior
5578,28.0,Female,Bachelor,Marketing Analyst,3.0,60000.0,China,Chinese,Junior,Early_Career,Junior
5579,32.0,Male,Bachelor,Product Manager,7.0,120000.0,Australia,White,Mid,Early_Career,Senior
5580,24.0,Female,High School,Receptionist,0.0,25000.0,Canada,White,Entry,Young,Junior
5581,37.0,Male,Master,Marketing Director,14.0,180000.0,Canada,Black,Senior,Mid_Career,Senior
5582,39.0,Female,Bachelor,Financial Manager,16.0,200000.0,Canada,White,Senior,Mid_Career,Senior
5583,26.0,Male,Bachelor,Product Designer,2.0,50000.0,Australia,Australian,Entry,Early_Career,Junior
5584,31.0,Female,PhD,Data Scientist,8.0,140000.0,UK,Mixed,Mid,Early_Career,Junior
5585,29.0,Male,Bachelor,Marketing Analyst,4.0,70000.0,USA,White,Junior,Early_Career,Junior
5586,33.0,Female,Master,Marketing Manager,9.0,130000.0,China,White,Mid,Early_Career,Senior
5587,27.0,Male,Bachelor,Software Engineer,3.0,80000.0,China,Korean,Junior,Early_Career,Junior
5588,36.0,Female,PhD,Research Scientist,12.0,160000.0,Canada,White,Senior,Mid_Career,Junior
5589,25.0,Male,Bachelor,Product Manager,1.0,55000.0,Canada,White,Entry,Young,Senior
5590,30.0,Female,Bachelor,Marketing Coordinator,5.0,85000.0,China,Korean,Junior,Early_Career,Junior
5591,34.0,Male,PhD,Research Director,11.0,170000.0,China,White,Senior,Early_Career,Senior
5592,28.0,Female,Bachelor,Marketing Analyst,3.0,60000.0,Canada,Asian,Junior,Early_Career,Junior
5593,32.0,Male,Bachelor,Product Manager,7.0,120000.0,USA,White,Mid,Early_Career,Senior
5594,24.0,Female,High School,Receptionist,0.0,25000.0,UK,Welsh,Entry,Young,Junior
5595,37.0,Male,Master,Marketing Director,14.0,180000.0,USA,African American,Senior,Mid_Career,Senior
5596,39.0,Female,Bachelor,Financial Manager,16.0,200000.0,China,Chinese,Senior,Mid_Career,Senior
5597,26.0,Male,Bachelor,Product Designer,2.0,50000.0,UK,White,Entry,Early_Career,Junior
5598,31.0,Female,PhD,Data Scientist,8.0,140000.0,China,Korean,Mid,Early_Career,Junior
5599,29.0,Male,Bachelor,Marketing Analyst,4.0,70000.0,China,Korean,Junior,Early_Career,Junior
5600,33.0,Female,Master,Marketing Manager,9.0,130000.0,Canada,Black,Mid,Early_Career,Senior
5601,27.0,Male,Bachelor,Software Engineer,3.0,80000.0,UK,Mixed,Junior,Early_Career,Junior
5602,36.0,Female,PhD,Research Scientist,12.0,160000.0,China,Korean,Senior,Mid_Career,Junior
5603,25.0,Male,Bachelor,Product Manager,1.0,55000.0,Canada,Black,Entry,Young,Senior
5604,30.0,Female,Bachelor,Marketing Coordinator,5.0,85000.0,Australia,White,Junior,Early_Career,Junior
5605,34.0,Male,PhD,Research Director,11.0,170000.0,UK,Welsh,Senior,Early_Career,Senior
5606,28.0,Female,Bachelor,Marketing Analyst,3.0,60000.0,UK,Mixed,Junior,Early_Career,Junior
5607,32.0,Male,Bachelor,Product Manager,7.0,120000.0,Canada,Black,Mid,Early_Career,Senior
5608,24.0,Female,High School,Receptionist,0.0,25000.0,Canada,Asian,Entry,Young,Junior
5609,37.0,Male,Master,Marketing Director,14.0,180000.0,Canada,Black,Senior,Mid_Career,Senior
5610,39.0,Female,Bachelor,Financial Manager,16.0,200000.0,China,White,Senior,Mid_Career,Senior
5611,26.0,Male,Bachelor,Product Designer,2.0,50000.0,USA,Hispanic,Entry,Early_Career,Junior
5612,31.0,Female,PhD,Data Scientist,8.0,140000.0,China,White,Mid,Early_Career,Junior
5613,29.0,Male,Bachelor,Marketing Analyst,4.0,70000.0,USA,Hispanic,Junior,Early_Career,Junior
5614,33.0,Female,Master,Marketing Manager,9.0,130000.0,USA,Hispanic,Mid,Early_Career,Senior
5615,27.0,Male,Bachelor,Software Engineer,3.0,80000.0,USA,Asian,Junior,Early_Career,Junior
5616,36.0,Female,PhD,Research Scientist,12.0,160000.0,Australia,Australian,Senior,Mid_Career,Junior
5617,25.0,Male,Bachelor,Product Manager,1.0,55000.0,Australia,Asian,Entry,Young,Senior
5618,30.0,Female,Bachelor,Marketing Coordinator,5.0,85000.0,Canada,Asian,Junior,Early_Career,Junior
5619,34.0,Male,PhD,Research Director,11.0,170000.0,China,Korean,Senior,Early_Career,Senior
5620,28.0,Female,Bachelor,Marketing Analyst,3.0,60000.0,Canada,Asian,Junior,Early_Career,Junior
5621,32.0,Male,Bachelor,Product Manager,7.0,120000.0,China,Chinese,Mid,Early_Career,Senior
5622,24.0,Female,High School,Receptionist,0.0,25000.0,Canada,White,Entry,Young,Junior
5623,37.0,Male,Master,Marketing Director,14.0,180000.0,USA,African American,Senior,Mid_Career,Senior
5624,28.0,Female,Bachelor,Marketing Coordinator,3.0,60000.0,UK,Welsh,Junior,Early_Career,Junior
5625,33.0,Male,Master,Software Engineer,9.0,120000.0,Canada,Black,Mid,Early_Career,Junior
5626,26.0,Female,Bachelor,Graphic Designer,1.0,45000.0,Australia,Australian,Entry,Early_Career,Junior
5627,29.0,Male,Bachelor,Product Manager,5.0,80000.0,Australia,White,Junior,Early_Career,Senior
5628,35.0,Female,PhD,Research Scientist,11.0,150000.0,UK,White,Senior,Early_Career,Junior
5629,27.0,Male,Bachelor,Software Engineer,2.0,65000.0,Australia,White,Entry,Early_Career,Junior
5630,31.0,Female,Bachelor,Marketing Manager,7.0,100000.0,UK,Mixed,Mid,Early_Career,Senior
5631,28.0,Male,Master,Financial Analyst,4.0,90000.0,Canada,Asian,Junior,Early_Career,Junior
5632,24.0,Female,Bachelor,Marketing Analyst,0.0,40000.0,UK,White,Entry,Young,Junior
5633,30.0,Male,Bachelor,Project Manager,6.0,110000.0,Australia,Australian,Mid,Early_Career,Senior
5634,34.0,Female,PhD,Research Director,12.0,170000.0,UK,Asian,Senior,Early_Career,Senior
5635,27.0,Male,Bachelor,Software Engineer,3.0,75000.0,Canada,White,Junior,Early_Career,Junior
5636,33.0,Female,Master,Marketing Manager,8.0,120000.0,USA,Asian,Mid,Early_Career,Senior
5637,29.0,Male,Bachelor,Marketing Analyst,4.0,70000.0,USA,Hispanic,Junior,Early_Career,Junior
5638,25.0,Female,High School,Customer Service Representative,1.0,30000.0,Canada,White,Entry,Young,Junior
5639,36.0,Male,PhD,Research Scientist,13.0,180000.0,China,White,Senior,Mid_Career,Junior
5640,39.0,Female,Bachelor,Financial Manager,15.0,200000.0,UK,Mixed,Senior,Mid_Career,Senior
5641,26.0,Male,Bachelor,Product Designer,1.0,50000.0,USA,White,Entry,Early_Career,Junior
5642,31.0,Female,PhD,Data Scientist,8.0,140000.0,USA,Asian,Mid,Early_Career,Junior
5643,28.0,Male,Bachelor,Marketing Analyst,3.0,65000.0,UK,Mixed,Junior,Early_Career,Junior
5644,32.0,Female,Bachelor,Product Manager,7.0,110000.0,Australia,Australian,Mid,Early_Career,Senior
5645,24.0,Male,High School,Delivery Driver,0.0,28000.0,UK,White,Entry,Young,Junior
5646,37.0,Male,Master,Marketing Director,14.0,190000.0,Canada,Black,Senior,Mid_Career,Senior
5647,39.0,Female,Bachelor,Financial Manager,16.0,210000.0,UK,Mixed,Senior,Mid_Career,Senior
5648,26.0,Male,Bachelor,Product Designer,2.0,55000.0,China,Chinese,Entry,Early_Career,Junior
5649,31.0,Female,PhD,Data Scientist,8.0,140000.0,UK,Asian,Mid,Early_Career,Junior
5650,29.0,Male,Bachelor,Marketing Analyst,4.0,70000.0,Canada,Black,Junior,Early_Career,Junior
5651,33.0,Female,Master,Marketing Manager,9.0,130000.0,UK,Asian,Mid,Early_Career,Senior
5652,27.0,Male,Bachelor,Software Engineer,3.0,80000.0,USA,Hispanic,Junior,Early_Career,Junior
5653,36.0,Female,PhD,Research Scientist,12.0,170000.0,Australia,Australian,Senior,Mid_Career,Junior
5654,25.0,Male,Bachelor,Product Manager,1.0,60000.0,USA,White,Entry,Young,Senior
5655,30.0,Female,Bachelor,Marketing Coordinator,5.0,90000.0,USA,White,Junior,Early_Career,Junior
5656,34.0,Male,PhD,Research Director,11.0,160000.0,USA,Hispanic,Senior,Early_Career,Senior
5657,28.0,Female,Bachelor,Marketing Analyst,3.0,60000.0,China,White,Junior,Early_Career,Junior
5658,32.0,Male,Bachelor,Product Manager,7.0,120000.0,Canada,Asian,Mid,Early_Career,Senior
5659,24.0,Female,High School,Receptionist,0.0,25000.0,USA,Hispanic,Entry,Young,Junior
5660,37.0,Male,Master,Marketing Director,14.0,190000.0,China,Korean,Senior,Mid_Career,Senior
5661,39.0,Female,Bachelor,Financial Manager,16.0,200000.0,Australia,Australian,Senior,Mid_Career,Senior
5662,26.0,Male,Bachelor,Product Designer,2.0,55000.0,USA,Hispanic,Entry,Early_Career,Junior
5663,31.0,Female,PhD,Data Scientist,8.0,140000.0,UK,Asian,Mid,Early_Career,Junior
5664,29.0,Male,Bachelor,Marketing Analyst,4.0,70000.0,China,Chinese,Junior,Early_Career,Junior
5665,33.0,Female,Master,Marketing Manager,9.0,130000.0,Canada,Black,Mid,Early_Career,Senior
5666,27.0,Male,Bachelor,Software Engineer,3.0,80000.0,Australia,Australian,Junior,Early_Career,Junior
5667,36.0,Female,PhD,Research Scientist,12.0,170000.0,China,White,Senior,Mid_Career,Junior
5668,25.0,Male,Bachelor,Product Manager,1.0,60000.0,UK,White,Entry,Young,Senior
5669,30.0,Female,Bachelor,Marketing Coordinator,5.0,90000.0,Canada,Black,Junior,Early_Career,Junior
5670,34.0,Male,PhD,Research Director,11.0,160000.0,China,Chinese,Senior,Early_Career,Senior
5671,28.0,Female,Bachelor,Marketing Analyst,3.0,60000.0,UK,Welsh,Junior,Early_Career,Junior
5672,32.0,Male,Bachelor,Product Manager,7.0,120000.0,China,Korean,Mid,Early_Career,Senior
5673,24.0,Female,High School,Receptionist,0.0,25000.0,Australia,White,Entry,Young,Junior
5674,37.0,Male,Master,Marketing Director,14.0,190000.0,Australia,White,Senior,Mid_Career,Senior
5675,39.0,Female,Bachelor,Financial Manager,16.0,200000.0,USA,Asian,Senior,Mid_Career,Senior
5676,26.0,Male,Bachelor,Product Designer,2.0,55000.0,Canada,White,Entry,Early_Career,Junior
5677,31.0,Female,PhD,Data Scientist,8.0,140000.0,China,Chinese,Mid,Early_Career,Junior
5678,29.0,Male,Bachelor,Marketing Analyst,4.0,70000.0,Canada,Asian,Junior,Early_Career,Junior
5679,33.0,Female,Master,Marketing Manager,9.0,130000.0,China,White,Mid,Early_Career,Senior
5680,27.0,Male,Bachelor,Software Engineer,3.0,80000.0,Canada,Black,Junior,Early_Career,Junior
5681,36.0,Female,PhD,Research Scientist,12.0,170000.0,UK,Asian,Senior,Mid_Career,Junior
5682,25.0,Male,Bachelor,Product Manager,1.0,60000.0,Australia,Australian,Entry,Young,Senior
5683,30.0,Female,Bachelor,Marketing Coordinator,5.0,90000.0,UK,Asian,Junior,Early_Career,Junior
5684,34.0,Male,PhD,Research Director,11.0,160000.0,Canada,Black,Senior,Early_Career,Senior
5685,28.0,Female,Bachelor,Marketing Analyst,3.0,60000.0,UK,Welsh,Junior,Early_Career,Junior
5686,32.0,Male,Bachelor,Product Manager,7.0,120000.0,UK,Mixed,Mid,Early_Career,Senior
5687,24.0,Female,High School,Receptionist,0.0,25000.0,Canada,Asian,Entry,Young,Junior
5688,37.0,Male,Master,Marketing Director,14.0,190000.0,USA,Asian,Senior,Mid_Career,Senior
5689,39.0,Female,Bachelor,Financial Manager,16.0,200000.0,UK,White,Senior,Mid_Career,Senior
5690,26.0,Male,Bachelor,Product Designer,2.0,55000.0,China,White,Entry,Early_Career,Junior
5691,31.0,Female,PhD,Data Scientist,8.0,140000.0,USA,Hispanic,Mid,Early_Career,Junior
5692,29.0,Male,Bachelor,Marketing Analyst,4.0,70000.0,China,Chinese,Junior,Early_Career,Junior
5693,33.0,Female,Master,Marketing Manager,9.0,130000.0,USA,Asian,Mid,Early_Career,Senior
5694,27.0,Male,Bachelor,Software Engineer,3.0,80000.0,UK,Asian,Junior,Early_Career,Junior
5695,36.0,Female,PhD,Research Scientist,12.0,170000.0,USA,African American,Senior,Mid_Career,Junior
5696,25.0,Male,Bachelor,Product Manager,1.0,60000.0,USA,Asian,Entry,Young,Senior
5697,30.0,Female,Bachelor,Marketing Coordinator,5.0,90000.0,UK,Welsh,Junior,Early_Career,Junior
5698,34.0,Male,PhD,Research Director,11.0,160000.0,Canada,Black,Senior,Early_Career,Senior
5699,28.0,Female,Bachelor,Marketing Analyst,3.0,60000.0,Australia,White,Junior,Early_Career,Junior
5700,32.0,Male,Bachelor,Product Manager,7.0,120000.0,UK,White,Mid,Early_Career,Senior
5701,24.0,Female,High School,Receptionist,0.0,25000.0,USA,African American,Entry,Young,Junior
5702,37.0,Male,Master,Marketing Director,14.0,190000.0,Canada,Asian,Senior,Mid_Career,Senior
5703,39.0,Female,Bachelor,Financial Manager,16.0,200000.0,UK,Mixed,Senior,Mid_Career,Senior
5704,26.0,Male,Bachelor,Product Designer,2.0,55000.0,Canada,Black,Entry,Early_Career,Junior
5705,31.0,Female,PhD,Data Scientist,8.0,140000.0,Canada,Asian,Mid,Early_Career,Junior
5706,29.0,Male,Bachelor,Marketing Analyst,4.0,70000.0,Canada,White,Junior,Early_Career,Junior
5707,33.0,Female,Master,Marketing Manager,9.0,130000.0,UK,Mixed,Mid,Early_Career,Senior
5708,27.0,Male,Bachelor,Software Engineer,3.0,80000.0,UK,Welsh,Junior,Early_Career,Junior
5709,36.0,Female,PhD,Research Scientist,12.0,170000.0,Australia,Asian,Senior,Mid_Career,Junior
5710,25.0,Male,Bachelor,Product Manager,1.0,60000.0,USA,African American,Entry,Young,Senior
5711,30.0,Female,Bachelor,Marketing Coordinator,5.0,90000.0,Canada,Black,Junior,Early_Career,Junior
5712,34.0,Male,PhD,Research Director,11.0,160000.0,Australia,Asian,Senior,Early_Career,Senior
5713,28.0,Female,Bachelor,Marketing Analyst,3.0,60000.0,Australia,White,Junior,Early_Career,Junior
5714,32.0,Male,Bachelor,Product Manager,7.0,120000.0,China,Korean,Mid,Early_Career,Senior
5715,24.0,Female,High School,Receptionist,0.0,25000.0,China,Korean,Entry,Young,Junior
5716,37.0,Male,Master,Marketing Director,14.0,190000.0,China,Korean,Senior,Mid_Career,Senior
5717,39.0,Female,Bachelor,Financial Manager,16.0,200000.0,Canada,White,Senior,Mid_Career,Senior
5718,26.0,Male,Bachelor,Product Designer,2.0,55000.0,Canada,Black,Entry,Early_Career,Junior
5719,31.0,Female,PhD,Data Scientist,8.0,140000.0,UK,White,Mid,Early_Career,Junior
5720,29.0,Male,Bachelor,Marketing Analyst,4.0,70000.0,Canada,Black,Junior,Early_Career,Junior
5721,33.0,Female,Master,Marketing Manager,9.0,130000.0,USA,Hispanic,Mid,Early_Career,Senior
5722,27.0,Male,Bachelor,Software Engineer,3.0,80000.0,Canada,White,Junior,Early_Career,Junior
5723,36.0,Female,PhD,Research Scientist,12.0,170000.0,UK,Mixed,Senior,Mid_Career,Junior
5724,25.0,Male,Bachelor,Product Manager,1.0,60000.0,Australia,White,Entry,Young,Senior
5725,30.0,Female,Bachelor,Marketing Coordinator,5.0,90000.0,USA,Asian,Junior,Early_Career,Junior
5726,34.0,Male,PhD,Research Director,11.0,160000.0,Canada,White,Senior,Early_Career,Senior
5727,28.0,Female,Bachelor,Marketing Analyst,3.0,60000.0,UK,White,Junior,Early_Career,Junior
5728,32.0,Male,Bachelor,Product Manager,7.0,120000.0,USA,African American,Mid,Early_Career,Senior
5729,24.0,Female,High School,Receptionist,0.0,25000.0,UK,Mixed,Entry,Young,Junior
5730,37.0,Male,Master,Marketing Director,14.0,190000.0,UK,Mixed,Senior,Mid_Career,Senior
5731,39.0,Female,Bachelor,Financial Manager,16.0,200000.0,UK,Asian,Senior,Mid_Career,Senior
5732,26.0,Male,Bachelor,Product Designer,2.0,55000.0,Canada,Black,Entry,Early_Career,Junior
5733,31.0,Female,PhD,Data Scientist,8.0,140000.0,UK,Welsh,Mid,Early_Career,Junior
5734,29.0,Male,Bachelor,Marketing Analyst,4.0,70000.0,USA,Asian,Junior,Early_Career,Junior
5735,33.0,Female,Master,Marketing Manager,9.0,130000.0,UK,White,Mid,Early_Career,Senior
5736,27.0,Male,Bachelor,Software Engineer,3.0,80000.0,Canada,Black,Junior,Early_Career,Junior
5737,36.0,Female,PhD,Research Scientist,12.0,170000.0,UK,Welsh,Senior,Mid_Career,Junior
5738,25.0,Male,Bachelor,Product Manager,1.0,60000.0,USA,Hispanic,Entry,Young,Senior
5739,30.0,Female,Bachelor,Marketing Coordinator,5.0,90000.0,Australia,Asian,Junior,Early_Career,Junior
5740,34.0,Male,PhD,Research Director,11.0,160000.0,USA,Hispanic,Senior,Early_Career,Senior
5741,28.0,Female,Bachelor,Marketing Analyst,3.0,60000.0,USA,White,Junior,Early_Career,Junior
5742,32.0,Male,Bachelor,Product Manager,7.0,120000.0,Australia,Australian,Mid,Early_Career,Senior
5743,24.0,Female,High School,Receptionist,0.0,25000.0,Australia,Asian,Entry,Young,Junior
5744,37.0,Male,Master,Marketing Director,14.0,190000.0,Australia,Australian,Senior,Mid_Career,Senior
5745,39.0,Female,Bachelor,Financial Manager,16.0,200000.0,Canada,Asian,Senior,Mid_Career,Senior
5746,26.0,Male,Bachelor,Product Designer,2.0,55000.0,Australia,Australian,Entry,Early_Career,Junior
5747,31.0,Female,PhD,Data Scientist,8.0,140000.0,USA,Hispanic,Mid,Early_Career,Junior
5748,29.0,Male,Bachelor,Marketing Analyst,4.0,70000.0,China,Chinese,Junior,Early_Career,Junior
5749,33.0,Female,Master,Marketing Manager,9.0,130000.0,Canada,Black,Mid,Early_Career,Senior
5750,27.0,Male,Bachelor,Software Engineer,3.0,80000.0,USA,Asian,Junior,Early_Career,Junior
5751,29.0,Male,Bachelor,Software Engineer,3.0,75000.0,USA,African American,Junior,Early_Career,Junior
5752,32.0,Female,Master,Marketing Manager,8.0,120000.0,UK,Welsh,Mid,Early_Career,Senior
5753,27.0,Male,Bachelor,Product Manager,2.0,65000.0,USA,African American,Entry,Early_Career,Senior
5754,30.0,Female,PhD,Data Scientist,6.0,100000.0,USA,Asian,Mid,Early_Career,Junior
5755,36.0,Male,Bachelor,Financial Analyst,11.0,150000.0,China,Chinese,Senior,Mid_Career,Junior
5756,28.0,Female,Bachelor,Marketing Coordinator,3.0,60000.0,Australia,Asian,Junior,Early_Career,Junior
5757,33.0,Male,Master,Software Engineer,9.0,120000.0,UK,Mixed,Mid,Early_Career,Junior
5758,26.0,Female,Bachelor,Graphic Designer,1.0,45000.0,China,Chinese,Entry,Early_Career,Junior
5759,29.0,Male,Bachelor,Product Manager,5.0,80000.0,UK,Welsh,Junior,Early_Career,Senior
5760,35.0,Female,PhD,Research Scientist,11.0,150000.0,UK,Welsh,Senior,Early_Career,Junior
5761,27.0,Male,Bachelor,Software Engineer,2.0,65000.0,USA,Hispanic,Entry,Early_Career,Junior
5762,31.0,Female,Bachelor,Marketing Manager,7.0,100000.0,China,Korean,Mid,Early_Career,Senior
5763,28.0,Male,Master,Financial Analyst,4.0,90000.0,USA,Hispanic,Junior,Early_Career,Junior
5764,24.0,Female,Bachelor,Marketing Analyst,0.0,40000.0,Australia,Australian,Entry,Young,Junior
5765,30.0,Male,Bachelor,Project Manager,6.0,110000.0,USA,African American,Mid,Early_Career,Senior
5766,34.0,Female,PhD,Research Director,12.0,170000.0,USA,Asian,Senior,Early_Career,Senior
5767,27.0,Male,Bachelor,Software Engineer,3.0,75000.0,Australia,Asian,Junior,Early_Career,Junior
5768,33.0,Female,Master,Marketing Manager,8.0,120000.0,UK,Welsh,Mid,Early_Career,Senior
5769,29.0,Male,Bachelor,Marketing Analyst,4.0,70000.0,UK,White,Junior,Early_Career,Junior
5770,25.0,Female,High School,Customer Service Representative,1.0,30000.0,USA,Asian,Entry,Young,Junior
5771,36.0,Male,PhD,Research Scientist,13.0,180000.0,Canada,Black,Senior,Mid_Career,Junior
5772,39.0,Female,Bachelor,Financial Manager,15.0,200000.0,China,Chinese,Senior,Mid_Career,Senior
5773,26.0,Male,Bachelor,Product Designer,1.0,50000.0,USA,White,Entry,Early_Career,Junior
5774,31.0,Female,PhD,Data Scientist,8.0,140000.0,USA,White,Mid,Early_Career,Junior
5775,28.0,Male,Bachelor,Marketing Analyst,3.0,65000.0,UK,Welsh,Junior,Early_Career,Junior
5776,32.0,Female,Bachelor,Product Manager,7.0,110000.0,UK,Mixed,Mid,Early_Career,Senior
5777,24.0,Male,High School,Delivery Driver,0.0,28000.0,Australia,White,Entry,Young,Junior
5778,37.0,Male,Master,Marketing Director,14.0,190000.0,USA,White,Senior,Mid_Career,Senior
5779,39.0,Female,Bachelor,Financial Manager,16.0,210000.0,UK,Mixed,Senior,Mid_Career,Senior
5780,26.0,Male,Bachelor,Product Designer,2.0,55000.0,Canada,White,Entry,Early_Career,Junior
5781,31.0,Female,PhD,Data Scientist,8.0,140000.0,Australia,Asian,Mid,Early_Career,Junior
5782,29.0,Male,Bachelor,Marketing Analyst,4.0,70000.0,UK,Asian,Junior,Early_Career,Junior
5783,33.0,Female,Master,Marketing Manager,9.0,130000.0,Australia,Asian,Mid,Early_Career,Senior
5784,27.0,Male,Bachelor,Software Engineer,3.0,80000.0,USA,African American,Junior,Early_Career,Junior
5785,36.0,Female,PhD,Research Scientist,12.0,170000.0,USA,Asian,Senior,Mid_Career,Junior
5786,25.0,Male,Bachelor,Product Manager,1.0,60000.0,UK,Welsh,Entry,Young,Senior
5787,30.0,Female,Bachelor,Marketing Coordinator,5.0,90000.0,USA,Asian,Junior,Early_Career,Junior
5788,34.0,Male,PhD,Research Director,11.0,160000.0,Australia,Asian,Senior,Early_Career,Senior
5789,28.0,Female,Bachelor,Marketing Analyst,3.0,60000.0,Australia,Asian,Junior,Early_Career,Junior
5790,32.0,Male,Bachelor,Product Manager,7.0,120000.0,China,Chinese,Mid,Early_Career,Senior
5791,24.0,Female,High School,Receptionist,0.0,25000.0,Australia,Australian,Entry,Young,Junior
5792,37.0,Male,Master,Marketing Director,14.0,190000.0,Australia,Australian,Senior,Mid_Career,Senior
5793,39.0,Female,Bachelor,Financial Manager,16.0,200000.0,Australia,Australian,Senior,Mid_Career,Senior
5794,26.0,Male,Bachelor,Product Designer,2.0,55000.0,UK,Asian,Entry,Early_Career,Junior
5795,31.0,Female,PhD,Data Scientist,8.0,140000.0,UK,White,Mid,Early_Career,Junior
5796,29.0,Male,Bachelor,Marketing Analyst,4.0,70000.0,Canada,Asian,Junior,Early_Career,Junior
5797,33.0,Female,Master,Marketing Manager,9.0,130000.0,China,Korean,Mid,Early_Career,Senior
5798,27.0,Male,Bachelor,Software Engineer,3.0,80000.0,UK,Asian,Junior,Early_Career,Junior
5799,36.0,Female,PhD,Research Scientist,12.0,170000.0,China,Chinese,Senior,Mid_Career,Junior
5800,25.0,Male,Bachelor,Product Manager,1.0,60000.0,UK,White,Entry,Young,Senior
5801,30.0,Female,Bachelor,Marketing Coordinator,5.0,90000.0,Canada,Asian,Junior,Early_Career,Junior
5802,34.0,Male,PhD,Research Director,11.0,160000.0,Australia,Australian,Senior,Early_Career,Senior
5803,28.0,Female,Bachelor,Marketing Analyst,3.0,60000.0,UK,White,Junior,Early_Career,Junior
5804,32.0,Male,Bachelor,Product Manager,7.0,120000.0,Canada,White,Mid,Early_Career,Senior
5805,24.0,Female,High School,Receptionist,0.0,25000.0,China,Chinese,Entry,Young,Junior
5806,37.0,Male,Master,Marketing Director,14.0,190000.0,Canada,Black,Senior,Mid_Career,Senior
5807,39.0,Female,Bachelor,Financial Manager,16.0,200000.0,UK,White,Senior,Mid_Career,Senior
5808,26.0,Male,Bachelor,Product Designer,2.0,55000.0,China,Korean,Entry,Early_Career,Junior
5809,31.0,Female,PhD,Data Scientist,8.0,140000.0,USA,White,Mid,Early_Career,Junior
5810,29.0,Male,Bachelor,Marketing Analyst,4.0,70000.0,China,Korean,Junior,Early_Career,Junior
5811,33.0,Female,Master,Marketing Manager,9.0,130000.0,UK,White,Mid,Early_Career,Senior
5812,27.0,Male,Bachelor,Software Engineer,3.0,80000.0,Australia,Asian,Junior,Early_Career,Junior
5813,36.0,Female,PhD,Research Scientist,12.0,170000.0,China,Korean,Senior,Mid_Career,Junior
5814,25.0,Male,Bachelor,Product Manager,1.0,60000.0,UK,Asian,Entry,Young,Senior
5815,30.0,Female,Bachelor,Marketing Coordinator,5.0,90000.0,Australia,White,Junior,Early_Career,Junior
5816,34.0,Male,PhD,Research Director,11.0,160000.0,UK,Welsh,Senior,Early_Career,Senior
5817,28.0,Female,Bachelor,Marketing Analyst,3.0,60000.0,Canada,Asian,Junior,Early_Career,Junior
5818,32.0,Male,Bachelor,Product Manager,7.0,120000.0,UK,White,Mid,Early_Career,Senior
5819,24.0,Female,High School,Receptionist,0.0,25000.0,China,Korean,Entry,Young,Junior
5820,37.0,Male,Master,Marketing Director,14.0,190000.0,Australia,Asian,Senior,Mid_Career,Senior
5821,39.0,Female,Bachelor,Financial Manager,16.0,200000.0,Australia,Australian,Senior,Mid_Career,Senior
5822,26.0,Male,Bachelor,Product Designer,2.0,55000.0,China,Korean,Entry,Early_Career,Junior
5823,31.0,Female,PhD,Data Scientist,8.0,140000.0,UK,Welsh,Mid,Early_Career,Junior
5824,29.0,Male,Bachelor,Marketing Analyst,4.0,70000.0,UK,Asian,Junior,Early_Career,Junior
5825,33.0,Female,Master,Marketing Manager,9.0,130000.0,USA,African American,Mid,Early_Career,Senior
5826,27.0,Male,Bachelor,Software Engineer,3.0,80000.0,Australia,White,Junior,Early_Career,Junior
5827,36.0,Female,PhD,Research Scientist,12.0,170000.0,UK,White,Senior,Mid_Career,Junior
5828,25.0,Male,Bachelor,Product Manager,1.0,60000.0,China,Chinese,Entry,Young,Senior
5829,30.0,Female,Bachelor,Marketing Coordinator,5.0,90000.0,USA,African American,Junior,Early_Career,Junior
5830,34.0,Male,PhD,Research Director,11.0,160000.0,UK,Mixed,Senior,Early_Career,Senior
5831,28.0,Female,Bachelor,Marketing Analyst,3.0,60000.0,USA,Asian,Junior,Early_Career,Junior
5832,32.0,Male,Bachelor,Product Manager,7.0,120000.0,USA,Hispanic,Mid,Early_Career,Senior
5833,24.0,Female,High School,Receptionist,0.0,25000.0,UK,Welsh,Entry,Young,Junior
5834,37.0,Male,Master,Marketing Director,14.0,190000.0,China,White,Senior,Mid_Career,Senior
5835,39.0,Female,Bachelor,Financial Manager,16.0,200000.0,Australia,Australian,Senior,Mid_Career,Senior
5836,26.0,Male,Bachelor,Product Designer,2.0,55000.0,Canada,Asian,Entry,Early_Career,Junior
5837,31.0,Female,PhD,Data Scientist,8.0,140000.0,UK,White,Mid,Early_Career,Junior
5838,29.0,Male,Bachelor,Marketing Analyst,4.0,70000.0,Canada,Asian,Junior,Early_Career,Junior
5839,33.0,Female,Master,Marketing Manager,9.0,130000.0,China,White,Mid,Early_Career,Senior
5840,27.0,Male,Bachelor,Software Engineer,3.0,80000.0,China,Chinese,Junior,Early_Career,Junior
5841,36.0,Female,PhD,Research Scientist,12.0,170000.0,UK,White,Senior,Mid_Career,Junior
5842,25.0,Male,Bachelor,Product Manager,1.0,60000.0,USA,African American,Entry,Young,Senior
5843,30.0,Female,Bachelor,Marketing Coordinator,5.0,90000.0,USA,Hispanic,Junior,Early_Career,Junior
5844,34.0,Male,PhD,Research Director,11.0,160000.0,Canada,Asian,Senior,Early_Career,Senior
5845,28.0,Female,Bachelor,Marketing Analyst,3.0,60000.0,China,Chinese,Junior,Early_Career,Junior
5846,32.0,Male,Bachelor,Product Manager,7.0,120000.0,USA,Asian,Mid,Early_Career,Senior
5847,24.0,Female,High School,Receptionist,0.0,25000.0,UK,Asian,Entry,Young,Junior
5848,37.0,Male,Master,Marketing Director,14.0,190000.0,Australia,Australian,Senior,Mid_Career,Senior
5849,39.0,Female,Bachelor,Financial Manager,16.0,200000.0,UK,Welsh,Senior,Mid_Career,Senior
5850,26.0,Male,Bachelor,Product Designer,2.0,55000.0,UK,Asian,Entry,Early_Career,Junior
5851,31.0,Female,PhD,Data Scientist,8.0,140000.0,Canada,Black,Mid,Early_Career,Junior
5852,29.0,Male,Bachelor,Marketing Analyst,4.0,70000.0,USA,African American,Junior,Early_Career,Junior
5853,33.0,Female,Master,Marketing Manager,9.0,130000.0,USA,African American,Mid,Early_Career,Senior
5854,27.0,Male,Bachelor,Software Engineer,3.0,80000.0,Australia,Australian,Junior,Early_Career,Junior
5855,36.0,Female,PhD,Research Scientist,12.0,170000.0,China,Korean,Senior,Mid_Career,Junior
5856,25.0,Male,Bachelor,Product Manager,1.0,60000.0,Canada,Black,Entry,Young,Senior
5857,30.0,Female,Bachelor,Marketing Coordinator,5.0,90000.0,USA,Hispanic,Junior,Early_Career,Junior
5858,34.0,Male,PhD,Research Director,11.0,160000.0,Canada,White,Senior,Early_Career,Senior
5859,28.0,Female,Bachelor,Marketing Analyst,3.0,60000.0,USA,White,Junior,Early_Career,Junior
5860,32.0,Male,Bachelor,Product Manager,7.0,120000.0,USA,White,Mid,Early_Career,Senior
5861,24.0,Female,High School,Receptionist,0.0,25000.0,UK,Mixed,Entry,Young,Junior
5862,37.0,Male,Master,Marketing Director,14.0,190000.0,Australia,Australian,Senior,Mid_Career,Senior
5863,39.0,Female,Bachelor,Financial Manager,16.0,200000.0,Canada,Asian,Senior,Mid_Career,Senior
5864,26.0,Male,Bachelor,Product Designer,2.0,55000.0,UK,White,Entry,Early_Career,Junior
5865,31.0,Female,PhD,Data Scientist,8.0,140000.0,Australia,Australian,Mid,Early_Career,Junior
5866,29.0,Male,Bachelor,Marketing Analyst,4.0,70000.0,Canada,Asian,Junior,Early_Career,Junior
5867,33.0,Female,Master,Marketing Manager,9.0,130000.0,USA,Asian,Mid,Early_Career,Senior
5868,27.0,Male,Bachelor,Software Engineer,3.0,80000.0,USA,Asian,Junior,Early_Career,Junior
5869,36.0,Female,PhD,Research Scientist,12.0,170000.0,Australia,White,Senior,Mid_Career,Junior
5870,25.0,Male,Bachelor,Product Manager,1.0,60000.0,Australia,White,Entry,Young,Senior
5871,30.0,Female,Bachelor,Marketing Coordinator,5.0,90000.0,Australia,White,Junior,Early_Career,Junior
5872,34.0,Male,PhD,Research Director,11.0,160000.0,USA,Asian,Senior,Early_Career,Senior
5873,28.0,Female,Bachelor,Marketing Analyst,3.0,60000.0,China,Chinese,Junior,Early_Career,Junior
5874,32.0,Male,Bachelor,Product Manager,7.0,120000.0,Canada,Asian,Mid,Early_Career,Senior
5875,24.0,Female,High School,Receptionist,0.0,25000.0,USA,Hispanic,Entry,Young,Junior
5876,37.0,Male,Master,Marketing Director,14.0,190000.0,USA,Hispanic,Senior,Mid_Career,Senior
5877,39.0,Female,Bachelor,Financial Manager,16.0,200000.0,UK,Welsh,Senior,Mid_Career,Senior
5878,27.0,Male,PhD,Marketing Coordinator,7.0,120000.0,Canada,Black,Mid,Early_Career,Junior
5879,28.0,Female,Bachelor,Marketing Coordinator,3.0,60000.0,UK,Asian,Junior,Early_Career,Junior
5880,33.0,Male,Master,Software Engineer,8.0,120000.0,Canada,White,Mid,Early_Career,Junior
5881,27.0,Female,Bachelor,Product Manager,2.0,65000.0,Australia,White,Entry,Early_Career,Senior
5882,30.0,Male,PhD,Data Scientist,6.0,100000.0,UK,Asian,Mid,Early_Career,Junior
5883,36.0,Female,Bachelor,Financial Analyst,11.0,150000.0,USA,African American,Senior,Mid_Career,Junior
5884,29.0,Male,Bachelor,Marketing Analyst,3.0,65000.0,China,White,Junior,Early_Career,Junior
5885,32.0,Female,Master,Software Engineer,9.0,120000.0,Australia,White,Mid,Early_Career,Junior
5886,26.0,Male,Bachelor,Graphic Designer,1.0,45000.0,Canada,White,Entry,Early_Career,Junior
5887,29.0,Female,Bachelor,Product Manager,5.0,80000.0,USA,Asian,Junior,Early_Career,Senior
5888,35.0,Male,PhD,Research Scientist,11.0,150000.0,UK,Welsh,Senior,Early_Career,Junior
5889,27.0,Male,Bachelor,Software Engineer,2.0,65000.0,USA,Asian,Entry,Early_Career,Junior
5890,31.0,Female,Bachelor,Marketing Manager,7.0,100000.0,UK,Asian,Mid,Early_Career,Senior
5891,28.0,Male,Master,Financial Analyst,4.0,90000.0,Canada,Black,Junior,Early_Career,Junior
5892,24.0,Female,Bachelor,Marketing Analyst,0.0,40000.0,China,Korean,Entry,Young,Junior
5893,30.0,Male,Bachelor,Project Manager,6.0,110000.0,Australia,Asian,Mid,Early_Career,Senior
5894,34.0,Female,PhD,Research Director,12.0,170000.0,China,Chinese,Senior,Early_Career,Senior
5895,27.0,Male,Bachelor,Software Engineer,3.0,75000.0,Canada,Asian,Junior,Early_Career,Junior
5896,33.0,Female,Master,Marketing Manager,8.0,120000.0,China,Korean,Mid,Early_Career,Senior
5897,29.0,Male,Bachelor,Marketing Analyst,4.0,70000.0,UK,Welsh,Junior,Early_Career,Junior
5898,25.0,Female,High School,Customer Service Representative,1.0,30000.0,UK,Mixed,Entry,Young,Junior
5899,36.0,Male,PhD,Research Scientist,13.0,180000.0,Canada,Asian,Senior,Mid_Career,Junior
5900,39.0,Female,Bachelor,Financial Manager,15.0,200000.0,Australia,White,Senior,Mid_Career,Senior
5901,26.0,Male,Bachelor,Product Designer,1.0,50000.0,Canada,White,Entry,Early_Career,Junior
5902,31.0,Female,PhD,Data Scientist,8.0,140000.0,USA,Hispanic,Mid,Early_Career,Junior
5903,28.0,Male,Bachelor,Marketing Analyst,3.0,65000.0,UK,Mixed,Junior,Early_Career,Junior
5904,32.0,Female,Bachelor,Product Manager,7.0,110000.0,UK,Asian,Mid,Early_Career,Senior
5905,24.0,Male,High School,Delivery Driver,0.0,28000.0,Australia,Australian,Entry,Young,Junior
5906,37.0,Male,Master,Marketing Director,14.0,190000.0,China,White,Senior,Mid_Career,Senior
5907,39.0,Female,Bachelor,Financial Manager,16.0,210000.0,Australia,Australian,Senior,Mid_Career,Senior
5908,26.0,Male,Bachelor,Product Designer,2.0,55000.0,China,Chinese,Entry,Early_Career,Junior
5909,31.0,Female,PhD,Data Scientist,8.0,140000.0,China,Chinese,Mid,Early_Career,Junior
5910,29.0,Male,Bachelor,Marketing Analyst,4.0,70000.0,Australia,Asian,Junior,Early_Career,Junior
5911,33.0,Female,Master,Marketing Manager,9.0,130000.0,USA,White,Mid,Early_Career,Senior
5912,27.0,Male,Bachelor,Software Engineer,3.0,80000.0,Australia,White,Junior,Early_Career,Junior
5913,36.0,Female,PhD,Research Scientist,12.0,170000.0,China,White,Senior,Mid_Career,Junior
5914,25.0,Male,Bachelor,Product Manager,1.0,60000.0,USA,Hispanic,Entry,Young,Senior
5915,30.0,Female,Bachelor,Marketing Coordinator,5.0,90000.0,Australia,Asian,Junior,Early_Career,Junior
5916,34.0,Male,PhD,Research Director,11.0,160000.0,China,White,Senior,Early_Career,Senior
5917,28.0,Female,Bachelor,Marketing Analyst,3.0,60000.0,Australia,Asian,Junior,Early_Career,Junior
5918,32.0,Male,Bachelor,Product Manager,7.0,120000.0,Australia,White,Mid,Early_Career,Senior
5919,24.0,Female,High School,Receptionist,0.0,25000.0,China,Chinese,Entry,Young,Junior
5920,37.0,Male,Master,Marketing Director,14.0,190000.0,USA,Hispanic,Senior,Mid_Career,Senior
5921,39.0,Female,Bachelor,Financial Manager,16.0,200000.0,UK,Welsh,Senior,Mid_Career,Senior
5922,26.0,Male,Bachelor,Product Designer,2.0,55000.0,UK,Mixed,Entry,Early_Career,Junior
5923,31.0,Female,PhD,Data Scientist,8.0,140000.0,USA,African American,Mid,Early_Career,Junior
5924,29.0,Male,Bachelor,Marketing Analyst,4.0,70000.0,Australia,Australian,Junior,Early_Career,Junior
5925,33.0,Female,Master,Marketing Manager,9.0,130000.0,UK,Asian,Mid,Early_Career,Senior
5926,27.0,Male,Bachelor,Software Engineer,3.0,80000.0,Australia,Asian,Junior,Early_Career,Junior
5927,36.0,Female,PhD,Research Scientist,12.0,170000.0,Canada,Black,Senior,Mid_Career,Junior
5928,25.0,Male,Bachelor,Product Manager,1.0,60000.0,China,Korean,Entry,Young,Senior
5929,30.0,Female,Bachelor,Marketing Coordinator,5.0,90000.0,China,Korean,Junior,Early_Career,Junior
5930,34.0,Male,PhD,Research Director,11.0,160000.0,Australia,Asian,Senior,Early_Career,Senior
5931,28.0,Female,Bachelor,Marketing Analyst,3.0,60000.0,UK,Welsh,Junior,Early_Career,Junior
5932,32.0,Male,Bachelor,Product Manager,7.0,120000.0,Canada,White,Mid,Early_Career,Senior
5933,24.0,Female,High School,Receptionist,0.0,25000.0,USA,African American,Entry,Young,Junior
5934,37.0,Male,Master,Marketing Director,14.0,190000.0,UK,White,Senior,Mid_Career,Senior
5935,39.0,Female,Bachelor,Financial Manager,16.0,200000.0,China,Korean,Senior,Mid_Career,Senior
5936,26.0,Male,Bachelor,Product Designer,2.0,55000.0,USA,African American,Entry,Early_Career,Junior
5937,31.0,Female,PhD,Data Scientist,8.0,140000.0,USA,White,Mid,Early_Career,Junior
5938,29.0,Male,Bachelor,Marketing Analyst,4.0,70000.0,Australia,Asian,Junior,Early_Career,Junior
5939,33.0,Female,Master,Marketing Manager,9.0,130000.0,China,Korean,Mid,Early_Career,Senior
5940,27.0,Male,Bachelor,Software Engineer,3.0,80000.0,China,Chinese,Junior,Early_Career,Junior
5941,36.0,Female,PhD,Research Scientist,12.0,170000.0,Canada,Black,Senior,Mid_Career,Junior
5942,25.0,Male,Bachelor,Product Manager,1.0,60000.0,Canada,Black,Entry,Young,Senior
5943,30.0,Female,Bachelor,Marketing Coordinator,5.0,90000.0,Canada,Black,Junior,Early_Career,Junior
5944,34.0,Male,PhD,Research Director,11.0,160000.0,China,Chinese,Senior,Early_Career,Senior
5945,28.0,Female,Bachelor,Marketing Analyst,3.0,60000.0,China,Korean,Junior,Early_Career,Junior
5946,32.0,Male,Bachelor,Product Manager,7.0,120000.0,Canada,White,Mid,Early_Career,Senior
5947,24.0,Female,High School,Receptionist,0.0,25000.0,Canada,White,Entry,Young,Junior
5948,37.0,Male,Master,Marketing Director,14.0,190000.0,Australia,Australian,Senior,Mid_Career,Senior
5949,39.0,Female,Bachelor,Financial Manager,16.0,200000.0,UK,Mixed,Senior,Mid_Career,Senior
5950,26.0,Male,Bachelor,Product Designer,2.0,55000.0,UK,Mixed,Entry,Early_Career,Junior
5951,31.0,Female,PhD,Data Scientist,8.0,140000.0,UK,Mixed,Mid,Early_Career,Junior
5952,29.0,Male,Bachelor,Marketing Analyst,4.0,70000.0,Australia,White,Junior,Early_Career,Junior
5953,33.0,Female,Master,Marketing Manager,9.0,130000.0,Australia,White,Mid,Early_Career,Senior
5954,27.0,Male,Bachelor,Software Engineer,3.0,80000.0,USA,Asian,Junior,Early_Career,Junior
5955,36.0,Female,PhD,Research Scientist,12.0,170000.0,USA,African American,Senior,Mid_Career,Junior
5956,25.0,Male,Bachelor,Product Manager,1.0,60000.0,Canada,Asian,Entry,Young,Senior
5957,30.0,Female,Bachelor,Marketing Coordinator,5.0,90000.0,Canada,Black,Junior,Early_Career,Junior
5958,34.0,Male,PhD,Research Director,11.0,160000.0,Canada,Asian,Senior,Early_Career,Senior
5959,28.0,Female,Bachelor,Marketing Analyst,3.0,60000.0,Australia,Australian,Junior,Early_Career,Junior
5960,32.0,Male,Bachelor,Product Manager,7.0,120000.0,UK,Mixed,Mid,Early_Career,Senior
5961,24.0,Female,High School,Receptionist,0.0,25000.0,USA,White,Entry,Young,Junior
5962,37.0,Male,Master,Marketing Director,14.0,190000.0,Australia,White,Senior,Mid_Career,Senior
5963,39.0,Female,Bachelor,Financial Manager,16.0,200000.0,USA,White,Senior,Mid_Career,Senior
5964,26.0,Male,Bachelor,Product Designer,2.0,55000.0,USA,White,Entry,Early_Career,Junior
5965,31.0,Female,PhD,Data Scientist,8.0,140000.0,Australia,Asian,Mid,Early_Career,Junior
5966,29.0,Male,Bachelor,Marketing Analyst,4.0,70000.0,UK,Mixed,Junior,Early_Career,Junior
5967,33.0,Female,Master,Marketing Manager,9.0,130000.0,Australia,Asian,Mid,Early_Career,Senior
5968,27.0,Male,Bachelor,Software Engineer,3.0,80000.0,UK,Asian,Junior,Early_Career,Junior
5969,36.0,Female,PhD,Research Scientist,12.0,170000.0,Canada,White,Senior,Mid_Career,Junior
5970,25.0,Male,Bachelor,Product Manager,1.0,60000.0,Canada,Black,Entry,Young,Senior
5971,30.0,Female,Bachelor,Marketing Coordinator,5.0,90000.0,China,White,Junior,Early_Career,Junior
5972,34.0,Male,PhD,Research Director,11.0,160000.0,USA,White,Senior,Early_Career,Senior
5973,28.0,Female,Bachelor,Marketing Analyst,3.0,60000.0,Australia,Australian,Junior,Early_Career,Junior
5974,32.0,Male,Bachelor,Product Manager,7.0,120000.0,China,Chinese,Mid,Early_Career,Senior
5975,24.0,Female,High School,Receptionist,0.0,25000.0,China,Chinese,Entry,Young,Junior
5976,37.0,Male,Master,Marketing Director,14.0,190000.0,China,White,Senior,Mid_Career,Senior
5977,39.0,Female,Bachelor,Financial Manager,16.0,200000.0,UK,White,Senior,Mid_Career,Senior
5978,26.0,Male,Bachelor,Product Designer,2.0,55000.0,China,White,Entry,Early_Career,Junior
5979,31.0,Female,PhD,Data Scientist,8.0,140000.0,UK,Asian,Mid,Early_Career,Junior
5980,29.0,Male,Bachelor,Marketing Analyst,4.0,70000.0,Canada,White,Junior,Early_Career,Junior
5981,33.0,Female,Master,Marketing Manager,9.0,130000.0,China,White,Mid,Early_Career,Senior
5982,27.0,Male,Bachelor,Software Engineer,3.0,80000.0,Canada,Black,Junior,Early_Career,Junior
5983,36.0,Female,PhD,Research Scientist,12.0,170000.0,Canada,Asian,Senior,Mid_Career,Junior
5984,25.0,Male,Bachelor,Product Manager,1.0,60000.0,USA,African American,Entry,Young,Senior
5985,30.0,Female,Bachelor,Marketing Coordinator,5.0,90000.0,UK,Asian,Junior,Early_Career,Junior
5986,34.0,Male,PhD,Research Director,11.0,160000.0,Canada,White,Senior,Early_Career,Senior
5987,28.0,Female,Bachelor,Marketing Analyst,3.0,60000.0,Canada,Asian,Junior,Early_Career,Junior
5988,32.0,Male,Bachelor,Product Manager,7.0,120000.0,Canada,Asian,Mid,Early_Career,Senior
5989,24.0,Female,High School,Receptionist,0.0,25000.0,Canada,White,Entry,Young,Junior
5990,37.0,Male,Master,Marketing Director,14.0,190000.0,Canada,Asian,Senior,Mid_Career,Senior
5991,39.0,Female,Bachelor,Financial Manager,16.0,200000.0,Australia,Australian,Senior,Mid_Career,Senior
5992,26.0,Male,Bachelor,Product Designer,2.0,55000.0,Canada,Asian,Entry,Early_Career,Junior
5993,31.0,Female,PhD,Data Scientist,8.0,140000.0,Australia,White,Mid,Early_Career,Junior
5994,29.0,Male,Bachelor,Marketing Analyst,4.0,70000.0,Canada,Asian,Junior,Early_Career,Junior
5995,33.0,Female,Master,Marketing Manager,9.0,130000.0,UK,Welsh,Mid,Early_Career,Senior
5996,27.0,Male,Bachelor,Software Engineer,3.0,80000.0,Australia,Asian,Junior,Early_Career,Junior
5997,36.0,Female,PhD,Research Scientist,12.0,170000.0,Canada,Black,Senior,Mid_Career,Junior
5998,25.0,Male,Bachelor,Product Manager,1.0,60000.0,USA,African American,Entry,Young,Senior
5999,30.0,Female,Bachelor,Marketing Coordinator,5.0,90000.0,Australia,Asian,Junior,Early_Career,Junior
6000,34.0,Male,PhD,Research Director,11.0,160000.0,UK,Asian,Senior,Early_Career,Senior
6001,28.0,Female,Bachelor,Marketing Analyst,3.0,60000.0,China,Chinese,Junior,Early_Career,Junior
6002,32.0,Male,Bachelor,Product Manager,7.0,120000.0,Australia,Australian,Mid,Early_Career,Senior
6003,24.0,Female,High School,Receptionist,0.0,25000.0,USA,Hispanic,Entry,Young,Junior
6004,37.0,Male,Master,Marketing Director,14.0,190000.0,China,Korean,Senior,Mid_Career,Senior
6005,39.0,Female,Bachelor,Financial Manager,16.0,200000.0,UK,Asian,Senior,Mid_Career,Senior
6006,29.0,Female,Bachelor,Marketing Coordinator,4.0,65000.0,UK,Asian,Junior,Early_Career,Junior
6007,34.0,Male,Master,Software Engineer,9.0,125000.0,USA,African American,Mid,Early_Career,Junior
6008,28.0,Female,Bachelor,Product Manager,3.0,70000.0,Canada,Asian,Junior,Early_Career,Senior
6009,31.0,Male,PhD,Data Scientist,7.0,110000.0,Canada,White,Mid,Early_Career,Junior
6010,37.0,Female,Bachelor,Financial Analyst,12.0,160000.0,UK,Asian,Senior,Mid_Career,Junior
6011,30.0,Male,Bachelor,Marketing Analyst,4.0,75000.0,China,White,Junior,Early_Career,Junior
6012,33.0,Female,Master,Software Engineer,8.0,120000.0,UK,Mixed,Mid,Early_Career,Junior
6013,27.0,Male,Bachelor,Graphic Designer,2.0,50000.0,Australia,Australian,Entry,Early_Career,Junior
6014,30.0,Female,Bachelor,Product Manager,5.0,85000.0,USA,White,Junior,Early_Career,Senior
6015,36.0,Male,PhD,Research Scientist,11.0,155000.0,Canada,White,Senior,Mid_Career,Junior
6016,28.0,Male,Bachelor,Software Engineer,3.0,70000.0,UK,White,Junior,Early_Career,Junior
6017,32.0,Female,Bachelor,Marketing Manager,8.0,115000.0,UK,White,Mid,Early_Career,Senior
6018,29.0,Male,Master,Financial Analyst,5.0,95000.0,USA,African American,Junior,Early_Career,Junior
6019,25.0,Female,Bachelor,Marketing Analyst,0.0,40000.0,Canada,Asian,Entry,Young,Junior
6020,31.0,Male,Bachelor,Project Manager,6.0,115000.0,Australia,Australian,Mid,Early_Career,Senior
6021,35.0,Female,PhD,Research Director,12.0,175000.0,Canada,Black,Senior,Early_Career,Senior
6022,28.0,Male,Bachelor,Software Engineer,3.0,70000.0,Canada,White,Junior,Early_Career,Junior
6023,33.0,Female,Master,Marketing Manager,9.0,135000.0,Australia,Australian,Mid,Early_Career,Senior
6024,29.0,Male,Bachelor,Marketing Analyst,4.0,75000.0,Canada,Black,Junior,Early_Career,Junior
6025,25.0,Female,High School,Customer Service Representative,1.0,30000.0,UK,Mixed,Entry,Young,Junior
6026,36.0,Male,PhD,Research Scientist,13.0,185000.0,UK,Mixed,Senior,Mid_Career,Junior
6027,40.0,Female,Bachelor,Financial Manager,15.0,210000.0,Australia,Australian,Senior,Mid_Career,Senior
6028,27.0,Male,Bachelor,Product Designer,1.0,45000.0,China,White,Entry,Early_Career,Junior
6029,32.0,Female,PhD,Data Scientist,9.0,145000.0,USA,Hispanic,Mid,Early_Career,Junior
6030,28.0,Male,Bachelor,Marketing Analyst,3.0,70000.0,UK,Welsh,Junior,Early_Career,Junior
6031,32.0,Female,Bachelor,Product Manager,7.0,120000.0,China,Chinese,Mid,Early_Career,Senior
6032,24.0,Male,High School,Delivery Driver,0.0,28000.0,Canada,Asian,Entry,Young,Junior
6033,38.0,Male,Master,Marketing Director,14.0,195000.0,USA,White,Senior,Mid_Career,Senior
6034,40.0,Female,Bachelor,Financial Manager,16.0,215000.0,China,White,Senior,Mid_Career,Senior
6035,27.0,Male,Bachelor,Product Designer,2.0,55000.0,Australia,Asian,Entry,Early_Career,Junior
6036,32.0,Female,PhD,Data Scientist,9.0,145000.0,China,White,Mid,Early_Career,Junior
6037,29.0,Male,Bachelor,Marketing Analyst,4.0,75000.0,UK,White,Junior,Early_Career,Junior
6038,33.0,Female,Master,Marketing Manager,9.0,135000.0,China,Chinese,Mid,Early_Career,Senior
6039,27.0,Male,Bachelor,Software Engineer,3.0,80000.0,Canada,Black,Junior,Early_Career,Junior
6040,36.0,Female,PhD,Research Scientist,13.0,185000.0,Australia,Asian,Senior,Mid_Career,Junior
6041,25.0,Male,Bachelor,Product Manager,1.0,60000.0,China,Chinese,Entry,Young,Senior
6042,30.0,Female,Bachelor,Marketing Coordinator,5.0,95000.0,China,Korean,Junior,Early_Career,Junior
6043,34.0,Male,PhD,Research Director,12.0,170000.0,Canada,Black,Senior,Early_Career,Senior
6044,28.0,Female,Bachelor,Marketing Analyst,3.0,65000.0,China,White,Junior,Early_Career,Junior
6045,32.0,Male,Bachelor,Product Manager,7.0,120000.0,Canada,White,Mid,Early_Career,Senior
6046,24.0,Female,High School,Receptionist,0.0,25000.0,Canada,White,Entry,Young,Junior
6047,38.0,Male,Master,Marketing Director,14.0,195000.0,Canada,Black,Senior,Mid_Career,Senior
6048,40.0,Female,Bachelor,Financial Manager,16.0,215000.0,China,Korean,Senior,Mid_Career,Senior
6049,27.0,Male,Bachelor,Product Designer,2.0,55000.0,China,White,Entry,Early_Career,Junior
6050,32.0,Female,PhD,Data Scientist,9.0,145000.0,UK,White,Mid,Early_Career,Junior
6051,29.0,Male,Bachelor,Marketing Analyst,4.0,75000.0,USA,African American,Junior,Early_Career,Junior
6052,33.0,Female,Master,Marketing Manager,9.0,135000.0,USA,Asian,Mid,Early_Career,Senior
6053,27.0,Male,Bachelor,Software Engineer,3.0,80000.0,Canada,White,Junior,Early_Career,Junior
6054,36.0,Female,PhD,Research Scientist,13.0,185000.0,Australia,White,Senior,Mid_Career,Junior
6055,25.0,Male,Bachelor,Product Manager,1.0,60000.0,Australia,Asian,Entry,Young,Senior
6056,30.0,Female,Bachelor,Marketing Coordinator,5.0,95000.0,USA,Asian,Junior,Early_Career,Junior
6057,34.0,Male,PhD,Research Director,12.0,170000.0,UK,Welsh,Senior,Early_Career,Senior
6058,28.0,Female,Bachelor,Marketing Analyst,3.0,65000.0,USA,Asian,Junior,Early_Career,Junior
6059,32.0,Male,Bachelor,Product Manager,7.0,120000.0,Canada,Black,Mid,Early_Career,Senior
6060,24.0,Female,High School,Receptionist,0.0,25000.0,UK,Welsh,Entry,Young,Junior
6061,38.0,Male,Master,Marketing Director,14.0,195000.0,China,Chinese,Senior,Mid_Career,Senior
6062,40.0,Female,Bachelor,Financial Manager,16.0,215000.0,Australia,White,Senior,Mid_Career,Senior
6063,27.0,Male,Bachelor,Product Designer,2.0,55000.0,UK,White,Entry,Early_Career,Junior
6064,32.0,Female,PhD,Data Scientist,9.0,145000.0,USA,Asian,Mid,Early_Career,Junior
6065,29.0,Male,Bachelor,Marketing Analyst,4.0,75000.0,USA,Hispanic,Junior,Early_Career,Junior
6066,33.0,Female,Master,Marketing Manager,9.0,135000.0,Australia,White,Mid,Early_Career,Senior
6067,27.0,Male,Bachelor,Software Engineer,3.0,80000.0,Canada,Black,Junior,Early_Career,Junior
6068,36.0,Female,PhD,Research Scientist,13.0,185000.0,USA,African American,Senior,Mid_Career,Junior
6069,25.0,Male,Bachelor,Product Manager,1.0,60000.0,UK,White,Entry,Young,Senior
6070,30.0,Female,Bachelor,Marketing Coordinator,5.0,95000.0,Australia,Australian,Junior,Early_Career,Junior
6071,34.0,Male,PhD,Research Director,12.0,170000.0,Canada,Asian,Senior,Early_Career,Senior
6072,28.0,Female,Bachelor,Marketing Analyst,3.0,65000.0,UK,Welsh,Junior,Early_Career,Junior
6073,32.0,Male,Bachelor,Product Manager,7.0,120000.0,USA,Hispanic,Mid,Early_Career,Senior
6074,24.0,Female,High School,Receptionist,0.0,25000.0,USA,Hispanic,Entry,Young,Junior
6075,38.0,Male,Master,Marketing Director,14.0,195000.0,Australia,Australian,Senior,Mid_Career,Senior
6076,40.0,Female,Bachelor,Financial Manager,16.0,215000.0,Australia,Australian,Senior,Mid_Career,Senior
6077,27.0,Male,Bachelor,Product Designer,2.0,55000.0,Canada,Black,Entry,Early_Career,Junior
6078,32.0,Female,PhD,Data Scientist,9.0,145000.0,Canada,Asian,Mid,Early_Career,Junior
6079,29.0,Male,Bachelor,Marketing Analyst,4.0,75000.0,China,Chinese,Junior,Early_Career,Junior
6080,33.0,Female,Master,Marketing Manager,9.0,135000.0,China,White,Mid,Early_Career,Senior
6081,27.0,Male,Bachelor,Software Engineer,3.0,80000.0,USA,African American,Junior,Early_Career,Junior
6082,36.0,Female,PhD,Research Scientist,13.0,185000.0,Australia,Asian,Senior,Mid_Career,Junior
6083,25.0,Male,Bachelor,Product Manager,1.0,60000.0,China,Korean,Entry,Young,Senior
6084,30.0,Female,Bachelor,Marketing Coordinator,5.0,95000.0,UK,White,Junior,Early_Career,Junior
6085,34.0,Male,PhD,Research Director,12.0,170000.0,Australia,White,Senior,Early_Career,Senior
6086,28.0,Female,Bachelor,Marketing Analyst,3.0,65000.0,UK,White,Junior,Early_Career,Junior
6087,32.0,Male,Bachelor,Product Manager,7.0,120000.0,China,Chinese,Mid,Early_Career,Senior
6088,24.0,Female,High School,Receptionist,0.0,25000.0,Canada,White,Entry,Young,Junior
6089,38.0,Male,Master,Marketing Director,14.0,195000.0,UK,Asian,Senior,Mid_Career,Senior
6090,40.0,Female,Bachelor,Financial Manager,16.0,215000.0,China,Chinese,Senior,Mid_Career,Senior
6091,27.0,Male,Bachelor,Product Designer,2.0,55000.0,USA,African American,Entry,Early_Career,Junior
6092,32.0,Female,PhD,Data Scientist,9.0,145000.0,Australia,White,Mid,Early_Career,Junior
6093,29.0,Male,Bachelor,Marketing Analyst,4.0,75000.0,UK,White,Junior,Early_Career,Junior
6094,33.0,Female,Master,Marketing Manager,9.0,135000.0,Australia,Asian,Mid,Early_Career,Senior
6095,27.0,Male,Bachelor,Software Engineer,3.0,80000.0,Australia,Asian,Junior,Early_Career,Junior
6096,36.0,Female,PhD,Research Scientist,13.0,185000.0,China,Chinese,Senior,Mid_Career,Junior
6097,25.0,Male,Bachelor,Product Manager,1.0,60000.0,China,Chinese,Entry,Young,Senior
6098,30.0,Female,Bachelor,Marketing Coordinator,5.0,95000.0,USA,Asian,Junior,Early_Career,Junior
6099,34.0,Male,PhD,Research Director,12.0,170000.0,China,Korean,Senior,Early_Career,Senior
6100,28.0,Female,Bachelor,Marketing Analyst,3.0,65000.0,USA,African American,Junior,Early_Career,Junior
6101,32.0,Male,Bachelor,Product Manager,7.0,120000.0,China,Korean,Mid,Early_Career,Senior
6102,24.0,Female,High School,Receptionist,0.0,25000.0,Australia,White,Entry,Young,Junior
6103,38.0,Male,Master,Marketing Director,14.0,195000.0,USA,Asian,Senior,Mid_Career,Senior
6104,40.0,Female,Bachelor,Financial Manager,16.0,215000.0,UK,White,Senior,Mid_Career,Senior
6105,27.0,Male,Bachelor,Product Designer,2.0,55000.0,USA,African American,Entry,Early_Career,Junior
6106,32.0,Female,PhD,Data Scientist,9.0,145000.0,Canada,White,Mid,Early_Career,Junior
6107,29.0,Male,Bachelor,Marketing Analyst,4.0,75000.0,USA,Hispanic,Junior,Early_Career,Junior
6108,33.0,Female,Master,Marketing Manager,9.0,135000.0,China,Korean,Mid,Early_Career,Senior
6109,27.0,Male,Bachelor,Software Engineer,3.0,80000.0,UK,Welsh,Junior,Early_Career,Junior
6110,36.0,Female,PhD,Research Scientist,13.0,185000.0,Australia,Australian,Senior,Mid_Career,Junior
6111,25.0,Male,Bachelor,Product Manager,1.0,60000.0,UK,Welsh,Entry,Young,Senior
6112,30.0,Female,Bachelor,Marketing Coordinator,5.0,95000.0,USA,White,Junior,Early_Career,Junior
6113,34.0,Male,PhD,Research Director,12.0,170000.0,USA,Asian,Senior,Early_Career,Senior
6114,28.0,Female,Bachelor,Marketing Analyst,3.0,65000.0,UK,Welsh,Junior,Early_Career,Junior
6115,32.0,Male,Bachelor,Product Manager,7.0,120000.0,UK,Mixed,Mid,Early_Career,Senior
6116,24.0,Female,High School,Receptionist,0.0,25000.0,USA,Asian,Entry,Young,Junior
6117,38.0,Male,Master,Marketing Director,14.0,195000.0,USA,White,Senior,Mid_Career,Senior
6118,40.0,Female,Bachelor,Financial Manager,16.0,215000.0,China,White,Senior,Mid_Career,Senior
6119,27.0,Male,Bachelor,Product Designer,2.0,55000.0,USA,Hispanic,Entry,Early_Career,Junior
6120,32.0,Female,PhD,Data Scientist,9.0,145000.0,China,White,Mid,Early_Career,Junior
6121,29.0,Male,Bachelor,Marketing Analyst,4.0,75000.0,UK,Mixed,Junior,Early_Career,Junior
6122,33.0,Female,Master,Marketing Manager,9.0,135000.0,UK,White,Mid,Early_Career,Senior
6123,27.0,Male,Bachelor,Software Engineer,3.0,80000.0,Australia,Asian,Junior,Early_Career,Junior
6124,36.0,Female,PhD,Research Scientist,13.0,185000.0,Canada,White,Senior,Mid_Career,Junior
6125,25.0,Male,Bachelor,Product Manager,1.0,60000.0,Canada,Asian,Entry,Young,Senior
6126,30.0,Female,Bachelor,Marketing Coordinator,5.0,95000.0,China,White,Junior,Early_Career,Junior
6127,34.0,Male,PhD,Research Director,12.0,170000.0,Australia,Asian,Senior,Early_Career,Senior
6128,28.0,Female,Bachelor,Marketing Analyst,3.0,65000.0,China,White,Junior,Early_Career,Junior
6129,32.0,Male,Bachelor,Product Manager,7.0,120000.0,Australia,Asian,Mid,Early_Career,Senior
6130,24.0,Female,High School,Receptionist,0.0,25000.0,China,Chinese,Entry,Young,Junior
6131,38.0,Male,Master,Marketing Director,14.0,195000.0,China,Chinese,Senior,Mid_Career,Senior
6132,40.0,Female,Bachelor,Financial Manager,16.0,215000.0,China,White,Senior,Mid_Career,Senior
6133,26.0,Female,Master,Software Engineer,2.0,75000.0,China,Korean,Entry,Early_Career,Junior
6134,39.0,Male,PhD,Research Scientist,14.0,185000.0,UK,White,Senior,Mid_Career,Junior
6135,32.0,Female,Bachelor,Marketing Manager,7.0,120000.0,Canada,White,Mid,Early_Career,Senior
6136,28.0,Male,Bachelor,Graphic Designer,3.0,60000.0,Canada,Asian,Junior,Early_Career,Junior
6137,35.0,Female,Master,Data Scientist,10.0,145000.0,UK,Asian,Mid,Early_Career,Junior
6138,29.0,Male,Bachelor,Marketing Analyst,4.0,75000.0,China,Chinese,Junior,Early_Career,Junior
6139,33.0,Female,Master,Product Manager,8.0,135000.0,USA,Hispanic,Mid,Early_Career,Senior
6140,27.0,Male,Bachelor,Software Engineer,2.0,70000.0,Australia,Australian,Entry,Early_Career,Junior
6141,36.0,Female,PhD,Research Director,12.0,175000.0,China,Korean,Senior,Mid_Career,Senior
6142,24.0,Male,High School,Delivery Driver,0.0,28000.0,Australia,White,Entry,Young,Junior
6143,38.0,Male,Master,Marketing Director,14.0,195000.0,Canada,Asian,Senior,Mid_Career,Senior
6144,40.0,Female,Bachelor,Financial Manager,16.0,215000.0,Canada,Black,Senior,Mid_Career,Senior
6145,27.0,Male,Bachelor,Product Designer,2.0,55000.0,China,Korean,Entry,Early_Career,Junior
6146,32.0,Female,PhD,Data Scientist,9.0,145000.0,Canada,Black,Mid,Early_Career,Junior
6147,29.0,Male,Bachelor,Marketing Analyst,4.0,75000.0,USA,White,Junior,Early_Career,Junior
6148,33.0,Female,Master,Marketing Manager,9.0,135000.0,Australia,Australian,Mid,Early_Career,Senior
6149,27.0,Male,Bachelor,Software Engineer,3.0,80000.0,China,Chinese,Junior,Early_Career,Junior
6150,36.0,Female,PhD,Research Scientist,13.0,185000.0,UK,Asian,Senior,Mid_Career,Junior
6151,25.0,Male,Bachelor,Product Manager,1.0,60000.0,China,Korean,Entry,Young,Senior
6152,30.0,Female,Bachelor,Marketing Coordinator,5.0,95000.0,UK,Welsh,Junior,Early_Career,Junior
6153,34.0,Male,PhD,Research Director,12.0,170000.0,UK,Welsh,Senior,Early_Career,Senior
6154,28.0,Female,Bachelor,Marketing Analyst,3.0,65000.0,UK,White,Junior,Early_Career,Junior
6155,32.0,Male,Bachelor,Product Manager,7.0,120000.0,Australia,Asian,Mid,Early_Career,Senior
6156,24.0,Female,High School,Receptionist,0.0,25000.0,USA,White,Entry,Young,Junior
6157,38.0,Male,Master,Marketing Director,14.0,195000.0,UK,White,Senior,Mid_Career,Senior
6158,40.0,Female,Bachelor,Financial Manager,16.0,215000.0,USA,Hispanic,Senior,Mid_Career,Senior
6159,27.0,Male,Bachelor,Product Designer,2.0,55000.0,UK,Mixed,Entry,Early_Career,Junior
6160,32.0,Female,PhD,Data Scientist,9.0,145000.0,Canada,Asian,Mid,Early_Career,Junior
6161,29.0,Male,Bachelor,Marketing Analyst,4.0,75000.0,Australia,Australian,Junior,Early_Career,Junior
6162,33.0,Female,Master,Marketing Manager,9.0,135000.0,Canada,Asian,Mid,Early_Career,Senior
6163,27.0,Male,Bachelor,Software Engineer,3.0,80000.0,Australia,Australian,Junior,Early_Career,Junior
6164,36.0,Female,PhD,Research Scientist,13.0,185000.0,China,White,Senior,Mid_Career,Junior
6165,25.0,Male,Bachelor,Product Manager,1.0,60000.0,Canada,Asian,Entry,Young,Senior
6166,30.0,Female,Bachelor,Marketing Coordinator,5.0,95000.0,China,Chinese,Junior,Early_Career,Junior
6167,34.0,Male,PhD,Research Director,12.0,170000.0,UK,Asian,Senior,Early_Career,Senior
6168,28.0,Female,Bachelor,Marketing Analyst,3.0,65000.0,USA,African American,Junior,Early_Career,Junior
6169,32.0,Male,Bachelor,Product Manager,7.0,120000.0,UK,Mixed,Mid,Early_Career,Senior
6170,24.0,Female,High School,Receptionist,0.0,25000.0,China,Korean,Entry,Young,Junior
6171,38.0,Male,Master,Marketing Director,14.0,195000.0,UK,White,Senior,Mid_Career,Senior
6172,40.0,Female,Bachelor,Financial Manager,16.0,215000.0,Australia,White,Senior,Mid_Career,Senior
6173,27.0,Male,Bachelor,Product Designer,2.0,55000.0,Canada,Black,Entry,Early_Career,Junior
6174,32.0,Female,PhD,Data Scientist,9.0,145000.0,USA,White,Mid,Early_Career,Junior
6175,29.0,Male,Bachelor,Marketing Analyst,4.0,75000.0,China,White,Junior,Early_Career,Junior
6176,33.0,Female,Master,Marketing Manager,9.0,135000.0,Canada,White,Mid,Early_Career,Senior
6177,27.0,Male,Bachelor,Software Engineer,3.0,80000.0,Canada,Black,Junior,Early_Career,Junior
6178,36.0,Female,PhD,Research Scientist,13.0,185000.0,Australia,Australian,Senior,Mid_Career,Junior
6179,25.0,Male,Bachelor,Product Manager,1.0,60000.0,UK,Asian,Entry,Young,Senior
6180,30.0,Female,Bachelor,Marketing Coordinator,5.0,95000.0,Australia,White,Junior,Early_Career,Junior
6181,34.0,Male,PhD,Research Director,12.0,170000.0,Australia,White,Senior,Early_Career,Senior
6182,28.0,Female,Bachelor,Marketing Analyst,3.0,65000.0,Canada,White,Junior,Early_Career,Junior
6183,32.0,Male,Bachelor,Product Manager,7.0,120000.0,USA,Hispanic,Mid,Early_Career,Senior
6184,24.0,Female,High School,Receptionist,0.0,25000.0,Australia,Asian,Entry,Young,Junior
6185,38.0,Male,Master,Marketing Director,14.0,195000.0,Canada,White,Senior,Mid_Career,Senior
6186,40.0,Female,Bachelor,Financial Manager,16.0,215000.0,China,White,Senior,Mid_Career,Senior
6187,27.0,Male,Bachelor,Product Designer,2.0,55000.0,Canada,White,Entry,Early_Career,Junior
6188,32.0,Female,PhD,Data Scientist,9.0,145000.0,UK,White,Mid,Early_Career,Junior
6189,29.0,Male,Bachelor,Marketing Analyst,4.0,75000.0,Canada,Asian,Junior,Early_Career,Junior
6190,33.0,Female,Master,Marketing Manager,9.0,135000.0,UK,Welsh,Mid,Early_Career,Senior
6191,27.0,Male,Bachelor,Software Engineer,3.0,80000.0,USA,Asian,Junior,Early_Career,Junior
6192,36.0,Female,PhD,Research Scientist,13.0,185000.0,USA,Asian,Senior,Mid_Career,Junior
6193,25.0,Male,Bachelor,Product Manager,1.0,60000.0,USA,African American,Entry,Young,Senior
6194,30.0,Female,Bachelor,Marketing Coordinator,5.0,95000.0,China,Chinese,Junior,Early_Career,Junior
6195,34.0,Male,PhD,Research Director,12.0,170000.0,China,Korean,Senior,Early_Career,Senior
6196,28.0,Female,Bachelor,Marketing Analyst,3.0,65000.0,UK,Asian,Junior,Early_Career,Junior
6197,32.0,Male,Bachelor,Product Manager,7.0,120000.0,USA,Asian,Mid,Early_Career,Senior
6198,24.0,Female,High School,Receptionist,0.0,25000.0,China,White,Entry,Young,Junior
6199,38.0,Male,Master,Marketing Director,14.0,195000.0,USA,African American,Senior,Mid_Career,Senior
6200,40.0,Female,Bachelor,Financial Manager,16.0,215000.0,Canada,White,Senior,Mid_Career,Senior
6201,27.0,Male,Bachelor,Product Designer,2.0,55000.0,China,Korean,Entry,Early_Career,Junior
6202,32.0,Female,PhD,Data Scientist,9.0,145000.0,China,Korean,Mid,Early_Career,Junior
6203,29.0,Male,Bachelor,Marketing Analyst,4.0,75000.0,Canada,Asian,Junior,Early_Career,Junior
6204,33.0,Female,Master,Marketing Manager,9.0,135000.0,Australia,Australian,Mid,Early_Career,Senior
6205,27.0,Male,Bachelor,Software Engineer,3.0,80000.0,China,Korean,Junior,Early_Career,Junior
6206,36.0,Female,PhD,Research Scientist,13.0,185000.0,Australia,Australian,Senior,Mid_Career,Junior
6207,25.0,Male,Bachelor,Product Manager,1.0,60000.0,UK,Asian,Entry,Young,Senior
6208,30.0,Female,Bachelor,Marketing Coordinator,5.0,95000.0,USA,Hispanic,Junior,Early_Career,Junior
6209,34.0,Male,PhD,Research Director,12.0,170000.0,UK,Mixed,Senior,Early_Career,Senior
6210,28.0,Female,Bachelor,Marketing Analyst,3.0,65000.0,UK,Mixed,Junior,Early_Career,Junior
6211,32.0,Male,Bachelor,Product Manager,7.0,120000.0,Canada,White,Mid,Early_Career,Senior
6212,24.0,Female,High School,Receptionist,0.0,25000.0,Australia,Australian,Entry,Young,Junior
6213,38.0,Male,Master,Marketing Director,14.0,195000.0,China,Chinese,Senior,Mid_Career,Senior
6214,40.0,Female,Bachelor,Financial Manager,16.0,215000.0,China,White,Senior,Mid_Career,Senior
6215,27.0,Male,Bachelor,Product Designer,2.0,55000.0,China,White,Entry,Early_Career,Junior
6216,32.0,Female,PhD,Data Scientist,9.0,145000.0,China,White,Mid,Early_Career,Junior
6217,29.0,Male,Bachelor,Marketing Analyst,4.0,75000.0,UK,Mixed,Junior,Early_Career,Junior
6218,33.0,Female,Master,Marketing Manager,9.0,135000.0,China,Korean,Mid,Early_Career,Senior
6219,27.0,Male,Bachelor,Software Engineer,3.0,80000.0,Australia,White,Junior,Early_Career,Junior
6220,36.0,Female,PhD,Research Scientist,13.0,185000.0,Australia,White,Senior,Mid_Career,Junior
6221,25.0,Male,Bachelor,Product Manager,1.0,60000.0,UK,Mixed,Entry,Young,Senior
6222,30.0,Female,Bachelor,Marketing Coordinator,5.0,95000.0,China,Korean,Junior,Early_Career,Junior
6223,34.0,Male,PhD,Research Director,12.0,170000.0,UK,Asian,Senior,Early_Career,Senior
6224,28.0,Female,Bachelor,Marketing Analyst,3.0,65000.0,UK,Welsh,Junior,Early_Career,Junior
6225,32.0,Male,Bachelor,Product Manager,7.0,120000.0,Canada,Asian,Mid,Early_Career,Senior
6226,24.0,Female,High School,Receptionist,0.0,25000.0,Australia,White,Entry,Young,Junior
6227,38.0,Male,Master,Marketing Director,14.0,195000.0,USA,Asian,Senior,Mid_Career,Senior
6228,40.0,Female,Bachelor,Financial Manager,16.0,215000.0,Australia,White,Senior,Mid_Career,Senior
6229,27.0,Male,Bachelor,Product Designer,2.0,55000.0,China,Chinese,Entry,Early_Career,Junior
6230,32.0,Female,PhD,Data Scientist,9.0,145000.0,UK,Asian,Mid,Early_Career,Junior
6231,29.0,Male,Bachelor,Marketing Analyst,4.0,75000.0,USA,White,Junior,Early_Career,Junior
6232,33.0,Female,Master,Marketing Manager,9.0,135000.0,Canada,Black,Mid,Early_Career,Senior
6233,27.0,Male,Bachelor,Software Engineer,3.0,80000.0,Australia,Asian,Junior,Early_Career,Junior
6234,36.0,Female,PhD,Research Scientist,13.0,185000.0,USA,Asian,Senior,Mid_Career,Junior
6235,25.0,Male,Bachelor,Product Manager,1.0,60000.0,Canada,Black,Entry,Young,Senior
6236,30.0,Female,Bachelor,Marketing Coordinator,5.0,95000.0,UK,Welsh,Junior,Early_Career,Junior
6237,34.0,Male,PhD,Research Director,12.0,170000.0,Australia,Australian,Senior,Early_Career,Senior
6238,28.0,Female,Bachelor,Marketing Analyst,3.0,65000.0,USA,Hispanic,Junior,Early_Career,Junior
6239,32.0,Male,Bachelor,Product Manager,7.0,120000.0,Australia,Asian,Mid,Early_Career,Senior
6240,24.0,Female,High School,Receptionist,0.0,25000.0,UK,Welsh,Entry,Young,Junior
6241,38.0,Male,Master,Marketing Director,14.0,195000.0,Canada,Asian,Senior,Mid_Career,Senior
6242,40.0,Female,Bachelor,Financial Manager,16.0,215000.0,Canada,White,Senior,Mid_Career,Senior
6243,27.0,Male,Bachelor,Product Designer,2.0,55000.0,China,Korean,Entry,Early_Career,Junior
6244,32.0,Female,PhD,Data Scientist,9.0,145000.0,USA,Asian,Mid,Early_Career,Junior
6245,29.0,Male,Bachelor,Marketing Analyst,4.0,75000.0,UK,Welsh,Junior,Early_Career,Junior
6246,33.0,Female,Master,Marketing Manager,9.0,135000.0,China,Korean,Mid,Early_Career,Senior
6247,27.0,Male,Bachelor,Software Engineer,3.0,80000.0,UK,Mixed,Junior,Early_Career,Junior
6248,36.0,Female,PhD,Research Scientist,13.0,185000.0,China,Korean,Senior,Mid_Career,Junior
6249,25.0,Male,Bachelor,Product Manager,1.0,60000.0,Australia,White,Entry,Young,Senior
6250,30.0,Female,Bachelor,Marketing Coordinator,5.0,95000.0,UK,White,Junior,Early_Career,Junior
6251,34.0,Male,PhD,Research Director,12.0,170000.0,Canada,White,Senior,Early_Career,Senior
6252,28.0,Female,Bachelor,Marketing Analyst,3.0,65000.0,Australia,White,Junior,Early_Career,Junior
6253,32.0,Male,Bachelor,Product Manager,7.0,120000.0,Australia,Australian,Mid,Early_Career,Senior
6254,24.0,Female,High School,Receptionist,0.0,25000.0,Australia,Asian,Entry,Young,Junior
6255,38.0,Male,Master,Marketing Director,14.0,195000.0,USA,Asian,Senior,Mid_Career,Senior
6256,40.0,Female,Bachelor,Financial Manager,16.0,215000.0,China,White,Senior,Mid_Career,Senior
6257,27.0,Male,Bachelor,Product Designer,2.0,55000.0,China,Chinese,Entry,Early_Career,Junior
6258,32.0,Female,PhD,Data Scientist,9.0,145000.0,Australia,White,Mid,Early_Career,Junior
6259,29.0,Male,Bachelor,Marketing Analyst,4.0,75000.0,China,Chinese,Junior,Early_Career,Junior
6260,29.0,Male,Bachelor,Sales Associate,2.0,45000.0,USA,Hispanic,Entry,Early_Career,Junior
6261,45.0,Female,Master,Sales Manager,8.0,80000.0,Canada,Black,Mid,Mid_Career,Senior
6262,37.0,Male,PhD,Marketing Manager,7.0,90000.0,UK,Mixed,Mid,Mid_Career,Senior
6263,23.0,Female,High School,Sales Executive,1.0,35000.0,China,Korean,Entry,Young,Junior
6264,41.0,Male,Bachelor,Financial Manager,12.0,120000.0,China,Korean,Senior,Mid_Career,Senior
6265,26.0,Female,Bachelor,Digital Marketing Manager,4.0,60000.0,Canada,Black,Junior,Early_Career,Senior
6266,33.0,Male,Master,Content Marketing Manager,5.0,70000.0,Canada,Asian,Junior,Early_Career,Senior
6267,28.0,Female,High School,Sales Representative,3.0,40000.0,China,Korean,Junior,Early_Career,Junior
6268,50.0,Male,PhD,Senior Product Marketing Manager,15.0,150000.0,UK,Mixed,Senior,Senior_Career,Senior
6269,35.0,Female,Bachelor,Junior Sales Representative,2.0,35000.0,USA,Asian,Entry,Early_Career,Junior
6270,42.0,Male,Master,Director Of Marketing,13.0,130000.0,Canada,Asian,Senior,Mid_Career,Senior
6271,27.0,Female,Bachelor,Sales Associate,1.0,35000.0,Australia,White,Entry,Early_Career,Junior
6272,48.0,Male,PhD,Sales Director,18.0,180000.0,USA,Asian,Senior,Senior_Career,Senior
6273,31.0,Female,High School,Financial Manager,4.0,60000.0,Australia,Australian,Junior,Early_Career,Senior
6274,36.0,Male,Bachelor,Sales Manager,6.0,75000.0,UK,Mixed,Mid,Mid_Career,Senior
6275,25.0,Female,Master,Digital Marketing Manager,3.0,50000.0,UK,Mixed,Junior,Young,Senior
6276,39.0,Male,PhD,Marketing Manager,10.0,100000.0,China,Chinese,Mid,Mid_Career,Senior
6277,30.0,Female,High School,Sales Executive,2.0,40000.0,Canada,Asian,Entry,Early_Career,Junior
6278,44.0,Male,Bachelor,Content Marketing Manager,11.0,110000.0,USA,White,Senior,Mid_Career,Senior
6279,29.0,Female,Master,Sales Representative,4.0,55000.0,China,Korean,Junior,Early_Career,Junior
6280,47.0,Male,PhD,Senior Product Marketing Manager,17.0,170000.0,Canada,White,Senior,Senior_Career,Senior
6281,32.0,Female,Bachelor,Junior Sales Representative,3.0,40000.0,Australia,Asian,Junior,Early_Career,Junior
6282,38.0,Male,Master,Director Of Marketing,9.0,95000.0,Australia,Asian,Mid,Mid_Career,Senior
6283,24.0,Female,High School,Sales Associate,1.0,35000.0,China,White,Entry,Young,Junior
6284,40.0,Male,PhD,Sales Director,14.0,140000.0,UK,Welsh,Senior,Mid_Career,Senior
6285,34.0,Female,Bachelor,Financial Manager,5.0,70000.0,China,White,Junior,Early_Career,Senior
6286,26.0,Male,Master,Digital Marketing Manager,3.0,50000.0,UK,Mixed,Junior,Early_Career,Senior
6287,31.0,Female,PhD,Marketing Manager,6.0,75000.0,UK,Mixed,Mid,Early_Career,Senior
6288,27.0,Male,High School,Sales Executive,2.0,40000.0,UK,Welsh,Entry,Early_Career,Junior
6289,43.0,Female,Bachelor,Content Marketing Manager,12.0,120000.0,Australia,White,Senior,Mid_Career,Senior
6290,28.0,Male,Master,Sales Representative,2.0,40000.0,USA,Asian,Entry,Early_Career,Junior
6291,46.0,Female,PhD,Senior Product Marketing Manager,16.0,160000.0,USA,Hispanic,Senior,Senior_Career,Senior
6292,33.0,Male,Bachelor,Junior Sales Representative,4.0,55000.0,USA,White,Junior,Early_Career,Junior
6293,39.0,Female,Master,Director Of Marketing,10.0,100000.0,UK,White,Mid,Mid_Career,Senior
6294,25.0,Male,High School,Sales Associate,1.0,35000.0,China,White,Entry,Young,Junior
6295,41.0,Female,Bachelor,Sales Manager,8.0,80000.0,China,Chinese,Mid,Mid_Career,Senior
6296,35.0,Male,PhD,Marketing Manager,7.0,90000.0,UK,White,Mid,Early_Career,Senior
6297,23.0,Female,Bachelor,Sales Executive,1.0,35000.0,UK,Asian,Entry,Young,Junior
6298,42.0,Male,Master,Financial Manager,13.0,130000.0,Canada,Black,Senior,Mid_Career,Senior
6299,26.0,Female,Bachelor,Digital Marketing Manager,4.0,60000.0,Canada,Asian,Junior,Early_Career,Senior
6300,32.0,Male,Master,Content Marketing Manager,5.0,70000.0,UK,Welsh,Junior,Early_Career,Senior
6301,27.0,Female,High School,Sales Representative,3.0,40000.0,Canada,White,Junior,Early_Career,Junior
6302,50.0,Male,PhD,Senior Product Marketing Manager,15.0,150000.0,Australia,White,Senior,Senior_Career,Senior
6303,36.0,Female,Bachelor,Junior Sales Representative,2.0,35000.0,USA,Hispanic,Entry,Mid_Career,Junior
6304,48.0,Male,Master,Director Of Marketing,18.0,180000.0,China,Korean,Senior,Senior_Career,Senior
6305,31.0,Female,High School,Sales Associate,2.0,40000.0,Australia,Asian,Entry,Early_Career,Junior
6306,29.0,Male,Bachelor,Sales Director,6.0,75000.0,Australia,White,Mid,Early_Career,Senior
6307,45.0,Female,PhD,Financial Manager,12.0,120000.0,Australia,Australian,Senior,Mid_Career,Senior
6308,25.0,Male,Master,Digital Marketing Manager,3.0,50000.0,UK,White,Junior,Young,Senior
6309,37.0,Female,Bachelor,Marketing Manager,7.0,90000.0,Canada,Black,Mid,Mid_Career,Senior
6310,23.0,Male,High School,Sales Executive,1.0,35000.0,Canada,Asian,Entry,Young,Junior
6311,41.0,Female,Bachelor,Content Marketing Manager,11.0,110000.0,Australia,Asian,Senior,Mid_Career,Senior
6312,26.0,Male,Master,Sales Representative,3.0,45000.0,UK,Welsh,Junior,Early_Career,Junior
6313,33.0,Female,PhD,Senior Product Marketing Manager,5.0,70000.0,China,White,Junior,Early_Career,Senior
6314,28.0,Male,Bachelor,Junior Sales Representative,1.0,30000.0,USA,African American,Entry,Early_Career,Junior
6315,42.0,Female,Master,Director Of Marketing,13.0,130000.0,UK,Welsh,Senior,Mid_Career,Senior
6316,27.0,Male,High School,Financial Manager,4.0,60000.0,Canada,White,Junior,Early_Career,Senior
6317,50.0,Female,Bachelor,Sales Manager,15.0,150000.0,China,Chinese,Senior,Senior_Career,Senior
6318,35.0,Male,PhD,Marketing Manager,8.0,80000.0,China,Korean,Mid,Early_Career,Senior
6319,24.0,Female,Bachelor,Sales Executive,1.0,35000.0,China,Chinese,Entry,Young,Junior
6320,46.0,Male,Master,Content Marketing Manager,16.0,160000.0,USA,White,Senior,Senior_Career,Senior
6321,29.0,Female,High School,Sales Representative,2.0,40000.0,China,White,Entry,Early_Career,Junior
6322,47.0,Male,PhD,Senior Product Marketing Manager,17.0,170000.0,China,White,Senior,Senior_Career,Senior
6323,31.0,Female,Bachelor,Junior Sales Representative,3.0,40000.0,USA,Hispanic,Junior,Early_Career,Junior
6324,38.0,Male,Master,Director Of Marketing,9.0,95000.0,Australia,Australian,Mid,Mid_Career,Senior
6325,25.0,Female,High School,Sales Associate,1.0,35000.0,Australia,Asian,Entry,Young,Junior
6326,39.0,Male,Bachelor,Sales Director,10.0,100000.0,Australia,Asian,Mid,Mid_Career,Senior
6327,33.0,Female,PhD,Financial Manager,5.0,70000.0,Canada,White,Junior,Early_Career,Senior
6328,27.0,Male,Master,Digital Marketing Manager,3.0,50000.0,Australia,Australian,Junior,Early_Career,Senior
6329,43.0,Female,Bachelor,Marketing Manager,12.0,120000.0,Australia,Australian,Senior,Mid_Career,Senior
6330,28.0,Male,High School,Sales Executive,2.0,40000.0,Canada,Asian,Entry,Early_Career,Junior
6331,31.0,Male,Bachelor,Sales Associate,3.0,50000.0,China,Korean,Junior,Early_Career,Junior
6332,46.0,Female,Master,Marketing Manager,14.0,140000.0,China,Korean,Senior,Senior_Career,Senior
6333,27.0,Male,High School,Sales Executive,2.0,40000.0,UK,Asian,Entry,Early_Career,Junior
6334,38.0,Female,Bachelor,Financial Manager,10.0,100000.0,UK,Asian,Mid,Mid_Career,Senior
6335,24.0,Male,PhD,Digital Marketing Manager,1.0,30000.0,China,White,Entry,Young,Senior
6336,33.0,Female,Master,Content Marketing Manager,6.0,75000.0,USA,Hispanic,Mid,Early_Career,Senior
6337,29.0,Male,High School,Sales Representative,2.0,40000.0,China,Chinese,Entry,Early_Career,Junior
6338,50.0,Female,Bachelor,Sales Manager,18.0,180000.0,Canada,Black,Senior,Senior_Career,Senior
6339,35.0,Male,PhD,Senior Product Marketing Manager,8.0,80000.0,UK,Welsh,Mid,Early_Career,Senior
6340,23.0,Female,Bachelor,Sales Executive,1.0,35000.0,China,Chinese,Entry,Young,Junior
6341,41.0,Male,Master,Director Of Marketing,12.0,120000.0,Canada,Black,Senior,Mid_Career,Senior
6342,26.0,Female,High School,Financial Manager,3.0,45000.0,USA,African American,Junior,Early_Career,Senior
6343,32.0,Male,Bachelor,Sales Director,7.0,90000.0,Canada,Black,Mid,Early_Career,Senior
6344,27.0,Female,PhD,Marketing Manager,4.0,55000.0,Canada,Black,Junior,Early_Career,Senior
6345,43.0,Male,Master,Content Marketing Manager,16.0,160000.0,Australia,Asian,Senior,Mid_Career,Senior
6346,28.0,Female,Bachelor,Sales Representative,2.0,40000.0,USA,African American,Entry,Early_Career,Junior
6347,47.0,Male,PhD,Senior Product Marketing Manager,17.0,170000.0,China,Korean,Senior,Senior_Career,Senior
6348,31.0,Female,High School,Junior Sales Representative,3.0,40000.0,UK,Asian,Junior,Early_Career,Junior
6349,38.0,Male,Master,Director Of Marketing,9.0,95000.0,Canada,Asian,Mid,Mid_Career,Senior
6350,25.0,Female,High School,Sales Associate,1.0,35000.0,Australia,Asian,Entry,Young,Junior
6351,39.0,Male,Bachelor,Sales Manager,11.0,110000.0,Canada,White,Senior,Mid_Career,Senior
6352,33.0,Female,PhD,Financial Manager,6.0,75000.0,China,Chinese,Mid,Early_Career,Senior
6353,27.0,Male,Master,Digital Marketing Manager,3.0,50000.0,China,White,Junior,Early_Career,Senior
6354,43.0,Female,Bachelor,Marketing Manager,12.0,120000.0,Canada,Asian,Senior,Mid_Career,Senior
6355,28.0,Male,High School,Sales Executive,2.0,40000.0,UK,Welsh,Entry,Early_Career,Junior
6356,50.0,Female,Master,Content Marketing Manager,15.0,150000.0,China,Korean,Senior,Senior_Career,Senior
6357,36.0,Male,Bachelor,Sales Representative,5.0,70000.0,UK,Welsh,Junior,Mid_Career,Junior
6358,48.0,Female,PhD,Senior Product Marketing Manager,19.0,190000.0,Canada,White,Senior,Senior_Career,Senior
6359,31.0,Male,High School,Junior Sales Representative,3.0,40000.0,China,Chinese,Junior,Early_Career,Junior
6360,29.0,Female,Bachelor,Sales Director,6.0,75000.0,China,Chinese,Mid,Early_Career,Senior
6361,45.0,Male,Master,Director Of Marketing,14.0,140000.0,China,Chinese,Senior,Mid_Career,Senior
6362,25.0,Female,High School,Sales Associate,1.0,35000.0,Canada,White,Entry,Young,Junior
6363,41.0,Male,Bachelor,Financial Manager,12.0,120000.0,USA,White,Senior,Mid_Career,Senior
6364,35.0,Female,PhD,Marketing Manager,8.0,80000.0,Canada,White,Mid,Early_Career,Senior
6365,23.0,Male,Bachelor,Sales Executive,1.0,35000.0,China,White,Entry,Young,Junior
6366,42.0,Female,Master,Sales Manager,13.0,130000.0,Canada,Black,Senior,Mid_Career,Senior
6367,26.0,Male,High School,Digital Marketing Manager,2.0,40000.0,Australia,Australian,Entry,Early_Career,Senior
6368,32.0,Female,Bachelor,Content Marketing Manager,7.0,90000.0,Canada,White,Mid,Early_Career,Senior
6369,27.0,Male,PhD,Sales Representative,4.0,55000.0,USA,Hispanic,Junior,Early_Career,Junior
6370,50.0,Female,Master,Senior Product Marketing Manager,18.0,180000.0,Australia,Asian,Senior,Senior_Career,Senior
6371,36.0,Male,Bachelor,Junior Sales Representative,3.0,45000.0,Australia,Asian,Junior,Mid_Career,Junior
6372,48.0,Female,PhD,Director Of Marketing,19.0,190000.0,China,White,Senior,Senior_Career,Senior
6373,31.0,Male,High School,Sales Associate,3.0,50000.0,Australia,Asian,Junior,Early_Career,Junior
6374,29.0,Female,Bachelor,Financial Manager,4.0,55000.0,UK,Mixed,Junior,Early_Career,Senior
6375,45.0,Male,Master,Marketing Manager,13.0,130000.0,UK,Asian,Senior,Mid_Career,Senior
6376,25.0,Female,High School,Sales Executive,1.0,35000.0,USA,African American,Entry,Young,Junior
6377,41.0,Male,Bachelor,Content Marketing Manager,12.0,120000.0,China,Korean,Senior,Mid_Career,Senior
6378,35.0,Female,PhD,Senior Product Marketing Manager,9.0,95000.0,China,White,Mid,Early_Career,Senior
6379,23.0,Male,Bachelor,Sales Representative,1.0,35000.0,Australia,Australian,Entry,Young,Junior
6380,42.0,Female,Master,Digital Marketing Manager,14.0,140000.0,UK,Asian,Senior,Mid_Career,Senior
6381,26.0,Male,High School,Sales Manager,2.0,40000.0,China,Korean,Entry,Early_Career,Senior
6382,32.0,Female,Bachelor,Director Of Marketing,8.0,80000.0,Australia,Australian,Mid,Early_Career,Senior
6383,27.0,Male,PhD,Marketing Manager,4.0,55000.0,Australia,Asian,Junior,Early_Career,Senior
6384,50.0,Female,Master,Content Marketing Manager,19.0,190000.0,China,White,Senior,Senior_Career,Senior
6385,36.0,Male,Bachelor,Sales Director,6.0,75000.0,Canada,White,Mid,Mid_Career,Senior
6386,48.0,Female,PhD,Senior Product Marketing Manager,17.0,170000.0,China,Korean,Senior,Senior_Career,Senior
6387,31.0,Male,High School,Sales Associate,3.0,50000.0,China,Chinese,Junior,Early_Career,Junior
6388,29.0,Female,Bachelor,Financial Manager,4.0,55000.0,Australia,White,Junior,Early_Career,Senior
6389,45.0,Male,Master,Marketing Manager,13.0,130000.0,Canada,White,Senior,Mid_Career,Senior
6390,25.0,Female,High School,Sales Executive,1.0,35000.0,China,Chinese,Entry,Young,Junior
6391,41.0,Male,Bachelor,Content Marketing Manager,12.0,120000.0,Canada,Asian,Senior,Mid_Career,Senior
6392,35.0,Female,PhD,Senior Product Marketing Manager,9.0,95000.0,USA,White,Mid,Early_Career,Senior
6393,23.0,Male,Bachelor,Sales Representative,1.0,35000.0,China,Chinese,Entry,Young,Junior
6394,42.0,Female,Master,Digital Marketing Manager,14.0,140000.0,China,White,Senior,Mid_Career,Senior
6395,26.0,Male,High School,Sales Manager,2.0,40000.0,Canada,Asian,Entry,Early_Career,Senior
6396,32.0,Female,Bachelor,Director Of Marketing,8.0,80000.0,UK,Asian,Mid,Early_Career,Senior
6397,27.0,Male,PhD,Marketing Manager,4.0,55000.0,China,Chinese,Junior,Early_Career,Senior
6398,50.0,Female,Master,Content Marketing Manager,19.0,190000.0,Canada,Black,Senior,Senior_Career,Senior
6399,36.0,Male,Bachelor,Sales Director,6.0,75000.0,China,Chinese,Mid,Mid_Career,Senior
6400,48.0,Female,PhD,Senior Product Marketing Manager,17.0,170000.0,China,White,Senior,Senior_Career,Senior
6401,31.0,Male,High School,Sales Associate,3.0,50000.0,Canada,White,Junior,Early_Career,Junior
6402,29.0,Female,Bachelor,Financial Manager,4.0,55000.0,USA,Hispanic,Junior,Early_Career,Senior
6403,45.0,Male,Master,Marketing Manager,13.0,130000.0,USA,Hispanic,Senior,Mid_Career,Senior
6404,25.0,Female,High School,Sales Executive,1.0,35000.0,Canada,Asian,Entry,Young,Junior
6405,41.0,Male,Bachelor,Content Marketing Manager,12.0,120000.0,China,Chinese,Senior,Mid_Career,Senior
6406,35.0,Female,PhD,Senior Product Marketing Manager,9.0,95000.0,Canada,Black,Mid,Early_Career,Senior
6407,23.0,Male,Bachelor,Sales Representative,1.0,35000.0,USA,White,Entry,Young,Junior
6408,42.0,Female,Master,Digital Marketing Manager,14.0,140000.0,USA,Hispanic,Senior,Mid_Career,Senior
6409,26.0,Male,High School,Sales Manager,2.0,40000.0,China,Korean,Entry,Early_Career,Senior
6410,32.0,Female,Bachelor,Director Of Marketing,8.0,80000.0,Canada,Asian,Mid,Early_Career,Senior
6411,27.0,Male,PhD,Marketing Manager,4.0,55000.0,USA,African American,Junior,Early_Career,Senior
6412,50.0,Female,Master,Content Marketing Manager,19.0,190000.0,UK,Welsh,Senior,Senior_Career,Senior
6413,36.0,Male,Bachelor,Sales Director,6.0,75000.0,USA,White,Mid,Mid_Career,Senior
6414,48.0,Female,PhD,Senior Product Marketing Manager,17.0,170000.0,Australia,White,Senior,Senior_Career,Senior
6415,31.0,Male,High School,Sales Associate,3.0,50000.0,UK,Asian,Junior,Early_Career,Junior
6416,29.0,Female,Bachelor,Financial Manager,4.0,55000.0,UK,White,Junior,Early_Career,Senior
6417,45.0,Male,Master,Marketing Manager,13.0,130000.0,Canada,Asian,Senior,Mid_Career,Senior
6418,25.0,Female,High School,Sales Executive,1.0,35000.0,Australia,Australian,Entry,Young,Junior
6419,41.0,Male,Bachelor,Content Marketing Manager,12.0,120000.0,USA,African American,Senior,Mid_Career,Senior
6420,35.0,Female,PhD,Senior Product Marketing Manager,9.0,95000.0,Canada,Asian,Mid,Early_Career,Senior
6421,23.0,Male,Bachelor,Sales Representative,1.0,35000.0,USA,White,Entry,Young,Junior
6422,42.0,Female,Master,Digital Marketing Manager,14.0,140000.0,Canada,White,Senior,Mid_Career,Senior
6423,26.0,Male,High School,Sales Manager,2.0,40000.0,China,Korean,Entry,Early_Career,Senior
6424,32.0,Female,Bachelor,Director Of Marketing,8.0,80000.0,UK,Mixed,Mid,Early_Career,Senior
6425,27.0,Male,PhD,Marketing Manager,4.0,55000.0,UK,Mixed,Junior,Early_Career,Senior
6426,50.0,Female,Master,Content Marketing Manager,19.0,190000.0,Canada,Asian,Senior,Senior_Career,Senior
6427,36.0,Male,Bachelor,Sales Director,6.0,75000.0,China,White,Mid,Mid_Career,Senior
6428,48.0,Female,PhD,Senior Product Marketing Manager,17.0,170000.0,Canada,Black,Senior,Senior_Career,Senior
6429,31.0,Male,High School,Sales Associate,3.0,50000.0,Australia,Asian,Junior,Early_Career,Junior
6430,29.0,Female,Bachelor,Financial Manager,4.0,55000.0,UK,Asian,Junior,Early_Career,Senior
6431,45.0,Male,Master,Marketing Manager,13.0,130000.0,Canada,Black,Senior,Mid_Career,Senior
6432,25.0,Female,High School,Sales Executive,1.0,35000.0,Canada,Asian,Entry,Young,Junior
6433,41.0,Male,Bachelor,Content Marketing Manager,12.0,120000.0,Canada,Black,Senior,Mid_Career,Senior
6434,35.0,Female,PhD,Senior Product Marketing Manager,9.0,95000.0,UK,White,Mid,Early_Career,Senior
6435,23.0,Male,Bachelor,Sales Representative,1.0,35000.0,Australia,Asian,Entry,Young,Junior
6436,42.0,Female,Master,Digital Marketing Manager,14.0,140000.0,Australia,White,Senior,Mid_Career,Senior
6437,26.0,Male,High School,Sales Manager,2.0,40000.0,Australia,Australian,Entry,Early_Career,Senior
6438,32.0,Female,Bachelor,Director Of Marketing,8.0,80000.0,USA,Hispanic,Mid,Early_Career,Senior
6439,27.0,Male,PhD,Marketing Manager,4.0,55000.0,Canada,Asian,Junior,Early_Career,Senior
6440,50.0,Female,Master,Content Marketing Manager,19.0,190000.0,UK,Welsh,Senior,Senior_Career,Senior
6441,36.0,Male,Bachelor,Sales Director,6.0,75000.0,USA,Hispanic,Mid,Mid_Career,Senior
6442,48.0,Female,PhD,Senior Product Marketing Manager,17.0,170000.0,Canada,Asian,Senior,Senior_Career,Senior
6443,31.0,Male,High School,Sales Associate,3.0,50000.0,Australia,Australian,Junior,Early_Career,Junior
6444,29.0,Female,Bachelor,Financial Manager,4.0,55000.0,UK,Mixed,Junior,Early_Career,Senior
6445,45.0,Male,Master,Marketing Manager,13.0,130000.0,Australia,Australian,Senior,Mid_Career,Senior
6446,25.0,Female,High School,Sales Executive,1.0,35000.0,UK,White,Entry,Young,Junior
6447,41.0,Male,Bachelor,Content Marketing Manager,12.0,120000.0,UK,Mixed,Senior,Mid_Career,Senior
6448,35.0,Female,PhD,Senior Product Marketing Manager,9.0,95000.0,UK,Welsh,Mid,Early_Career,Senior
6449,23.0,Male,Bachelor,Sales Representative,1.0,35000.0,UK,White,Entry,Young,Junior
6450,42.0,Female,Master,Digital Marketing Manager,14.0,140000.0,USA,Asian,Senior,Mid_Career,Senior
6451,26.0,Male,High School,Sales Manager,2.0,40000.0,USA,White,Entry,Early_Career,Senior
6452,32.0,Female,Bachelor,Director Of Marketing,8.0,80000.0,USA,Hispanic,Mid,Early_Career,Senior
6453,27.0,Male,PhD,Marketing Manager,4.0,55000.0,UK,Asian,Junior,Early_Career,Senior
6454,50.0,Female,Master,Content Marketing Manager,19.0,190000.0,Australia,White,Senior,Senior_Career,Senior
6455,36.0,Male,Bachelor,Sales Director,6.0,115000.0,Canada,White,Mid,Mid_Career,Senior
6456,37.0,Male,Master,Marketing Manager,11.0,110000.0,Australia,Australian,Senior,Mid_Career,Senior
6457,26.0,Female,Bachelor,Sales Representative,2.0,40000.0,USA,African American,Entry,Early_Career,Junior
6458,42.0,Male,PhD,Content Marketing Manager,15.0,150000.0,China,White,Senior,Mid_Career,Senior
6459,33.0,Female,High School,Sales Executive,4.0,55000.0,Australia,White,Junior,Early_Career,Junior
6460,29.0,Male,Bachelor,Sales Manager,5.0,70000.0,China,Korean,Junior,Early_Career,Senior
6461,45.0,Female,Master,Director Of Marketing,16.0,160000.0,USA,African American,Senior,Mid_Career,Senior
6462,24.0,Male,High School,Sales Associate,1.0,35000.0,Australia,Australian,Entry,Young,Junior
6463,39.0,Female,Bachelor,Financial Manager,10.0,100000.0,Australia,Australian,Mid,Mid_Career,Senior
6464,31.0,Male,PhD,Senior Product Marketing Manager,7.0,90000.0,China,Korean,Mid,Early_Career,Senior
6465,27.0,Female,Master,Digital Marketing Manager,3.0,50000.0,Australia,Asian,Junior,Early_Career,Senior
6466,43.0,Male,Bachelor,Content Marketing Manager,14.0,140000.0,China,White,Senior,Mid_Career,Senior
6467,28.0,Female,High School,Sales Representative,2.0,40000.0,China,White,Entry,Early_Career,Junior
6468,50.0,Male,PhD,Marketing Manager,18.0,180000.0,Canada,Black,Senior,Senior_Career,Senior
6469,35.0,Female,Bachelor,Sales Executive,7.0,90000.0,USA,African American,Mid,Early_Career,Junior
6470,23.0,Male,Bachelor,Sales Manager,1.0,35000.0,Australia,White,Entry,Young,Senior
6471,41.0,Female,Master,Director Of Marketing,12.0,120000.0,China,Korean,Senior,Mid_Career,Senior
6472,26.0,Male,High School,Financial Manager,3.0,45000.0,China,Korean,Junior,Early_Career,Senior
6473,32.0,Female,Bachelor,Sales Director,8.0,80000.0,Australia,Australian,Mid,Early_Career,Senior
6474,27.0,Male,PhD,Marketing Manager,4.0,55000.0,Canada,White,Junior,Early_Career,Senior
6475,50.0,Female,Master,Content Marketing Manager,18.0,180000.0,Australia,Australian,Senior,Senior_Career,Senior
6476,36.0,Male,Bachelor,Sales Representative,6.0,75000.0,Australia,Asian,Mid,Mid_Career,Junior
6477,48.0,Female,PhD,Senior Product Marketing Manager,19.0,190000.0,China,Chinese,Senior,Senior_Career,Senior
6478,31.0,Male,High School,Junior Sales Representative,3.0,40000.0,Australia,White,Junior,Early_Career,Junior
6479,29.0,Female,Bachelor,Sales Director,5.0,70000.0,China,Chinese,Junior,Early_Career,Senior
6480,45.0,Male,Master,Director Of Marketing,15.0,150000.0,USA,Hispanic,Senior,Mid_Career,Senior
6481,25.0,Female,High School,Sales Associate,1.0,35000.0,Australia,Australian,Entry,Young,Junior
6482,41.0,Male,Bachelor,Financial Manager,12.0,120000.0,Australia,White,Senior,Mid_Career,Senior
6483,35.0,Female,PhD,Marketing Manager,8.0,80000.0,Canada,Asian,Mid,Early_Career,Senior
6484,23.0,Male,Bachelor,Sales Executive,1.0,35000.0,China,White,Entry,Young,Junior
6485,42.0,Female,Master,Sales Manager,13.0,130000.0,Canada,Black,Senior,Mid_Career,Senior
6486,26.0,Male,High School,Digital Marketing Manager,2.0,40000.0,Canada,Asian,Entry,Early_Career,Senior
6487,32.0,Female,Bachelor,Content Marketing Manager,7.0,90000.0,China,White,Mid,Early_Career,Senior
6488,27.0,Male,PhD,Sales Representative,4.0,55000.0,Canada,Black,Junior,Early_Career,Junior
6489,50.0,Female,Master,Senior Product Marketing Manager,18.0,180000.0,UK,Welsh,Senior,Senior_Career,Senior
6490,36.0,Male,Bachelor,Junior Sales Representative,3.0,45000.0,Australia,Australian,Junior,Mid_Career,Junior
6491,48.0,Female,PhD,Director Of Marketing,19.0,190000.0,Canada,Asian,Senior,Senior_Career,Senior
6492,31.0,Male,High School,Sales Associate,3.0,50000.0,Australia,White,Junior,Early_Career,Junior
6493,29.0,Female,Bachelor,Financial Manager,4.0,55000.0,USA,White,Junior,Early_Career,Senior
6494,45.0,Male,Master,Marketing Manager,13.0,130000.0,USA,African American,Senior,Mid_Career,Senior
6495,25.0,Female,High School,Sales Executive,1.0,35000.0,USA,Hispanic,Entry,Young,Junior
6496,41.0,Male,Bachelor,Content Marketing Manager,12.0,120000.0,Canada,White,Senior,Mid_Career,Senior
6497,35.0,Female,PhD,Senior Product Marketing Manager,9.0,95000.0,China,Chinese,Mid,Early_Career,Senior
6498,23.0,Male,Bachelor,Sales Representative,1.0,35000.0,Australia,Asian,Entry,Young,Junior
6499,42.0,Female,Master,Digital Marketing Manager,14.0,140000.0,USA,African American,Senior,Mid_Career,Senior
6500,26.0,Male,High School,Sales Manager,2.0,40000.0,Australia,Australian,Entry,Early_Career,Senior
6501,32.0,Female,Bachelor,Director Of Marketing,8.0,80000.0,UK,Mixed,Mid,Early_Career,Senior
6502,27.0,Male,PhD,Marketing Manager,4.0,55000.0,Canada,White,Junior,Early_Career,Senior
6503,50.0,Female,Master,Content Marketing Manager,19.0,190000.0,China,Chinese,Senior,Senior_Career,Senior
6504,36.0,Male,Bachelor,Sales Director,6.0,75000.0,Canada,White,Mid,Mid_Career,Senior
6505,48.0,Female,PhD,Senior Product Marketing Manager,17.0,170000.0,China,Chinese,Senior,Senior_Career,Senior
6506,31.0,Male,High School,Sales Associate,3.0,50000.0,Australia,White,Junior,Early_Career,Junior
6507,29.0,Female,Bachelor,Financial Manager,4.0,55000.0,USA,African American,Junior,Early_Career,Senior
6508,45.0,Male,Master,Marketing Manager,13.0,130000.0,Australia,Australian,Senior,Mid_Career,Senior
6509,25.0,Female,High School,Sales Executive,1.0,35000.0,Australia,Asian,Entry,Young,Junior
6510,41.0,Male,Bachelor,Content Marketing Manager,12.0,120000.0,USA,African American,Senior,Mid_Career,Senior
6511,35.0,Female,PhD,Senior Product Marketing Manager,9.0,95000.0,USA,Hispanic,Mid,Early_Career,Senior
6512,23.0,Male,Bachelor,Sales Representative,1.0,35000.0,USA,Hispanic,Entry,Young,Junior
6513,42.0,Female,Master,Digital Marketing Manager,14.0,140000.0,USA,African American,Senior,Mid_Career,Senior
6514,26.0,Male,High School,Sales Manager,2.0,40000.0,UK,Welsh,Entry,Early_Career,Senior
6515,32.0,Female,Bachelor,Director Of Marketing,8.0,80000.0,China,Chinese,Mid,Early_Career,Senior
6516,27.0,Male,PhD,Marketing Manager,4.0,55000.0,UK,Welsh,Junior,Early_Career,Senior
6517,50.0,Female,Master,Content Marketing Manager,19.0,190000.0,USA,White,Senior,Senior_Career,Senior
6518,36.0,Male,Bachelor,Sales Director,6.0,75000.0,UK,Welsh,Mid,Mid_Career,Senior
6519,48.0,Female,PhD,Senior Product Marketing Manager,17.0,170000.0,Australia,Australian,Senior,Senior_Career,Senior
6520,31.0,Male,High School,Sales Associate,3.0,50000.0,Canada,Asian,Junior,Early_Career,Junior
6521,29.0,Female,Bachelor,Financial Manager,4.0,55000.0,China,Korean,Junior,Early_Career,Senior
6522,45.0,Male,Master,Marketing Manager,13.0,130000.0,Canada,Asian,Senior,Mid_Career,Senior
6523,25.0,Female,High School,Sales Executive,1.0,35000.0,UK,Mixed,Entry,Young,Junior
6524,41.0,Male,Bachelor,Content Marketing Manager,12.0,120000.0,Canada,Black,Senior,Mid_Career,Senior
6525,35.0,Female,PhD,Senior Product Marketing Manager,9.0,95000.0,Australia,White,Mid,Early_Career,Senior
6526,23.0,Male,Bachelor,Sales Representative,1.0,35000.0,USA,African American,Entry,Young,Junior
6527,42.0,Female,Master,Digital Marketing Manager,14.0,140000.0,China,White,Senior,Mid_Career,Senior
6528,26.0,Male,High School,Sales Manager,2.0,40000.0,China,Chinese,Entry,Early_Career,Senior
6529,32.0,Female,Bachelor,Director Of Marketing,8.0,80000.0,Canada,White,Mid,Early_Career,Senior
6530,27.0,Male,PhD,Marketing Manager,4.0,55000.0,Australia,White,Junior,Early_Career,Senior
6531,50.0,Female,Master,Content Marketing Manager,19.0,190000.0,Canada,White,Senior,Senior_Career,Senior
6532,36.0,Male,Bachelor,Sales Director,6.0,75000.0,Australia,White,Mid,Mid_Career,Senior
6533,48.0,Female,PhD,Senior Product Marketing Manager,17.0,170000.0,Canada,White,Senior,Senior_Career,Senior
6534,31.0,Male,High School,Sales Associate,3.0,50000.0,UK,White,Junior,Early_Career,Junior
6535,29.0,Female,Bachelor,Financial Manager,4.0,55000.0,Australia,Asian,Junior,Early_Career,Senior
6536,45.0,Male,Master,Marketing Manager,13.0,130000.0,USA,White,Senior,Mid_Career,Senior
6537,25.0,Female,High School,Sales Executive,1.0,35000.0,UK,Mixed,Entry,Young,Junior
6538,41.0,Male,Bachelor,Content Marketing Manager,12.0,120000.0,UK,Welsh,Senior,Mid_Career,Senior
6539,35.0,Female,PhD,Senior Product Marketing Manager,9.0,95000.0,China,Korean,Mid,Early_Career,Senior
6540,23.0,Male,Bachelor,Sales Representative,1.0,35000.0,UK,Mixed,Entry,Young,Junior
6541,42.0,Female,Master,Digital Marketing Manager,14.0,140000.0,Australia,White,Senior,Mid_Career,Senior
6542,26.0,Male,High School,Sales Manager,2.0,40000.0,China,White,Entry,Early_Career,Senior
6543,32.0,Female,Bachelor,Director Of Marketing,8.0,80000.0,Canada,Asian,Mid,Early_Career,Senior
6544,27.0,Male,PhD,Marketing Manager,4.0,55000.0,China,Korean,Junior,Early_Career,Senior
6545,50.0,Female,Master,Content Marketing Manager,19.0,190000.0,Canada,White,Senior,Senior_Career,Senior
6546,36.0,Male,Bachelor,Sales Director,6.0,75000.0,Australia,White,Mid,Mid_Career,Senior
6547,48.0,Female,PhD,Senior Product Marketing Manager,17.0,170000.0,USA,African American,Senior,Senior_Career,Senior
6548,31.0,Male,High School,Sales Associate,3.0,50000.0,China,White,Junior,Early_Career,Junior
6549,29.0,Female,Bachelor,Financial Manager,4.0,55000.0,China,Chinese,Junior,Early_Career,Senior
6550,45.0,Male,Master,Marketing Manager,13.0,130000.0,Canada,White,Senior,Mid_Career,Senior
6551,25.0,Female,High School,Sales Executive,1.0,35000.0,Canada,Black,Entry,Young,Junior
6552,41.0,Male,Bachelor,Content Marketing Manager,12.0,120000.0,USA,White,Senior,Mid_Career,Senior
6553,35.0,Female,PhD,Senior Product Marketing Manager,9.0,95000.0,USA,White,Mid,Early_Career,Senior
6554,23.0,Male,Bachelor,Sales Representative,1.0,35000.0,Canada,Black,Entry,Young,Junior
6555,42.0,Female,Master,Digital Marketing Manager,14.0,140000.0,China,White,Senior,Mid_Career,Senior
6556,26.0,Male,High School,Sales Manager,2.0,40000.0,China,Korean,Entry,Early_Career,Senior
6557,32.0,Female,Bachelor,Director Of Marketing,8.0,80000.0,Australia,Australian,Mid,Early_Career,Senior
6558,27.0,Male,PhD,Marketing Manager,4.0,55000.0,USA,Hispanic,Junior,Early_Career,Senior
6559,50.0,Female,Master,Content Marketing Manager,19.0,190000.0,China,Chinese,Senior,Senior_Career,Senior
6560,36.0,Male,Bachelor,Sales Director,6.0,75000.0,USA,Asian,Mid,Mid_Career,Senior
6561,48.0,Female,PhD,Senior Product Marketing Manager,17.0,170000.0,UK,White,Senior,Senior_Career,Senior
6562,31.0,Male,High School,Sales Associate,3.0,50000.0,USA,White,Junior,Early_Career,Junior
6563,29.0,Female,Bachelor,Financial Manager,4.0,55000.0,Canada,Black,Junior,Early_Career,Senior
6564,45.0,Male,Master,Marketing Manager,13.0,130000.0,China,Korean,Senior,Mid_Career,Senior
6565,25.0,Female,High School,Sales Executive,1.0,35000.0,UK,Welsh,Entry,Young,Junior
6566,41.0,Male,Bachelor,Content Marketing Manager,12.0,120000.0,Canada,Black,Senior,Mid_Career,Senior
6567,35.0,Female,PhD,Senior Product Marketing Manager,9.0,95000.0,UK,Asian,Mid,Early_Career,Senior
6568,23.0,Male,Bachelor,Sales Representative,1.0,35000.0,Australia,Australian,Entry,Young,Junior
6569,42.0,Female,Master,Digital Marketing Manager,14.0,140000.0,UK,Mixed,Senior,Mid_Career,Senior
6570,26.0,Male,High School,Sales Manager,2.0,40000.0,USA,African American,Entry,Early_Career,Senior
6571,32.0,Female,Bachelor,Director Of Marketing,8.0,80000.0,Australia,White,Mid,Early_Career,Senior
6572,27.0,Male,PhD,Marketing Manager,4.0,55000.0,Canada,Asian,Junior,Early_Career,Senior
6573,50.0,Female,Master,Content Marketing Manager,19.0,190000.0,China,White,Senior,Senior_Career,Senior
6574,36.0,Male,Bachelor,Sales Director,6.0,75000.0,Australia,Australian,Mid,Mid_Career,Senior
6575,48.0,Female,PhD,Senior Product Marketing Manager,17.0,170000.0,China,Chinese,Senior,Senior_Career,Senior
6576,31.0,Male,High School,Sales Associate,3.0,50000.0,China,Chinese,Junior,Early_Career,Junior
6577,29.0,Female,Bachelor,Financial Manager,4.0,55000.0,Canada,Black,Junior,Early_Career,Senior
6578,45.0,Male,Master,Marketing Manager,13.0,130000.0,China,Korean,Senior,Mid_Career,Senior
6579,25.0,Female,High School,Sales Executive,1.0,35000.0,Australia,White,Entry,Young,Junior
6580,38.0,Male,Master,Marketing Manager,12.0,120000.0,UK,White,Senior,Mid_Career,Senior
6581,27.0,Female,Bachelor,Sales Representative,3.0,45000.0,Canada,White,Junior,Early_Career,Junior
6582,43.0,Male,PhD,Content Marketing Manager,16.0,160000.0,China,Chinese,Senior,Mid_Career,Senior
6583,34.0,Female,High School,Sales Executive,5.0,70000.0,UK,Welsh,Junior,Early_Career,Junior
6584,30.0,Male,Bachelor,Sales Manager,6.0,75000.0,China,Chinese,Mid,Early_Career,Senior
6585,46.0,Female,Master,Director Of Marketing,17.0,170000.0,USA,Hispanic,Senior,Senior_Career,Senior
6586,25.0,Male,High School,Sales Associate,1.0,35000.0,Australia,Australian,Entry,Young,Junior
6587,40.0,Female,Bachelor,Financial Manager,11.0,110000.0,USA,African American,Senior,Mid_Career,Senior
6588,32.0,Male,PhD,Senior Product Marketing Manager,8.0,80000.0,UK,Welsh,Mid,Early_Career,Senior
6589,28.0,Female,Master,Digital Marketing Manager,4.0,55000.0,Canada,Asian,Junior,Early_Career,Senior
6590,44.0,Male,Bachelor,Content Marketing Manager,15.0,150000.0,Canada,Asian,Senior,Mid_Career,Senior
6591,29.0,Female,High School,Sales Representative,2.0,40000.0,UK,Mixed,Entry,Early_Career,Junior
6592,51.0,Male,PhD,Marketing Manager,19.0,190000.0,Canada,White,Senior,Senior_Career,Senior
6593,36.0,Female,Bachelor,Sales Executive,8.0,80000.0,USA,African American,Mid,Mid_Career,Junior
6594,24.0,Male,Bachelor,Sales Manager,1.0,35000.0,Australia,Asian,Entry,Young,Senior
6595,42.0,Female,Master,Director Of Marketing,13.0,130000.0,UK,Asian,Senior,Mid_Career,Senior
6596,27.0,Male,High School,Financial Manager,3.0,45000.0,China,Chinese,Junior,Early_Career,Senior
6597,33.0,Female,Bachelor,Sales Director,7.0,90000.0,USA,Asian,Mid,Early_Career,Senior
6598,28.0,Male,PhD,Marketing Manager,4.0,55000.0,Canada,White,Junior,Early_Career,Senior
6599,51.0,Female,Master,Content Marketing Manager,19.0,190000.0,UK,White,Senior,Senior_Career,Senior
6600,37.0,Male,Bachelor,Sales Representative,7.0,90000.0,China,Korean,Mid,Mid_Career,Junior
6601,49.0,Female,PhD,Senior Product Marketing Manager,20.0,200000.0,UK,White,Senior,Senior_Career,Senior
6602,32.0,Male,High School,Junior Sales Representative,3.0,40000.0,Canada,Asian,Junior,Early_Career,Junior
6603,30.0,Female,Bachelor,Sales Director,5.0,70000.0,Canada,Black,Junior,Early_Career,Senior
6604,46.0,Male,Master,Director Of Marketing,16.0,160000.0,Australia,Asian,Senior,Senior_Career,Senior
6605,26.0,Female,High School,Sales Associate,1.0,35000.0,USA,White,Entry,Early_Career,Junior
6606,42.0,Male,Bachelor,Financial Manager,13.0,130000.0,China,Chinese,Senior,Mid_Career,Senior
6607,36.0,Female,PhD,Marketing Manager,9.0,95000.0,Australia,White,Mid,Mid_Career,Senior
6608,24.0,Male,Bachelor,Sales Executive,1.0,35000.0,Canada,Asian,Entry,Young,Junior
6609,43.0,Female,Master,Sales Manager,14.0,140000.0,UK,White,Senior,Mid_Career,Senior
6610,27.0,Male,High School,Digital Marketing Manager,2.0,40000.0,USA,White,Entry,Early_Career,Senior
6611,33.0,Female,Bachelor,Content Marketing Manager,7.0,90000.0,USA,Hispanic,Mid,Early_Career,Senior
6612,28.0,Male,PhD,Sales Representative,4.0,55000.0,Australia,Asian,Junior,Early_Career,Junior
6613,51.0,Female,Master,Senior Product Marketing Manager,19.0,190000.0,China,Chinese,Senior,Senior_Career,Senior
6614,37.0,Male,Bachelor,Junior Sales Representative,6.0,75000.0,USA,White,Mid,Mid_Career,Junior
6615,49.0,Female,PhD,Director Of Marketing,20.0,200000.0,Australia,Asian,Senior,Senior_Career,Senior
6616,32.0,Male,High School,Sales Associate,3.0,50000.0,USA,Asian,Junior,Early_Career,Junior
6617,30.0,Female,Bachelor,Financial Manager,4.0,55000.0,UK,Mixed,Junior,Early_Career,Senior
6618,46.0,Male,Master,Marketing Manager,14.0,140000.0,USA,Asian,Senior,Senior_Career,Senior
6619,26.0,Female,High School,Sales Executive,1.0,35000.0,Australia,Australian,Entry,Early_Career,Junior
6620,42.0,Male,Bachelor,Content Marketing Manager,13.0,130000.0,Australia,Asian,Senior,Mid_Career,Senior
6621,36.0,Female,PhD,Senior Product Marketing Manager,10.0,100000.0,USA,Asian,Mid,Mid_Career,Senior
6622,24.0,Male,Bachelor,Sales Representative,1.0,35000.0,Australia,White,Entry,Young,Junior
6623,43.0,Female,Master,Digital Marketing Manager,15.0,150000.0,UK,Mixed,Senior,Mid_Career,Senior
6624,27.0,Male,High School,Sales Manager,2.0,40000.0,USA,Asian,Entry,Early_Career,Senior
6625,33.0,Female,Bachelor,Director Of Marketing,8.0,80000.0,Australia,Australian,Mid,Early_Career,Senior
6626,28.0,Male,PhD,Marketing Manager,4.0,55000.0,Australia,Asian,Junior,Early_Career,Senior
6627,51.0,Female,Master,Content Marketing Manager,19.0,190000.0,UK,White,Senior,Senior_Career,Senior
6628,37.0,Male,Bachelor,Sales Director,7.0,90000.0,China,Chinese,Mid,Mid_Career,Senior
6629,49.0,Female,PhD,Senior Product Marketing Manager,20.0,200000.0,Canada,Black,Senior,Senior_Career,Senior
6630,32.0,Male,High School,Junior Sales Representative,3.0,40000.0,UK,Mixed,Junior,Early_Career,Junior
6631,30.0,Female,Bachelor,Sales Manager,5.0,70000.0,Australia,White,Junior,Early_Career,Senior
6632,46.0,Male,Master,Director Of Marketing,16.0,160000.0,UK,Mixed,Senior,Senior_Career,Senior
6633,26.0,Female,High School,Sales Associate,1.0,35000.0,Australia,Australian,Entry,Early_Career,Junior
6634,42.0,Male,Bachelor,Financial Manager,13.0,130000.0,USA,Asian,Senior,Mid_Career,Senior
6635,36.0,Female,PhD,Marketing Manager,9.0,95000.0,USA,African American,Mid,Mid_Career,Senior
6636,24.0,Male,Bachelor,Sales Executive,1.0,35000.0,UK,Asian,Entry,Young,Junior
6637,43.0,Female,Master,Sales Manager,14.0,140000.0,Australia,White,Senior,Mid_Career,Senior
6638,27.0,Male,High School,Digital Marketing Manager,2.0,40000.0,USA,African American,Entry,Early_Career,Senior
6639,33.0,Female,Bachelor,Content Marketing Manager,7.0,90000.0,UK,White,Mid,Early_Career,Senior
6640,28.0,Male,PhD,Sales Representative,4.0,55000.0,UK,Welsh,Junior,Early_Career,Junior
6641,51.0,Female,Master,Senior Product Marketing Manager,19.0,190000.0,Australia,White,Senior,Senior_Career,Senior
6642,37.0,Male,Bachelor,Junior Sales Representative,6.0,75000.0,Australia,Australian,Mid,Mid_Career,Junior
6643,49.0,Female,PhD,Director Of Marketing,20.0,200000.0,Canada,Black,Senior,Senior_Career,Senior
6644,32.0,Male,High School,Sales Associate,3.0,50000.0,UK,Mixed,Junior,Early_Career,Junior
6645,30.0,Female,Bachelor,Financial Manager,4.0,55000.0,China,Korean,Junior,Early_Career,Senior
6646,46.0,Male,Master,Marketing Manager,14.0,140000.0,UK,Asian,Senior,Senior_Career,Senior
6647,26.0,Female,High School,Sales Executive,1.0,35000.0,Canada,Black,Entry,Early_Career,Junior
6648,42.0,Male,Bachelor,Content Marketing Manager,13.0,130000.0,Canada,Asian,Senior,Mid_Career,Senior
6649,36.0,Female,PhD,Senior Product Marketing Manager,10.0,100000.0,UK,Welsh,Mid,Mid_Career,Senior
6650,24.0,Male,Bachelor,Sales Representative,1.0,35000.0,Canada,Asian,Entry,Young,Junior
6651,43.0,Female,Master,Digital Marketing Manager,15.0,150000.0,Canada,White,Senior,Mid_Career,Senior
6652,27.0,Male,High School,Sales Manager,2.0,40000.0,Canada,Black,Entry,Early_Career,Senior
6653,33.0,Female,Bachelor,Director Of Marketing,8.0,80000.0,Canada,Black,Mid,Early_Career,Senior
6654,28.0,Male,PhD,Marketing Manager,4.0,55000.0,USA,Hispanic,Junior,Early_Career,Senior
6655,51.0,Female,Master,Content Marketing Manager,19.0,190000.0,Canada,Asian,Senior,Senior_Career,Senior
6656,37.0,Male,Bachelor,Sales Director,7.0,90000.0,China,White,Mid,Mid_Career,Senior
6657,49.0,Female,PhD,Senior Product Marketing Manager,20.0,200000.0,UK,Welsh,Senior,Senior_Career,Senior
6658,32.0,Male,High School,Junior Sales Representative,3.0,40000.0,USA,White,Junior,Early_Career,Junior
6659,30.0,Female,Bachelor,Sales Manager,5.0,70000.0,Canada,Asian,Junior,Early_Career,Senior
6660,46.0,Male,Master,Director Of Marketing,16.0,160000.0,Canada,White,Senior,Senior_Career,Senior
6661,26.0,Female,High School,Sales Associate,1.0,35000.0,USA,African American,Entry,Early_Career,Junior
6662,42.0,Male,Bachelor,Financial Manager,13.0,130000.0,USA,African American,Senior,Mid_Career,Senior
6663,36.0,Female,PhD,Marketing Manager,9.0,95000.0,USA,White,Mid,Mid_Career,Senior
6664,24.0,Male,Bachelor,Sales Executive,1.0,35000.0,Australia,Asian,Entry,Young,Junior
6665,43.0,Female,Master,Sales Manager,14.0,140000.0,Australia,Australian,Senior,Mid_Career,Senior
6666,27.0,Male,High School,Digital Marketing Manager,2.0,40000.0,China,Korean,Entry,Early_Career,Senior
6667,33.0,Female,Bachelor,Content Marketing Manager,7.0,90000.0,UK,Welsh,Mid,Early_Career,Senior
6668,28.0,Male,PhD,Sales Representative,4.0,55000.0,China,White,Junior,Early_Career,Junior
6669,51.0,Female,Master,Senior Product Marketing Manager,19.0,190000.0,UK,White,Senior,Senior_Career,Senior
6670,37.0,Male,Bachelor,Junior Sales Representative,6.0,75000.0,China,Korean,Mid,Mid_Career,Junior
6671,49.0,Female,PhD,Director Of Marketing,20.0,200000.0,Australia,Asian,Senior,Senior_Career,Senior
6672,32.0,Male,High School,Sales Associate,3.0,50000.0,UK,White,Junior,Early_Career,Junior
6673,30.0,Female,Bachelor,Financial Manager,4.0,55000.0,China,White,Junior,Early_Career,Senior
6674,46.0,Male,Master,Marketing Manager,14.0,140000.0,Australia,Asian,Senior,Senior_Career,Senior
6675,26.0,Female,High School,Sales Executive,1.0,35000.0,China,Chinese,Entry,Early_Career,Junior
6676,42.0,Male,Bachelor,Content Marketing Manager,13.0,130000.0,UK,Asian,Senior,Mid_Career,Senior
6677,36.0,Female,PhD,Senior Product Marketing Manager,10.0,100000.0,China,Korean,Mid,Mid_Career,Senior
6678,24.0,Male,Bachelor,Sales Representative,1.0,35000.0,UK,Asian,Entry,Young,Junior
6679,43.0,Female,Master,Digital Marketing Manager,15.0,150000.0,Australia,Australian,Senior,Mid_Career,Senior
6680,27.0,Male,High School,Sales Manager,2.0,40000.0,UK,White,Entry,Early_Career,Senior
6681,33.0,Female,Bachelor,Director Of Marketing,8.0,80000.0,USA,African American,Mid,Early_Career,Senior
6682,28.0,Male,PhD,Marketing Manager,4.0,55000.0,Canada,Asian,Junior,Early_Career,Senior
6683,51.0,Female,Master,Content Marketing Manager,19.0,190000.0,UK,White,Senior,Senior_Career,Senior
6684,37.0,Male,Bachelor,Sales Director,7.0,90000.0,China,Chinese,Mid,Mid_Career,Senior
6685,49.0,Female,PhD,Senior Product Marketing Manager,20.0,200000.0,China,White,Senior,Senior_Career,Senior
6686,32.0,Male,High School,Junior Sales Representative,3.0,40000.0,UK,Welsh,Junior,Early_Career,Junior
6687,30.0,Female,Bachelor,Sales Manager,5.0,70000.0,UK,Welsh,Junior,Early_Career,Senior
6688,46.0,Male,Master,Director Of Marketing,16.0,160000.0,China,Chinese,Senior,Senior_Career,Senior
6689,26.0,Female,High School,Sales Associate,1.0,35000.0,USA,Hispanic,Entry,Early_Career,Junior
6690,42.0,Male,Bachelor,Financial Manager,13.0,130000.0,Australia,Asian,Senior,Mid_Career,Senior
6691,36.0,Female,PhD,Marketing Manager,9.0,95000.0,China,Chinese,Mid,Mid_Career,Senior
6692,24.0,Male,Bachelor,Sales Executive,1.0,35000.0,Canada,Asian,Entry,Young,Junior
6693,43.0,Female,Master,Sales Manager,14.0,140000.0,Canada,Asian,Senior,Mid_Career,Senior
6694,27.0,Male,High School,Digital Marketing Manager,2.0,40000.0,Australia,Asian,Entry,Early_Career,Senior
6695,33.0,Female,Bachelor,Content Marketing Manager,7.0,90000.0,Australia,Australian,Mid,Early_Career,Senior
6696,28.0,Male,PhD,Sales Representative,4.0,55000.0,China,Korean,Junior,Early_Career,Junior
6697,51.0,Female,Master,Senior Product Marketing Manager,19.0,190000.0,UK,White,Senior,Senior_Career,Senior
6698,37.0,Male,Bachelor,Junior Sales Representative,6.0,75000.0,Canada,Asian,Mid,Mid_Career,Junior
6699,49.0,Female,PhD,Director Of Marketing,20.0,200000.0,UK,Mixed,Senior,Senior_Career,Senior
6700,32.0,Male,High School,Sales Associate,3.0,50000.0,Australia,Australian,Junior,Early_Career,Junior
6701,30.0,Female,Bachelor,Financial Manager,4.0,55000.0,China,Chinese,Junior,Early_Career,Senior
6702,46.0,Male,Master,Marketing Manager,14.0,140000.0,China,Korean,Senior,Senior_Career,Senior
6703,26.0,Female,High School,Sales Executive,1.0,35000.0,Canada,Black,Entry,Early_Career,Junior
